project_id,name,developer,district,city,handover,price_from,price_per_m2,status,url,listing_urls
prj553,Khu căn hộ An Hòa,Công ty CP Đầu tư Nam Long,Quận 7,TPHCM,2011,Từ 1 tỷ 575 triệu,21 - 27 triệu/m2,Cho thuê,https://mogi.vn/khu-can-ho-an-hoa-prj553,https://mogi.vn/ho-chi-minh/quan-7/thue-nha-dat/khu-can-ho-an-hoa-prj553
prj712,Khu Dân Cư An Thịnh,,Huyện Hóc Môn,TPHCM,,,,Cho thuê,https://mogi.vn/khu-dan-cu-an-thinh-prj712,https://mogi.vn/ho-chi-minh/huyen-hoc-mon/thue-nha-dat/khu-dan-cu-an-thinh-prj712
prj1160,Khu căn hộ Southern Park,Công ty Cổ Phần Quốc Cường Gia Lai,Huyện Bình Chánh,TPHCM,2016,Từ 714 triệu,14 triệu/m2,Đang bán,https://mogi.vn/southern-park-prj1160,https://mogi.vn/ho-chi-minh/huyen-binh-chanh/mua-nha-dat/southern-park-prj1160
prj1673,The Headquarters,Công ty TNHH BĐS Tinh Anh - Smartland,Huyện Nhà Bè,TPHCM,2013,,,Cho thuê,https://mogi.vn/the-headquarters-prj1673,https://mogi.vn/ho-chi-minh/huyen-nha-be/thue-nha-dat/the-headquarters-prj1673
prj1699,Khu Đô Thị Vạn Phúc,Tập đoàn Bất Động SẢn Vạn Phúc,Quận Thủ Đức (TP. Thủ Đức),TPHCM,,Từ 15 tỷ 725 triệu,185 - 340 triệu/m2,Cho thuê,https://mogi.vn/khu-do-thi-van-phuc-prj1699,https://mogi.vn/ho-chi-minh/quan-thu-duc/thue-nha-dat/khu-do-thi-van-phuc-prj1699
prj1843,KDC Làng Việt Kiều - Phong Phú 13E,Công Ty Cổ Phần Đầu Tư Kinh Doanh Nhà,Huyện Bình Chánh,TPHCM,2008,,,Đang bán; Cho thuê,https://mogi.vn/kdc-lang-viet-kieu-phong-phu-13e-prj1843,https://mogi.vn/ho-chi-minh/huyen-binh-chanh/mua-nha-dat/kdc-lang-viet-kieu-phong-phu-13e-prj1843; https://mogi.vn/ho-chi-minh/huyen-binh-chanh/thue-nha-dat/kdc-lang-viet-kieu-phong-phu-13e-prj1843
prj1845,Căn Hộ Cao Cấp Hoàng Tháp Plaza,CÔNG TY CỔ PHẦN ĐẦU TƯ HOÀNG THÁP,Huyện Bình Chánh,TPHCM,,,,Cho thuê,https://mogi.vn/can-ho-cao-cap-hoang-thap-plaza-prj1845,https://mogi.vn/ho-chi-minh/huyen-binh-chanh/thue-nha-dat/can-ho-cao-cap-hoang-thap-plaza-prj1845
prj1852,Chung Cư CONIC – Đông Nam Á,Công ty TNHH Đầu tư và Phát triển Lĩnh Phong Conic,Huyện Bình Chánh,TPHCM,2006,Từ 819 triệu,13 - 16 triệu/m2,Cho thuê,https://mogi.vn/chung-cu-conic-dong-nam-a-prj1852,https://mogi.vn/ho-chi-minh/huyen-binh-chanh/thue-nha-dat/chung-cu-conic-dong-nam-a-prj1852
prj1853,Chung Cư Conic Garden,Công ty TNHH Đầu tư và Phát triển Lĩnh Phong Conic,Huyện Bình Chánh,TPHCM,,Từ 576 triệu,12 - 13 triệu/m2,Cho thuê,https://mogi.vn/chung-cu-conic-garden-prj1853,https://mogi.vn/ho-chi-minh/huyen-binh-chanh/thue-nha-dat/chung-cu-conic-garden-prj1853
prj1854,Chung Cư Hồng Lĩnh Plaza,CÔNG TY CỔ PHẦN ĐẦU TƯ & XÂY DỰNG GIAO THÔNG HỒNG LĨNH,Huyện Bình Chánh,TPHCM,,Từ 1 tỷ 673 triệu,21 - 27 triệu/m2,Cho thuê,https://mogi.vn/chung-cu-hong-linh-plaza-prj1854,https://mogi.vn/ho-chi-minh/huyen-binh-chanh/thue-nha-dat/chung-cu-hong-linh-plaza-prj1854
prj1855,Chung cư Nguyễn Văn Cừ,,Huyện Bình Chánh,TPHCM,,,,Đang bán,https://mogi.vn/chung-cu-nguyen-van-cu-prj1855,https://mogi.vn/ho-chi-minh/huyen-binh-chanh/mua-nha-dat/chung-cu-nguyen-van-cu-prj1855
prj1857,Happy City,Tổng Công Ty Xây Dựng Số 1,Huyện Bình Chánh,TPHCM,2015,Từ 912 triệu,12 - 13 triệu/m2,Cho thuê,https://mogi.vn/happy-city-prj1857,https://mogi.vn/ho-chi-minh/huyen-binh-chanh/thue-nha-dat/happy-city-prj1857
prj1859,Investco Green City,Công ty CP Đầu tư & Phát triển Xây dựng Investco,Huyện Bình Chánh,TPHCM,2015,Từ 495 triệu,11 triệu/m2,Đang bán,https://mogi.vn/investco-green-city-prj1859,https://mogi.vn/ho-chi-minh/huyen-binh-chanh/mua-nha-dat/investco-green-city-prj1859
prj1864,KDC 13D Asia Phú Mỹ,,Huyện Bình Chánh,TPHCM,,,,Đang bán,https://mogi.vn/kdc-13d-cty-phu-my-prj1864,https://mogi.vn/ho-chi-minh/huyen-binh-chanh/mua-nha-dat/kdc-13d-cty-phu-my-prj1864
prj1875,Khu dân cư Him Lam (Khu B),,Huyện Bình Chánh,TPHCM,,,,Đang bán,https://mogi.vn/kdc-him-lam-prj1875,https://mogi.vn/ho-chi-minh/huyen-binh-chanh/mua-nha-dat/kdc-him-lam-prj1875
prj1878,Khu Dân Cư Phi Long 5,,Huyện Bình Chánh,TPHCM,,,,Cho thuê,https://mogi.vn/kdc-philong-prj1878,https://mogi.vn/ho-chi-minh/huyen-binh-chanh/thue-nha-dat/kdc-philong-prj1878
prj1880,KDC Rạng Đông,,Huyện Bình Chánh,TPHCM,,Từ 2 tỷ 636 triệu,26 - 26 triệu/m2,Đang bán,https://mogi.vn/kdc-rang-dong-prj1880,https://mogi.vn/ho-chi-minh/huyen-binh-chanh/mua-nha-dat/kdc-rang-dong-prj1880
prj1884,Khu Biệt Thự Sông Ông Lớn,Công ty cổ phần Phát triển Nam Sài Gòn,Huyện Bình Chánh,TPHCM,2014,,,Cho thuê,https://mogi.vn/khu-biet-thu-song-ong-lon-prj1884,https://mogi.vn/ho-chi-minh/huyen-binh-chanh/thue-nha-dat/khu-biet-thu-song-ong-lon-prj1884
prj1888,Khu Căn Hộ Ngọc Cung,Công ty CP Đầu tư Nam Long,Huyện Bình Chánh,TPHCM,,,,,https://mogi.vn/khu-can-ho-ngoc-cung-prj1888,
prj1890,Chung Cư Happy City,Tổng Công Ty Xây Dựng Số 1,Huyện Bình Chánh,TPHCM,2015,Từ 912 triệu,12 - 13 triệu/m2,Đang bán,https://mogi.vn/khu-chung-cu-happy-city-prj1890,https://mogi.vn/ho-chi-minh/huyen-binh-chanh/mua-nha-dat/khu-chung-cu-happy-city-prj1890
prj1894,Khu Dân Cư & Căn Hộ 584 Tân Kiên – Bình Chánh,CÔNG TY CỔ PHẦN ĐẦU TƯ XÂY DỰNG VÀ KHAI THÁC CÔNG TRÌNH GIAO THÔNG 584,Huyện Bình Chánh,TPHCM,,,,Đang bán,https://mogi.vn/khu-dan-cu-can-ho-584-tan-kien-binh-chanh-prj1894,https://mogi.vn/ho-chi-minh/huyen-binh-chanh/mua-nha-dat/khu-dan-cu-can-ho-584-tan-kien-binh-chanh-prj1894
prj1898,Khu Dân Cư 6B INTRESCO,,Huyện Bình Chánh,TPHCM,,,,Đang bán,https://mogi.vn/khu-dan-cu-6b-intresco-prj1898,https://mogi.vn/ho-chi-minh/huyen-binh-chanh/mua-nha-dat/khu-dan-cu-6b-intresco-prj1898
prj1902,Khu Dân Cư Conic Phong Phú,Công ty TNHH Đầu tư và Phát triển Lĩnh Phong Conic,Huyện Bình Chánh,TPHCM,2008,,,Đang bán,https://mogi.vn/khu-dan-cu-conic-phong-phu-prj1902,https://mogi.vn/ho-chi-minh/huyen-binh-chanh/mua-nha-dat/khu-dan-cu-conic-phong-phu-prj1902
prj1906,Khu Dân Cư Gia Phú,,Huyện Bình Chánh,TPHCM,,Từ 2 tỷ 200 triệu,20 - 35 triệu/m2,Đang bán,https://mogi.vn/khu-dan-cu-gia-phu-prj1906,https://mogi.vn/ho-chi-minh/huyen-binh-chanh/mua-nha-dat/khu-dan-cu-gia-phu-prj1906
prj1908,Khu Dân Cư Hải Yến,Đang cập nhật,Huyện Bình Chánh,TPHCM,,,,,https://mogi.vn/khu-dan-cu-hai-yen-prj1908,
prj1911,Khu Dân Cư Phạm Văn Hai,Công ty Cổ phần Thương mại & Địa ốc Bình Chánh,Huyện Bình Chánh,TPHCM,,Từ 3 tỷ 886 triệu,43 - 54 triệu/m2,Đang bán,https://mogi.vn/khu-dan-cu-pham-van-hai-prj1911,https://mogi.vn/ho-chi-minh/huyen-binh-chanh/mua-nha-dat/khu-dan-cu-pham-van-hai-prj1911
prj1917,Khu Dân Cư Sinh Thái Thanh Bình,CÔNG TY CỔ PHẦN ĐẦU TƯ XÂY DỰNG TÂN BÌNH,Huyện Bình Chánh,TPHCM,,Từ 475 triệu,9 triệu/m2,,https://mogi.vn/khu-dan-cu-sinh-thai-thanh-binh-prj1917,
prj1921,Khu Dân Cư Trung Sơn,Công Ty Cổ Phần Đầu Tư Kinh Doanh Nhà,Huyện Bình Chánh,TPHCM,2008,Từ,46 - 59 triệu/m2,Đang bán,https://mogi.vn/khu-dan-cu-trung-son-prj1921,https://mogi.vn/ho-chi-minh/huyen-binh-chanh/mua-nha-dat/khu-dan-cu-trung-son-prj1921
prj1922,Khu Dân Cư Vĩnh Lộc A,CTy CP Địa Ốc An Nhân,Huyện Bình Chánh,TPHCM,,Từ 808 triệu 80 nghìn,21 - 58 triệu/m2,Đang bán,https://mogi.vn/khu-dan-cu-vinh-loc-a-prj1922,https://mogi.vn/ho-chi-minh/huyen-binh-chanh/mua-nha-dat/khu-dan-cu-vinh-loc-a-prj1922
prj1923,Khu Định Cư An Phú Tây,Công ty cổ phần Phát triển Nam Sài Gòn,Huyện Bình Chánh,TPHCM,2016,Từ 696 triệu,8 - 15 triệu/m2,Đang bán,https://mogi.vn/khu-dinh-cu-an-phu-tay-prj1923,https://mogi.vn/ho-chi-minh/huyen-binh-chanh/mua-nha-dat/khu-dinh-cu-an-phu-tay-prj1923
prj1931,Khu Nhà Phố Vườn Conic – Bằng Lăng,Công ty TNHH Đầu tư và Phát triển Lĩnh Phong Conic,Huyện Bình Chánh,TPHCM,2006,,,Đang bán,https://mogi.vn/khu-nha-pho-vuon-conic-bang-lang-prj1931,https://mogi.vn/ho-chi-minh/huyen-binh-chanh/mua-nha-dat/khu-nha-pho-vuon-conic-bang-lang-prj1931
prj1933,Khu Dân Cư Phức Hợp Nam Sài Gòn,Công ty TNHH Tiến Phước,Quận 7,TPHCM,,,,Cho thuê,https://mogi.vn/khu-phuc-hop-nam-sai-gon-prj1933,https://mogi.vn/ho-chi-minh/quan-7/thue-nha-dat/khu-phuc-hop-nam-sai-gon-prj1933
prj1935,Lê Thành Tân Kiên,Công Ty TNHH TM-XD Lê Thành,Huyện Bình Chánh,TPHCM,,,,,https://mogi.vn/le-thanh-tan-kien-prj1935,
prj1956,C.T Sphinx Golf Club & Residences,Công ty Cổ phần Tập đoàn C.T,Huyện Củ Chi,TPHCM,2016,Từ 7 tỷ 200 triệu,20 - 24 triệu/m2,Đang bán,https://mogi.vn/c-t-sphinx-golf-club-residences-prj1956,https://mogi.vn/ho-chi-minh/huyen-cu-chi/mua-nha-dat/c-t-sphinx-golf-club-residences-prj1956
prj1957,KCN Tây Bắc Củ Chi,CÔNG TY CP ĐT PT KCN - TM CỦ CHI,Huyện Củ Chi,TPHCM,2017,,,Cho thuê,https://mogi.vn/kcn-tay-bac-cu-chi-prj1957,https://mogi.vn/ho-chi-minh/huyen-cu-chi/thue-nha-dat/kcn-tay-bac-cu-chi-prj1957
prj1959,Khu Công Nghiệp Tân Phú Trung,,Huyện Củ Chi,TPHCM,,,,Cho thuê,https://mogi.vn/khu-cong-nghiep-tan-phu-trung-prj1959,https://mogi.vn/ho-chi-minh/huyen-cu-chi/thue-nha-dat/khu-cong-nghiep-tan-phu-trung-prj1959
prj1961,Khu Dân Cư Tân An Hội,,Huyện Củ Chi,TPHCM,,,,Đang bán,https://mogi.vn/khu-dan-cu-tan-an-hoi-prj1961,https://mogi.vn/ho-chi-minh/huyen-cu-chi/mua-nha-dat/khu-dan-cu-tan-an-hoi-prj1961
prj1962,Khu Đô Thị Tây Bắc,,Huyện Củ Chi,TPHCM,2020,,,Cho thuê,https://mogi.vn/khu-do-thi-tay-bac-prj1962,https://mogi.vn/ho-chi-minh/huyen-cu-chi/thue-nha-dat/khu-do-thi-tay-bac-prj1962
prj1965,Babylon Residence 3,Công ty TNHH TV & KD Nhà Đạt Gia,Huyện Hóc Môn,TPHCM,2011,,,Đang bán,https://mogi.vn/babylon-residence-3-prj1965,https://mogi.vn/ho-chi-minh/huyen-hoc-mon/mua-nha-dat/babylon-residence-3-prj1965
prj1966,Cheery 3 Apartment,Công Ty CP TV - TM - DV Địa Ốc Hoàng Quân,Huyện Hóc Môn,TPHCM,2013,Từ 540 triệu 500 nghìn,11 - 11 triệu/m2,Đang bán,https://mogi.vn/cheery-3-apartment-prj1966,https://mogi.vn/ho-chi-minh/huyen-hoc-mon/mua-nha-dat/cheery-3-apartment-prj1966
prj1968,Hocmon Plaza,Công Ty TNHH Xây Dựng Võ Đình,Huyện Hóc Môn,TPHCM,2012,Từ 552 triệu 150 nghìn,12 triệu/m2,Đang bán,https://mogi.vn/hocmon-plaza-prj1968,https://mogi.vn/ho-chi-minh/huyen-hoc-mon/mua-nha-dat/hocmon-plaza-prj1968
prj1969,KDC Bà Điểm,,Huyện Hóc Môn,TPHCM,2012,Từ 700 triệu,7 - 10 triệu/m2,Đang bán,https://mogi.vn/kdc-ba-diem-prj1969,https://mogi.vn/ho-chi-minh/huyen-hoc-mon/mua-nha-dat/kdc-ba-diem-prj1969
prj1970,KDC Đô Thị Hóc Môn,Công ty Cổ phần Đầu tư KCN & Đô thị Hóc Môn,Huyện Hóc Môn,TPHCM,2022,,,Đang bán,https://mogi.vn/kdc-do-thi-hoc-mon-prj1970,https://mogi.vn/ho-chi-minh/huyen-hoc-mon/mua-nha-dat/kdc-do-thi-hoc-mon-prj1970
prj1971,KĐT Đại Học Quốc Tế VN,,Huyện Hóc Môn,TPHCM,2020,,,Đang bán,https://mogi.vn/kdt-dai-hoc-quoc-te-vn-prj1971,https://mogi.vn/ho-chi-minh/huyen-hoc-mon/mua-nha-dat/kdt-dai-hoc-quoc-te-vn-prj1971
prj1974,Khu Dân Cư Hoàng Hải,CÔNG TY CỔ PHẦN ĐỊA ỐC ĐẠI VIỆT,Huyện Hóc Môn,TPHCM,2007,Từ 984 triệu 400 nghìn,10 - 12 triệu/m2,Đang bán,https://mogi.vn/khu-dan-cu-hoang-hai-prj1974,https://mogi.vn/ho-chi-minh/huyen-hoc-mon/mua-nha-dat/khu-dan-cu-hoang-hai-prj1974
prj1976,Khu Đô Thị Xuân Thới Sơn,,Huyện Hóc Môn,TPHCM,2012,,,Đang bán,https://mogi.vn/khu-do-thi-xuan-thoi-son-prj1976,https://mogi.vn/ho-chi-minh/huyen-hoc-mon/mua-nha-dat/khu-do-thi-xuan-thoi-son-prj1976
prj1978,Anh Tuấn Apartment,CÔNG TY CỔ PHẦN ĐẦU TƯ ANH TUẤN,Huyện Nhà Bè,TPHCM,2013,Từ,0 - 0 triệu/m2,Đang bán,https://mogi.vn/anh-tuan-apartment-prj1978,https://mogi.vn/ho-chi-minh/huyen-nha-be/mua-nha-dat/anh-tuan-apartment-prj1978
prj1979,Anh Tuấn Garden,CÔNG TY CỔ PHẦN ĐẦU TƯ ANH TUẤN,Huyện Nhà Bè,TPHCM,2011,Từ 2 tỷ 4 triệu,16 - 122 triệu/m2,,https://mogi.vn/anh-tuan-garden-prj1979,
prj1980,Căn Hộ Hoàng Anh An Tiến,công ty TNHH An Tiến,Huyện Nhà Bè,TPHCM,,Từ 921 triệu 200 nghìn,9 - 14 triệu/m2,Cho thuê,https://mogi.vn/can-ho-hoang-anh-an-tien-prj1980,https://mogi.vn/ho-chi-minh/huyen-nha-be/thue-nha-dat/can-ho-hoang-anh-an-tien-prj1980
prj1981,Căn Hộ Hưng Phát,CÔNG TY CỔ PHẦN DỊCH VỤ ĐỊA ỐC HƯNG LỘC PHÁT,Huyện Nhà Bè,TPHCM,2014,Từ 1 tỷ 120 triệu,20 - 22 triệu/m2,Đang bán,https://mogi.vn/can-ho-hung-phat-prj1981,https://mogi.vn/ho-chi-minh/huyen-nha-be/mua-nha-dat/can-ho-hung-phat-prj1981
prj1982,Căn hộ Phú Hoàng Anh,Công ty CP Phú Hoàng Anh,Huyện Nhà Bè,TPHCM,2016,,,Đang bán,https://mogi.vn/can-ho-phu-hoang-anh-prj1982,https://mogi.vn/ho-chi-minh/huyen-nha-be/mua-nha-dat/can-ho-phu-hoang-anh-prj1982
prj1986,Dragon City,Công ty Cổ phần Địa ốc Phú Long,Huyện Nhà Bè,TPHCM,2016,Từ 480 triệu,10 - 75 triệu/m2,,https://mogi.vn/dragon-city-prj1986,
prj1987,Dragon Hill Residence and Suites,Công ty Cổ phần Địa ốc Phú Long,Huyện Nhà Bè,TPHCM,2012,Từ 1 tỷ 224 triệu,25 - 27 triệu/m2,Cho thuê,https://mogi.vn/dragon-hill-residence-and-suites-prj1987,https://mogi.vn/ho-chi-minh/huyen-nha-be/thue-nha-dat/dragon-hill-residence-and-suites-prj1987
prj1990,KDC Phú Xuân - Vạn Hưng Phú,CÔNG TY CỔ PHẦN VẠN HƯNG PHÚ,Huyện Nhà Bè,TPHCM,2010,Từ 882 triệu,7 - 7 triệu/m2,Cho thuê,https://mogi.vn/kdc-phu-xuan-van-hung-phu-prj1990,https://mogi.vn/ho-chi-minh/huyen-nha-be/thue-nha-dat/kdc-phu-xuan-van-hung-phu-prj1990
prj1995,Khu dân cư Nhơn Đức,CÔNG TY CỔ PHẦN VẠN PHÁT HƯNG,Huyện Nhà Bè,TPHCM,,,,Đang bán,https://mogi.vn/kdc-nhon-duc-dia-oc-sg-prj1995,https://mogi.vn/ho-chi-minh/huyen-nha-be/mua-nha-dat/kdc-nhon-duc-dia-oc-sg-prj1995
prj1996,KDC Phú Gia,,Huyện Nhà Bè,TPHCM,,Từ 1 tỷ 622 triệu,22 - 31 triệu/m2,Đang bán,https://mogi.vn/kdc-phu-gia-prj1996,https://mogi.vn/ho-chi-minh/huyen-nha-be/mua-nha-dat/kdc-phu-gia-prj1996
prj1997,KDC Phú Xuân - Hồng Lĩnh,CÔNG TY CP ĐẦU TƯ & XÂY DỰNG GIAO THÔNG HỒNG LĨNH,Huyện Nhà Bè,TPHCM,,Từ 3 tỷ,30 - 51 triệu/m2,Đang bán,https://mogi.vn/kdc-phu-xuan-hong-linh-prj1997,https://mogi.vn/ho-chi-minh/huyen-nha-be/mua-nha-dat/kdc-phu-xuan-hong-linh-prj1997
prj1998,KDC Phú Xuân - Minh Long,CÔNG TY TNHH DỊCH VỤ THƯƠNG MẠI - KINH DOANH NHÀ MINH LONG,Huyện Nhà Bè,TPHCM,,,,Đang bán,https://mogi.vn/kdc-phu-xuan-minh-long-prj1998,https://mogi.vn/ho-chi-minh/huyen-nha-be/mua-nha-dat/kdc-phu-xuan-minh-long-prj1998
prj2001,KDC Phú Xuân-Vạn Phát Hưng,CÔNG TY CỔ PHẦN VẠN PHÁT HƯNG,Huyện Nhà Bè,TPHCM,,Từ 4 tỷ 320 triệu,36 - 70 triệu/m2,Đang bán,https://mogi.vn/kdc-phu-xuan-van-phat-hung-prj2001,https://mogi.vn/ho-chi-minh/huyen-nha-be/mua-nha-dat/kdc-phu-xuan-van-phat-hung-prj2001
prj2003,Khu dân cư Phước Kiển Thái Sơn 1,TỔNG CÔNG TY THÁI SƠN,Huyện Nhà Bè,TPHCM,,Từ,54 - 90 triệu/m2,Đang bán,https://mogi.vn/kdc-phuoc-kien-thai-son-1-prj2003,https://mogi.vn/ho-chi-minh/huyen-nha-be/mua-nha-dat/kdc-phuoc-kien-thai-son-1-prj2003
prj2006,KDC Sài Gòn Mới,CÔNG TY CỔ PHẦN BẤT ĐỘNG SẢN SÀI GÒN MỚI,Huyện Nhà Bè,TPHCM,2008,,,Đang bán,https://mogi.vn/kdc-sai-gon-moi-prj2006,https://mogi.vn/ho-chi-minh/huyen-nha-be/mua-nha-dat/kdc-sai-gon-moi-prj2006
prj2010,Khu Biệt Thự Kim Long,Công ty Cổ phần Địa ốc Phú Long,Huyện Nhà Bè,TPHCM,2010,,,,https://mogi.vn/khu-biet-thu-kim-long-prj2010,
prj2011,Khu Biệt Thự Ngân Long,Công ty Cổ phần Địa ốc Phú Long,Huyện Nhà Bè,TPHCM,,Từ 19 tỷ 800 triệu,99 - 135 triệu/m2,,https://mogi.vn/khu-biet-thu-ngan-long-prj2011,
prj2015,Khu Căn Hộ Hoàng Anh 3,CÔNG TY CỔ PHẦN HOÀNG ANH GIA LAI,Huyện Nhà Bè,TPHCM,2009,Từ 1 tỷ 568 triệu,16 - 20 triệu/m2,Cho thuê,https://mogi.vn/khu-can-ho-hoang-anh-3-prj2015,https://mogi.vn/ho-chi-minh/huyen-nha-be/thue-nha-dat/khu-can-ho-hoang-anh-3-prj2015
prj2016,Khu Căn Hộ Phú Mỹ Thuận,CÔNG TY CỔ PHẦN VẠN PHÁT HƯNG,Huyện Nhà Bè,TPHCM,2010,Từ 1 tỷ 374 triệu,15 - 19 triệu/m2,Đang bán,https://mogi.vn/khu-can-ho-phu-my-thuan-prj2016,https://mogi.vn/ho-chi-minh/huyen-nha-be/mua-nha-dat/khu-can-ho-phu-my-thuan-prj2016
prj2017,Khu Công Nghiệp Hiệp Phước,,Huyện Nhà Bè,TPHCM,,,,Cho thuê,https://mogi.vn/khu-cong-nghiep-hiep-phuoc-prj2017,https://mogi.vn/ho-chi-minh/huyen-nha-be/thue-nha-dat/khu-cong-nghiep-hiep-phuoc-prj2017
prj2018,Khu Dân Cư Bảo Long,Công ty Cổ phần Địa ốc Phú Long,Huyện Nhà Bè,TPHCM,,,,,https://mogi.vn/khu-dan-cu-bao-long-prj2018,
prj2033,Làng Đại Học,,Huyện Nhà Bè,TPHCM,,,,Đang bán,https://mogi.vn/lang-dai-hoc-prj2033,https://mogi.vn/ho-chi-minh/huyen-nha-be/mua-nha-dat/lang-dai-hoc-prj2033
prj2034,Nam Sài Gòn Riverside,CÔNG TY CỔ PHẦN ĐỊA ỐC ĐẠI VIỆT,Huyện Nhà Bè,TPHCM,,Từ 392 triệu,9 triệu/m2,Đang bán,https://mogi.vn/nam-sai-gon-riverside-prj2034,https://mogi.vn/ho-chi-minh/huyen-nha-be/mua-nha-dat/nam-sai-gon-riverside-prj2034
prj2037,Sadeco Phước Kiển,Công ty cổ phần Phát triển Nam Sài Gòn,Huyện Nhà Bè,TPHCM,,Từ 4 tỷ 320 triệu,48 - 80 triệu/m2,Cho thuê,https://mogi.vn/sadeco-phuoc-kien-prj2037,https://mogi.vn/ho-chi-minh/huyen-nha-be/thue-nha-dat/sadeco-phuoc-kien-prj2037
prj2043,The Sun City Phước Kiển,CÔNG TY TNHH TM & XD – KD NHÀ THANH NHỰT,Huyện Nhà Bè,TPHCM,,,,Đang bán,https://mogi.vn/the-sun-city-phuoc-kien-prj2043,https://mogi.vn/ho-chi-minh/huyen-nha-be/mua-nha-dat/the-sun-city-phuoc-kien-prj2043
prj2045,Somerset Ho Chi Minh City,The Ascott Limited,Quận 1,TPHCM,2017,,,Đang bán,https://mogi.vn/somerset-ho-chi-minh-city-prj2045,https://mogi.vn/ho-chi-minh/quan-1/mua-nha-dat/somerset-ho-chi-minh-city-prj2045
prj2046,27B Office Building,Công ty TNHH Office Sài Gòn,Quận 1,TPHCM,2017,,,Đang bán,https://mogi.vn/27b-office-building-prj2046,https://mogi.vn/ho-chi-minh/quan-1/mua-nha-dat/27b-office-building-prj2046
prj2047,AB Tower,Công ty Cổ phần Phát triển A&B,Quận 1,TPHCM,2011,,,Cho thuê,https://mogi.vn/ab-tower-prj2047,https://mogi.vn/ho-chi-minh/quan-1/thue-nha-dat/ab-tower-prj2047
prj2048,Abacus Tower,Công ty CP SOVICO,Quận 1,TPHCM,,,,Cho thuê,https://mogi.vn/abacus-tower-prj2048,https://mogi.vn/ho-chi-minh/quan-1/thue-nha-dat/abacus-tower-prj2048
prj2051,Bến Thành Luxury Apartment,Công Ty CP ĐT Địa Ốc Bến Thành,Quận 1,TPHCM,2010,,,Cho thuê,https://mogi.vn/ben-thanh-luxury-apartment-prj2051,https://mogi.vn/ho-chi-minh/quan-1/thue-nha-dat/ben-thanh-luxury-apartment-prj2051
prj2052,Bitexco Financial Tower,Tập đoàn BITEXCO,Quận 1,TPHCM,2009,,,,https://mogi.vn/bitexco-financial-tower-prj2052,
prj2054,C.T Plaza SaiGon,,Quận 1,TPHCM,,,,Đang bán,https://mogi.vn/c-t-plaza-saigon-prj2054,https://mogi.vn/ho-chi-minh/quan-1/mua-nha-dat/c-t-plaza-saigon-prj2054
prj2055,Avalon Saigon Apartments,,Quận 1,TPHCM,,,,Cho thuê,https://mogi.vn/can-ho-cao-cap-avalon-prj2055,https://mogi.vn/ho-chi-minh/quan-1/thue-nha-dat/can-ho-cao-cap-avalon-prj2055
prj2056,Căn Hộ Horizon,Cty địa ốc Fico,Quận 1,TPHCM,2011,,,Đang bán,https://mogi.vn/can-ho-horizon-prj2056,https://mogi.vn/ho-chi-minh/quan-1/mua-nha-dat/can-ho-horizon-prj2056
prj2063,Cao Ốc 354 Bến Chương Dương,Công ty Cổ phần Đầu Tư Phát Triển Gia Định (GDI),Quận 1,TPHCM,2012,,,Đang bán,https://mogi.vn/cao-oc-354-ben-chuong-duong-prj2063,https://mogi.vn/ho-chi-minh/quan-1/mua-nha-dat/cao-oc-354-ben-chuong-duong-prj2063
prj2071,Cao Ốc BMC,Công ty vật liệu xây dựng và xây lắp thương mại (BMC),Quận 1,TPHCM,,Từ 3 tỷ 200 triệu,40 - 60 triệu/m2,Cho thuê,https://mogi.vn/cao-oc-bmc-prj2071,https://mogi.vn/ho-chi-minh/quan-1/thue-nha-dat/cao-oc-bmc-prj2071
prj2078,Cao Ốc Empire Tower,,Quận 1,TPHCM,,,,Cho thuê,https://mogi.vn/cao-oc-empire-tower-prj2078,https://mogi.vn/ho-chi-minh/quan-1/thue-nha-dat/cao-oc-empire-tower-prj2078
prj2092,Cao ốc HMTC,Công ty Quản lý Kinh doanh Nhà TP.HCM,Quận 1,TPHCM,,,,,https://mogi.vn/cao-oc-hmtc-prj2092,
prj2126,Cao Ốc Star Building,### Dự án tại TPHCM,Quận 1,TPHCM,,,,,https://mogi.vn/cao-oc-star-building-prj2126,
prj2153,Cao Ốc Vinaconex,Công ty Cổ phần Phát triển Thương mại VINACONEX,Quận 1,TPHCM,,,,,https://mogi.vn/cao-oc-vinaconex-prj2153,
prj2155,Central Garden,CÔNG TY CỔ PHẦN CHƯƠNG DƯƠNG,Quận 1,TPHCM,2014,Từ 2 tỷ 160 triệu,30 - 40 triệu/m2,Đang bán; Cho thuê,https://mogi.vn/central-garden-prj2155,https://mogi.vn/ho-chi-minh/quan-1/mua-nha-dat/central-garden-prj2155; https://mogi.vn/ho-chi-minh/quan-1/thue-nha-dat/central-garden-prj2155
prj2158,Chung Cư 10A Trần Nhật Duật,,Quận 1,TPHCM,,Từ 3 tỷ 18 triệu,48 - 273 triệu/m2,Cho thuê,https://mogi.vn/chung-cu-10a-tran-nhat-duat-prj2158,https://mogi.vn/ho-chi-minh/quan-1/thue-nha-dat/chung-cu-10a-tran-nhat-duat-prj2158
prj2167,Chung Cư Nguyễn Trãi,,Quận 1,TPHCM,,,,Cho thuê,https://mogi.vn/chung-cu-nguyen-trai-prj2167,https://mogi.vn/ho-chi-minh/quan-1/thue-nha-dat/chung-cu-nguyen-trai-prj2167
prj2169,Chung Cư Thế Hệ Mới,Tổng Công ty Vật liệu xây dựng số 1 - TNHH Một thành viên,Quận 1,TPHCM,,,,Cho thuê,https://mogi.vn/chung-cu-the-he-moi-prj2169,https://mogi.vn/ho-chi-minh/quan-1/thue-nha-dat/chung-cu-the-he-moi-prj2169
prj2170,Citilight Tower,,Quận 1,TPHCM,,,,,https://mogi.vn/citilight-tower-prj2170,
prj2194,Indochina Park Tower,Công ty CB Richard Ellis Việt Nam,Quận 1,TPHCM,,,,Cho thuê,https://mogi.vn/indochina-park-tower-prj2194,https://mogi.vn/ho-chi-minh/quan-1/thue-nha-dat/indochina-park-tower-prj2194
prj2196,International Plaza,Công ty Liên Doanh Văn Hóa Thương Mại Quốc Tế,Quận 1,TPHCM,2009,Từ 3 tỷ 760 triệu,40 triệu/m2,Đang bán,https://mogi.vn/international-plaza-prj2196,https://mogi.vn/ho-chi-minh/quan-1/mua-nha-dat/international-plaza-prj2196
prj2215,Mê Linh Point Tower,,Quận 1,TPHCM,,,,,https://mogi.vn/me-linh-point-tower-prj2215,
prj2238,Saigon Center,,Quận 1,TPHCM,,,,Cho thuê,https://mogi.vn/saigon-center-prj2238,https://mogi.vn/ho-chi-minh/quan-1/thue-nha-dat/saigon-center-prj2238
prj2247,Saigon Trade Center,LUKS INDUSTRIAL CO,Quận 1,TPHCM,1997,,,,https://mogi.vn/saigon-trade-center-prj2247,
prj2249,Sailing Tower,Tổng Công Ty Xây Dựng Số 1,Quận 1,TPHCM,,,,Đang bán; Cho thuê,https://mogi.vn/sailing-tower-prj2249,https://mogi.vn/ho-chi-minh/quan-1/mua-nha-dat/sailing-tower-prj2249; https://mogi.vn/ho-chi-minh/quan-1/thue-nha-dat/sailing-tower-prj2249
prj2253,Smart View Building,,Quận 1,TPHCM,,,,,https://mogi.vn/smart-view-building-prj2253,
prj2258,Sun Wah Tower,,Quận 1,TPHCM,,,,,https://mogi.vn/sun-wah-tower-prj2258,
prj2260,The Lancaster,Công ty cổ phần tập đoàn Trung Thủy,Quận 1,TPHCM,,Từ 4 tỷ 60 triệu,116 - 146 triệu/m2,Đang bán,https://mogi.vn/the-lancaster-prj2260,https://mogi.vn/ho-chi-minh/quan-1/mua-nha-dat/the-lancaster-prj2260
prj2265,TKT Office Building,,Quận 1,TPHCM,,,,,https://mogi.vn/tkt-office-building-prj2265,
prj2278,Valentina Court,CÔNG TY TNHH XUÂN VẠN PHÁT,Quận 1,TPHCM,,,,,https://mogi.vn/valentina-court-prj2278,
prj2280,Việt Dragon Tower,,Quận 1,TPHCM,,,,,https://mogi.vn/viet-dragon-tower-prj2280,
prj2281,Vietcombank Tower,Công ty Liên doanh TNHH Vietcombank – Bonday – Benthanh,Quận 1,TPHCM,2015,,,,https://mogi.vn/vietcombank-tower-prj2281,
prj2283,Vincom Center,test,Quận 1,TPHCM,,,,Đang bán; Cho thuê,https://mogi.vn/vincom-center-prj2283,https://mogi.vn/ho-chi-minh/quan-1/mua-nha-dat/vincom-center-prj2283; https://mogi.vn/ho-chi-minh/quan-1/thue-nha-dat/vincom-center-prj2283
prj2287,VRG River View,Tập đoàn công nghiệp cao su Việt Nam,Quận 1,TPHCM,2011,,,,https://mogi.vn/vrg-river-view-prj2287,
prj2300,Chung cư Ấn Quang,C.T Group,Quận 10,TPHCM,2008,Từ,17 - 19 triệu/m2,Đang bán,https://mogi.vn/chung-cu-an-quang-prj2300,https://mogi.vn/ho-chi-minh/quan-10/mua-nha-dat/chung-cu-an-quang-prj2300
prj2307,Chung Cư Ngô Gia Tự,Công ty TNHH MTV Dịch vụ Công ích Quận 10,Quận 10,TPHCM,,,,Đang bán; Cho thuê,https://mogi.vn/chung-cu-ngo-gia-tu-prj2307,https://mogi.vn/ho-chi-minh/quan-10/mua-nha-dat/chung-cu-ngo-gia-tu-prj2307; https://mogi.vn/ho-chi-minh/quan-10/thue-nha-dat/chung-cu-ngo-gia-tu-prj2307
prj2308,Chung Cư Nguyễn Kim,Công Ty Địa Ốc Sài Gòn – TNHH Một Thành Viên,Quận 10,TPHCM,2016,Từ 2 tỷ 35 triệu,37 - 51 triệu/m2,Cho thuê,https://mogi.vn/chung-cu-nguyen-kim-prj2308,https://mogi.vn/ho-chi-minh/quan-10/thue-nha-dat/chung-cu-nguyen-kim-prj2308
prj2311,Chung Cư Tô Hiến Thành,Tổng Công Ty Địa Ốc Sài Gòn,Quận 10,TPHCM,2010,,,Cho thuê,https://mogi.vn/chung-cu-to-hien-thanh-prj2311,https://mogi.vn/ho-chi-minh/quan-10/thue-nha-dat/chung-cu-to-hien-thanh-prj2311
prj2312,Chung Cư Trần Văn Kiểu,Công ty TNHH MTV Dịch vụ Công ích Quận 10,Quận 10,TPHCM,,,,Đang bán,https://mogi.vn/chung-cu-tran-van-kieu-prj2312,https://mogi.vn/ho-chi-minh/quan-10/mua-nha-dat/chung-cu-tran-van-kieu-prj2312
prj2319,Hà Đô Villas,CTy CP Tập Đoàn Hà Đô,Quận 10,TPHCM,,,,,https://mogi.vn/ha-do-villas-prj2319,
prj2328,Tenimex Office Building,,Quận 10,TPHCM,,,,,https://mogi.vn/tenimex-office-building-prj2328,
prj2335,XI Grand Court,Công ty TNHH Đầu tư Xây dựng Phú Sơn Thuận,Quận 10,TPHCM,2018,Từ 2 tỷ 491 triệu,47 triệu/m2,Đang bán,https://mogi.vn/xi-grand-court-prj2335,https://mogi.vn/ho-chi-minh/quan-10/mua-nha-dat/xi-grand-court-prj2335
prj2345,Chung Cư Phú Thọ,,Quận 11,TPHCM,,,,Đang bán; Cho thuê,https://mogi.vn/chung-cu-phu-tho-prj2345,https://mogi.vn/ho-chi-minh/quan-11/mua-nha-dat/chung-cu-phu-tho-prj2345; https://mogi.vn/ho-chi-minh/quan-11/thue-nha-dat/chung-cu-phu-tho-prj2345
prj2348,Chung Cư Tuệ Tĩnh,,Quận 11,TPHCM,,,,,https://mogi.vn/chung-cu-tue-tinh-prj2348,
prj2357,Khu Phức Hợp Đầm Sen,Công ty CP Đầu tư Xây dựng Bình Chánh (BCCI),Quận 11,TPHCM,2012,Từ,50 triệu/m2,Đang bán,https://mogi.vn/khu-phuc-hop-dam-sen-prj2357,https://mogi.vn/ho-chi-minh/quan-11/mua-nha-dat/khu-phuc-hop-dam-sen-prj2357
prj2358,Lữ Gia Plaza,Công ty Cổ phần Cơ khí - Điện Lữ Gia,Quận 11,TPHCM,2011,,,Cho thuê,https://mogi.vn/lu-gia-plaza-prj2358,https://mogi.vn/ho-chi-minh/quan-11/thue-nha-dat/lu-gia-plaza-prj2358
prj2359,The EverRich I,Công ty CP Phát triển Bất động sản Phát Đạt,Quận 11,TPHCM,2009,Từ 5 tỷ 500 triệu,50 triệu/m2,Đang bán,https://mogi.vn/the-everrich-i-prj2359,https://mogi.vn/ho-chi-minh/quan-11/mua-nha-dat/the-everrich-i-prj2359
prj2364,Căn hộ Phú An Center,Công ty TNHH MTV Xây dựng và Kinh doanh Nhà Phú Nhuận,Quận 12,TPHCM,2015,Từ 868 triệu,14 triệu/m2,Đang bán,https://mogi.vn/can-ho-phu-an-center-prj2364,https://mogi.vn/ho-chi-minh/quan-12/mua-nha-dat/can-ho-phu-an-center-prj2364
prj2366,Căn Hộ Thái An 2,Công Ty TNHH Địa Ốc Đất Lành,Quận 12,TPHCM,2016,Từ 1 tỷ 116 triệu,18 triệu/m2,Đang bán; Cho thuê,https://mogi.vn/can-ho-thai-an-2-prj2366,https://mogi.vn/ho-chi-minh/quan-12/mua-nha-dat/can-ho-thai-an-2-prj2366; https://mogi.vn/ho-chi-minh/quan-12/thue-nha-dat/can-ho-thai-an-2-prj2366
prj2367,Căn Hộ Thái An 3 - 4,Công Ty TNHH Địa Ốc Đất Lành,Quận 12,TPHCM,2012,Từ 780 triệu,20 triệu/m2,Đang bán; Cho thuê,https://mogi.vn/can-ho-thai-an-3-4-prj2367,https://mogi.vn/ho-chi-minh/quan-12/mua-nha-dat/can-ho-thai-an-3-4-prj2367; https://mogi.vn/ho-chi-minh/quan-12/thue-nha-dat/can-ho-thai-an-3-4-prj2367
prj2370,Cao Ốc Phú An - Lori Plaza,Công ty Cổ Phần Đầu Tư Xây Dựng Trường Lưu Thủy,Quận 12,TPHCM,2016,,,,https://mogi.vn/cao-oc-phu-an-lori-plaza-prj2370,
prj2371,Cao ốc Thiên Quý,CÔNG TY CỔ PHẦN TẬP ĐOÀN ĐẤT XANH,Quận 12,TPHCM,2010,,,,https://mogi.vn/cao-oc-thien-quy-prj2371,
prj2373,Cheery 2 Apartment,CÔNG TY CỔ PHẦN TƯ VẤN - THƯƠNG MẠI - DỊCH VỤ ĐỊA ỐC HOÀNG QUÂN,Quận 12,TPHCM,2012,Từ 615 triệu,12 - 13 triệu/m2,Đang bán,https://mogi.vn/cheery-2-apartment-prj2373,https://mogi.vn/ho-chi-minh/quan-12/mua-nha-dat/cheery-2-apartment-prj2373
prj2374,Chung Cư An Sương,Công ty Đầu tư và Xây dựng Thanh Niên Xung Phong (Cinco),Quận 12,TPHCM,2008,Từ 627 triệu,9 - 12 triệu/m2,Đang bán,https://mogi.vn/chung-cu-an-suong-prj2374,https://mogi.vn/ho-chi-minh/quan-12/mua-nha-dat/chung-cu-an-suong-prj2374
prj2380,Chung Cư Thọ Nam Sang,Công ty TNHH Xây dựng - Thương mại - Dịch vụ Thọ Nam Sang,Quận 12,TPHCM,2010,,,,https://mogi.vn/chung-cu-tho-nam-sang-prj2380,
prj2381,Chung cư Tín Phong,Công ty TNHH Sản xuất Thương mại Xây dựng Tín Phong,Quận 12,TPHCM,2011,Từ 540 triệu,12 - 13 triệu/m2,Đang bán,https://mogi.vn/chung-cu-tin-phong-prj2381,https://mogi.vn/ho-chi-minh/quan-12/mua-nha-dat/chung-cu-tin-phong-prj2381
prj2384,Gia Định Plaza,Công ty Cổ phần Đầu Tư Phát Triển Gia Định (GDI),Quận 12,TPHCM,2013,,,,https://mogi.vn/gia-dinh-plaza-prj2384,
prj2387,KDC Thới An - Phú Nhuận,,Quận 12,TPHCM,2016,,,Đang bán,https://mogi.vn/kdc-thoi-an-phu-nhuan-prj2387,https://mogi.vn/ho-chi-minh/quan-12/mua-nha-dat/kdc-thoi-an-phu-nhuan-prj2387
prj2389,Khu Biệt Thự Thới An,CÔNG TY CỔ PHẦN THƯƠNG NGHIỆP TỔNG HỢP QUẬN 8,Quận 12,TPHCM,2016,,,Đang bán,https://mogi.vn/khu-biet-thu-thoi-an-prj2389,https://mogi.vn/ho-chi-minh/quan-12/mua-nha-dat/khu-biet-thu-thoi-an-prj2389
prj2391,Khu Chung Cư Thới An,Công ty TNHH MTV Xây dựng và Kinh doanh Nhà Phú Nhuận,Quận 12,TPHCM,2011,Từ 660 triệu,11 triệu/m2,Đang bán,https://mogi.vn/khu-chung-cu-thoi-an-prj2391,https://mogi.vn/ho-chi-minh/quan-12/mua-nha-dat/khu-chung-cu-thoi-an-prj2391
prj2393,Khu Dân Cư Đồng Phượng,Công Ty TNHH Thương Mại Phương Nam,Quận 12,TPHCM,,Từ 2 tỷ 790 triệu,31 - 44 triệu/m2,Đang bán,https://mogi.vn/khu-dan-cu-dong-phuong-prj2393,https://mogi.vn/ho-chi-minh/quan-12/mua-nha-dat/khu-dan-cu-dong-phuong-prj2393
prj2394,Khu Dân Cư Hà Đô Thới An,,Quận 12,TPHCM,,,,Cho thuê,https://mogi.vn/khu-dan-cu-ha-do-thoi-an-prj2394,https://mogi.vn/ho-chi-minh/quan-12/thue-nha-dat/khu-dan-cu-ha-do-thoi-an-prj2394
prj2412,KĐT City Horse,CÔNG TY TNHH MỘT THÀNH VIÊN XÂY DỰNG VÀ KINH DOANH NHÀ PHÚ NHUẬN,Quận 2 (TP. Thủ Đức),TPHCM,2010,,,Đang bán,https://mogi.vn/kdt-city-horse-prj2412,https://mogi.vn/ho-chi-minh/quan-2/mua-nha-dat/kdt-city-horse-prj2412
prj2413,An Phú Riverview Apartment,Công Ty Cổ Phần An Phú,Quận 2 (TP. Thủ Đức),TPHCM,2014,,,Đang bán,https://mogi.vn/an-phu-riverview-apartment-prj2413,https://mogi.vn/ho-chi-minh/quan-2/mua-nha-dat/an-phu-riverview-apartment-prj2413
prj2414,Ascent Plaza,CÔNG TY CỔ PHẦN ĐẦU TƯ ĐỊA ỐC TIẾN PHÁT,Quận Bình Thạnh,TPHCM,2022,Từ 1 tỷ 960 triệu,35 - 37 triệu/m2,Đang bán,https://mogi.vn/ascent-plaza-prj2414,https://mogi.vn/ho-chi-minh/quan-binh-thanh/mua-nha-dat/ascent-plaza-prj2414
prj2417,Biệt Thự Cao Cấp Greenfield,Công Ty ĐTPT BĐS Tiến Phước,Quận 2 (TP. Thủ Đức),TPHCM,,,,Đang bán,https://mogi.vn/biet-thu-cao-cap-greenfield-prj2417,https://mogi.vn/ho-chi-minh/quan-2/mua-nha-dat/biet-thu-cao-cap-greenfield-prj2417
prj2419,Căn Hộ Chung cư An Phúc An Lộc,,Quận 2 (TP. Thủ Đức),TPHCM,,Từ 1 tỷ 360 triệu,40 - 48 triệu/m2,Cho thuê,https://mogi.vn/can-ho-an-loc-an-phuc-prj2419,https://mogi.vn/ho-chi-minh/quan-2/thue-nha-dat/can-ho-an-loc-an-phuc-prj2419
prj2420,Căn Hộ An Thịnh,Công ty Cổ Phần Xây dựng & Kinh doanh Địa ốc III,Quận 2 (TP. Thủ Đức),TPHCM,,Từ 3 tỷ 60 triệu,34 - 42 triệu/m2,Đang bán,https://mogi.vn/can-ho-an-thinh-prj2420,https://mogi.vn/ho-chi-minh/quan-2/mua-nha-dat/can-ho-an-thinh-prj2420
prj2421,Căn hộ Bình Khánh,Công ty cổ phần Đức Khải,Quận 2 (TP. Thủ Đức),TPHCM,2017,Từ 1 tỷ 836 triệu,36 triệu/m2,Đang bán,https://mogi.vn/can-ho-binh-khanh-prj2421,https://mogi.vn/ho-chi-minh/quan-2/mua-nha-dat/can-ho-binh-khanh-prj2421
prj2424,Căn Hộ Homyland 2,Công Ty Cổ Phần Xây Dựng- Giao Thông - Thương Mại Bảo Sơn,Quận 2 (TP. Thủ Đức),TPHCM,,Từ 990 triệu,16 triệu/m2,Cho thuê,https://mogi.vn/can-ho-homyland-2-prj2424,https://mogi.vn/ho-chi-minh/quan-2/thue-nha-dat/can-ho-homyland-2-prj2424
prj2426,Chung cư Petroland,Công ty Cổ phần Đầu tư Hạ tầng và Đô thị Dầu khí,Quận 2 (TP. Thủ Đức),TPHCM,2011,Từ 1 tỷ 920 triệu,32 - 42 triệu/m2,Đang bán,https://mogi.vn/chung-cu-petroland-prj2426,https://mogi.vn/ho-chi-minh/quan-2/mua-nha-dat/chung-cu-petroland-prj2426
prj2427,Căn Hộ Regency Park,Công Ty Cổ Phần An Phú,Quận 2 (TP. Thủ Đức),TPHCM,2014,,,,https://mogi.vn/can-ho-regency-park-prj2427,
prj2428,Căn Hộ River Garden,Indochina Land,Quận 2 (TP. Thủ Đức),TPHCM,2015,Từ 4 tỷ 455 triệu,33 - 49 triệu/m2,Cho thuê,https://mogi.vn/can-ho-river-garden-prj2428,https://mogi.vn/ho-chi-minh/quan-2/thue-nha-dat/can-ho-river-garden-prj2428
prj2429,The Estella,Công Ty CP Bất Động Sản Tiến Phước,Quận 2 (TP. Thủ Đức),TPHCM,2012,Từ 5 tỷ 600 triệu,56 - 60 triệu/m2,Cho thuê,https://mogi.vn/the-estella-prj2429,https://mogi.vn/ho-chi-minh/quan-2/thue-nha-dat/the-estella-prj2429
prj2430,Cao ốc Thịnh Vượng,,Quận 2 (TP. Thủ Đức),TPHCM,,,,Đang bán,https://mogi.vn/can-ho-thinh-vuong-prj2430,https://mogi.vn/ho-chi-minh/quan-2/mua-nha-dat/can-ho-thinh-vuong-prj2430
prj2432,Cantavil An Phú,Công ty Xây dựng Daewon,Quận 2 (TP. Thủ Đức),TPHCM,2013,Từ 1 tỷ 725 triệu,23 - 30 triệu/m2,Đang bán,https://mogi.vn/cantavil-an-phu-prj2432,https://mogi.vn/ho-chi-minh/quan-2/mua-nha-dat/cantavil-an-phu-prj2432
prj2433,Cantavil Premier,CTCP Phát Triển Nhà Thủ Đức,Quận 2 (TP. Thủ Đức),TPHCM,2013,,,Đang bán,https://mogi.vn/cantavil-premier-prj2433,https://mogi.vn/ho-chi-minh/quan-2/mua-nha-dat/cantavil-premier-prj2433
prj2434,Cao Ốc An Khang,Công Ty Cổ Phần Đầu Tư Kinh Doanh Nhà,Quận 2 (TP. Thủ Đức),TPHCM,2009,Từ 2 tỷ 520 triệu,28 triệu/m2,Cho thuê,https://mogi.vn/cao-oc-an-khang-prj2434,https://mogi.vn/ho-chi-minh/quan-2/thue-nha-dat/cao-oc-an-khang-prj2434
prj2440,Cheery Apartment,Công Ty CP TV - TM - DV Địa Ốc Hoàng Quân,Quận 2 (TP. Thủ Đức),TPHCM,,,,,https://mogi.vn/cheery-apartment-prj2440,
prj2441,Chung Cư An Hòa,,Quận 2 (TP. Thủ Đức),TPHCM,,Từ 1 tỷ 956 triệu,39 - 45 triệu/m2,Đang bán,https://mogi.vn/chung-cu-an-hoa-prj2441,https://mogi.vn/ho-chi-minh/quan-2/mua-nha-dat/chung-cu-an-hoa-prj2441
prj2442,Chung Cư Bình Minh,,Quận 2 (TP. Thủ Đức),TPHCM,,Từ 3 tỷ 143 triệu,30 - 46 triệu/m2,Đang bán,https://mogi.vn/chung-cu-binh-minh-prj2442,https://mogi.vn/ho-chi-minh/quan-2/mua-nha-dat/chung-cu-binh-minh-prj2442
prj2450,Đảo Kim Cương,Kusto Home,Quận 2 (TP. Thủ Đức),TPHCM,2018,Từ 3 tỷ 150 triệu,70 - 90 triệu/m2,Cho thuê,https://mogi.vn/dao-kim-cuong-prj2450,https://mogi.vn/ho-chi-minh/quan-2/thue-nha-dat/dao-kim-cuong-prj2450
prj2452,Fideco RiverView,Công ty Cổ phần Ngoại thương và Phát triển Đầu tư TP.HCM,Quận 2 (TP. Thủ Đức),TPHCM,,Từ 2 tỷ 310 triệu,22 - 25 triệu/m2,Đang bán; Cho thuê,https://mogi.vn/fideco-riverview-prj2452,https://mogi.vn/ho-chi-minh/quan-2/mua-nha-dat/fideco-riverview-prj2452; https://mogi.vn/ho-chi-minh/quan-2/thue-nha-dat/fideco-riverview-prj2452
prj2453,Hoàng Anh Riverview,Công ty Semeyan (Singapore),Quận 2 (TP. Thủ Đức),TPHCM,2010,,,Cho thuê,https://mogi.vn/hoang-anh-riverview-prj2453,https://mogi.vn/ho-chi-minh/quan-2/thue-nha-dat/hoang-anh-riverview-prj2453
prj2457,Khu dân cư An Phú - Phú Nhuận,Công ty TNHH MTV Xây dựng và Kinh doanh Nhà Phú Nhuận,Quận 2 (TP. Thủ Đức),TPHCM,,,,Đang bán,https://mogi.vn/kdc-an-phu-phu-nhuan-prj2457,https://mogi.vn/ho-chi-minh/quan-2/mua-nha-dat/kdc-an-phu-phu-nhuan-prj2457
prj2478,KDC Cát Lái - Invesco,CTCP Đầu Tư & Dịch Vụ TP.HCM,Quận 2 (TP. Thủ Đức),TPHCM,2014,Từ 2 tỷ 350 triệu,23 - 40 triệu/m2,Đang bán,https://mogi.vn/kdc-cat-lai-invesco-prj2478,https://mogi.vn/ho-chi-minh/quan-2/mua-nha-dat/kdc-cat-lai-invesco-prj2478
prj2481,KDC CityLand Bình Trưng Đông,Công ty TNHH Đầu tư Địa ốc Thành Phố,Quận 2 (TP. Thủ Đức),TPHCM,2018,,,Đang bán,https://mogi.vn/kdc-cityland-binh-trung-dong-prj2481,https://mogi.vn/ho-chi-minh/quan-2/mua-nha-dat/kdc-cityland-binh-trung-dong-prj2481
prj2484,Khu dân cư Sông Giồng,Công ty TNHH Kinh doanh xây dựng nhà Văn Minh,Quận 2 (TP. Thủ Đức),TPHCM,,Từ 15 tỷ,150 - 292 triệu/m2,Đang bán,https://mogi.vn/kdc-song-giong-prj2484,https://mogi.vn/ho-chi-minh/quan-2/mua-nha-dat/kdc-song-giong-prj2484
prj2487,KDC Thạnh Mỹ Lợi – Huy Hoàng,Công Ty Cổ Phần May – Xây Dựng Huy Hoàng,Quận 2 (TP. Thủ Đức),TPHCM,2014,,,Đang bán,https://mogi.vn/kdc-thanh-my-loi-huy-hoang-prj2487,https://mogi.vn/ho-chi-minh/quan-2/mua-nha-dat/kdc-thanh-my-loi-huy-hoang-prj2487
prj2488,KDC Thạnh Mỹ Lợi – Phú Nhuận,CÔNG TY TNHH MỘT THÀNH VIÊN XÂY DỰNG VÀ KINH DOANH NHÀ PHÚ NHUẬN,Quận 2 (TP. Thủ Đức),TPHCM,,Từ,125 - 399 triệu/m2,Đang bán,https://mogi.vn/kdc-thanh-my-loi-phu-nhuan-prj2488,https://mogi.vn/ho-chi-minh/quan-2/mua-nha-dat/kdc-thanh-my-loi-phu-nhuan-prj2488
prj2489,KDC Thạnh Mỹ Lợi - PT Nhà Q. 2,,Quận 2 (TP. Thủ Đức),TPHCM,2018,Từ 3 tỷ 840 triệu,32 - 55 triệu/m2,Cho thuê,https://mogi.vn/kdc-thanh-my-loi-pt-nha-q-2-prj2489,https://mogi.vn/ho-chi-minh/quan-2/thue-nha-dat/kdc-thanh-my-loi-pt-nha-q-2-prj2489
prj2502,Khu Biệt Thự Ventura,Công ty Cổ phần Kiến Á,Quận 2 (TP. Thủ Đức),TPHCM,,Từ 4 tỷ 576 triệu,14 triệu/m2,Đang bán,https://mogi.vn/khu-biet-thu-ventura-prj2502,https://mogi.vn/ho-chi-minh/quan-2/mua-nha-dat/khu-biet-thu-ventura-prj2502
prj2507,The Vista,Tập đoàn CapitaLand,Quận 2 (TP. Thủ Đức),TPHCM,2011,,,Đang bán; Cho thuê,https://mogi.vn/the-vista-prj2507,https://mogi.vn/ho-chi-minh/quan-2/mua-nha-dat/the-vista-prj2507; https://mogi.vn/ho-chi-minh/quan-2/thue-nha-dat/the-vista-prj2507
prj2508,Khu Căn Hộ và Biệt Thự Homyland,Công ty TNHH Nông sản Tân Hoàn Mỹ,Quận 2 (TP. Thủ Đức),TPHCM,2016,,,Đang bán,https://mogi.vn/khu-can-ho-va-biet-thu-homyland-prj2508,https://mogi.vn/ho-chi-minh/quan-2/mua-nha-dat/khu-can-ho-va-biet-thu-homyland-prj2508
prj2513,Khu Dân Cư Đông Thủ Thiêm,CÔNG TY CỔ PHẦN ĐẦU TƯ THỦ THIÊM,Quận 2 (TP. Thủ Đức),TPHCM,2006,Từ 10 tỷ 192 triệu,80 - 153 triệu/m2,Đang bán,https://mogi.vn/khu-dan-cu-dong-thu-thiem-prj2513,https://mogi.vn/ho-chi-minh/quan-2/mua-nha-dat/khu-dan-cu-dong-thu-thiem-prj2513
prj2515,Khu Dân Cư Nam Rạch Chiếc,Công Ty TNHH Nam Rạch Chiếc,Quận 2 (TP. Thủ Đức),TPHCM,,Từ 5 tỷ 687 triệu,121 - 255 triệu/m2,Đang bán,https://mogi.vn/khu-dan-cu-nam-rach-chiec-prj2515,https://mogi.vn/ho-chi-minh/quan-2/mua-nha-dat/khu-dan-cu-nam-rach-chiec-prj2515
prj2517,Khu Dân Cư Saigon Exim,Công Ty CP BĐS Exim,Quận 2 (TP. Thủ Đức),TPHCM,2012,,,Đang bán,https://mogi.vn/khu-dan-cu-saigon-exim-prj2517,https://mogi.vn/ho-chi-minh/quan-2/mua-nha-dat/khu-dan-cu-saigon-exim-prj2517
prj2519,Khu Dân Cư Thạnh Mỹ Lợi,Công ty Cổ Phần XD TM DV Khang Thông,Quận 2 (TP. Thủ Đức),TPHCM,2007,Từ 5 tỷ 83 triệu,23 - 35 triệu/m2,Đang bán,https://mogi.vn/khu-dan-cu-thanh-my-loi-prj2519,https://mogi.vn/ho-chi-minh/quan-2/mua-nha-dat/khu-dan-cu-thanh-my-loi-prj2519
prj2520,Khu dân cư Thế Kỷ 21,Công Ty CP Thế Kỷ 21,Quận 2 (TP. Thủ Đức),TPHCM,,Từ 8 tỷ 869 triệu,145 - 280 triệu/m2,Đang bán,https://mogi.vn/khu-dan-cu-the-ky-21-prj2520,https://mogi.vn/ho-chi-minh/quan-2/mua-nha-dat/khu-dan-cu-the-ky-21-prj2520
prj2523,Khu Đô Thị Mới An Phú - An Khánh,Tổng Công Ty Địa Ốc Sài Gòn,Quận 2 (TP. Thủ Đức),TPHCM,2011,Từ 288 triệu,3 - 96 triệu/m2,Đang bán; Cho thuê,https://mogi.vn/khu-do-thi-moi-an-phu-an-khanh-prj2523,https://mogi.vn/ho-chi-minh/quan-2/mua-nha-dat/khu-do-thi-moi-an-phu-an-khanh-prj2523; https://mogi.vn/ho-chi-minh/quan-2/thue-nha-dat/khu-do-thi-moi-an-phu-an-khanh-prj2523
prj2530,May Apartments,,Quận 2 (TP. Thủ Đức),TPHCM,,,,,https://mogi.vn/may-apartments-prj2530,
prj2532,Metropolis Thảo Điền,CÔNG TY CỔ PHẦN ĐẦU TƯ THẢO ĐIỀN,Quận 2 (TP. Thủ Đức),TPHCM,2016,,,Đang bán,https://mogi.vn/metropolis-thao-dien-prj2532,https://mogi.vn/ho-chi-minh/quan-2/mua-nha-dat/metropolis-thao-dien-prj2532
prj2533,Midpoint Villa,,Quận 2 (TP. Thủ Đức),TPHCM,,,,,https://mogi.vn/midpoint-villa-prj2533,
prj2534,ParcSpring,Tập đoàn CapitaLand,Quận 2 (TP. Thủ Đức),TPHCM,2014,Từ 2 tỷ 312 triệu,34 - 36 triệu/m2,Đang bán,https://mogi.vn/parcspring-prj2534,https://mogi.vn/ho-chi-minh/quan-2/mua-nha-dat/parcspring-prj2534
prj2535,Petro VietNam Landmark,Công Ty CP Địa Ốc Dầu Khí,Quận 2 (TP. Thủ Đức),TPHCM,2014,Từ 3 tỷ 553 triệu,37 - 44 triệu/m2,Cho thuê,https://mogi.vn/petro-vietnam-landmark-prj2535,https://mogi.vn/ho-chi-minh/quan-2/thue-nha-dat/petro-vietnam-landmark-prj2535
prj2536,Preche Thảo Điền,Công ty CP Xây dựng Công nghiệp - DESCON,Quận 2 (TP. Thủ Đức),TPHCM,2010,,,,https://mogi.vn/preche-thao-dien-prj2536,
prj2539,Saigon Sports City,CÔNG TY TNHH KEPPEL LAND VIỆT NAM,Quận 2 (TP. Thủ Đức),TPHCM,2023,Từ 5 tỷ 600 triệu,70 - 95 triệu/m2,Đang bán,https://mogi.vn/saigon-sports-city-prj2539,https://mogi.vn/ho-chi-minh/quan-2/mua-nha-dat/saigon-sports-city-prj2539
prj2541,Thảo Điền Pearl,CTCP Tập Đoàn SSG,Quận 2 (TP. Thủ Đức),TPHCM,2013,,,Đang bán,https://mogi.vn/thao-dien-pearl-prj2541,https://mogi.vn/ho-chi-minh/quan-2/mua-nha-dat/thao-dien-pearl-prj2541
prj2542,Thủ Thiêm Star,CÔNG TY CỔ PHẦN ĐẦU TƯ THỦ THIÊM,Quận 2 (TP. Thủ Đức),TPHCM,2014,Từ 930 triệu,15 - 17 triệu/m2,Đang bán,https://mogi.vn/thu-thiem-star-prj2542,https://mogi.vn/ho-chi-minh/quan-2/mua-nha-dat/thu-thiem-star-prj2542
prj2543,Thủ Thiêm Villa,CÔNG TY CỔ PHẦN ĐẦU TƯ THỦ THIÊM,Quận 2 (TP. Thủ Đức),TPHCM,,Từ 18 tỷ 880 triệu,118 - 169 triệu/m2,Đang bán,https://mogi.vn/thu-thiem-villa-prj2543,https://mogi.vn/ho-chi-minh/quan-2/mua-nha-dat/thu-thiem-villa-prj2543
prj2544,Thủ Thiêm Xanh,CÔNG TY CỔ PHẦN ĐẦU TƯ THỦ THIÊM,Quận 2 (TP. Thủ Đức),TPHCM,2013,Từ 885 triệu,15 triệu/m2,Đang bán,https://mogi.vn/thu-thiem-xanh-prj2544,https://mogi.vn/ho-chi-minh/quan-2/mua-nha-dat/thu-thiem-xanh-prj2544
prj2548,Veronica Apartment,C.T Group,Quận 2 (TP. Thủ Đức),TPHCM,,,,,https://mogi.vn/veronica-apartment-prj2548,
prj2550,Villa Riviera,CÔNG TY TNHH KEPPEL LAND VIỆT NAM,Quận 2 (TP. Thủ Đức),TPHCM,,Từ 23 tỷ 409 triệu,81 - 90 triệu/m2,Đang bán,https://mogi.vn/villa-riviera-prj2550,https://mogi.vn/ho-chi-minh/quan-2/mua-nha-dat/villa-riviera-prj2550
prj2551,Waterfront Residences,,Quận 2 (TP. Thủ Đức),TPHCM,,,,,https://mogi.vn/waterfront-residences-prj2551,
prj2552,Agrex Tower,CÔNG TY CỔ PHẦN THỰC PHẨM NÔNG SẢN XUẤT KHẨU SÀI GÒN,Quận 3,TPHCM,2011,Từ 31 triệu 887 nghìn,0 triệu/m2,Đang bán,https://mogi.vn/agrex-tower-prj2552,https://mogi.vn/ho-chi-minh/quan-3/mua-nha-dat/agrex-tower-prj2552
prj2554,An Phú Plaza,Công Ty Cổ Phần An Phú,Quận 3,TPHCM,,,,Đang bán,https://mogi.vn/an-phu-plaza-prj2554,https://mogi.vn/ho-chi-minh/quan-3/mua-nha-dat/an-phu-plaza-prj2554
prj2559,Căn Hộ Cao cấp Trương Định - Crec Building,C.T Group,Quận 3,TPHCM,,,,Đang bán,https://mogi.vn/can-ho-cao-cap-truong-dinh-crec-building-prj2559,https://mogi.vn/ho-chi-minh/quan-3/mua-nha-dat/can-ho-cao-cap-truong-dinh-crec-building-prj2559
prj2561,Cao Ốc 107 Trương Định,Công ty Cổ Phần Xây dựng & Kinh doanh Địa ốc III,Quận 3,TPHCM,,Từ 3 tỷ 551 triệu,67 - 278 triệu/m2,Cho thuê,https://mogi.vn/cao-oc-107-truong-dinh-prj2561,https://mogi.vn/ho-chi-minh/quan-3/thue-nha-dat/cao-oc-107-truong-dinh-prj2561
prj2565,Cao Ốc DC Tower,,Quận 3,TPHCM,,,,Cho thuê,https://mogi.vn/cao-oc-dc-tower-prj2565,https://mogi.vn/ho-chi-minh/quan-3/thue-nha-dat/cao-oc-dc-tower-prj2565
prj2571,Cao Ốc IDC,Đang cập nhật,Quận 3,TPHCM,,,,,https://mogi.vn/cao-oc-idc-prj2571,
prj2578,Cao Ốc Ngọc Đông Dương,Công ty TNHH Đầu Tư và Phát Triển Nhà Ngọc Đông Dương,Quận 3,TPHCM,,,,,https://mogi.vn/cao-oc-ngoc-dong-duong-prj2578,
prj2582,Cao Ốc PMC,Đang cập nhật,Quận 3,TPHCM,,,,,https://mogi.vn/cao-oc-pmc-prj2582,
prj2584,Cao Ốc Saigon Pavillon,CÔNG TY CỔ PHẦN ĐẦU TƯ XÂY DỰNG PHÚ HƯNG GIA,Quận 3,TPHCM,2011,Từ 5 tỷ 916 triệu,103 - 114 triệu/m2,Đang bán,https://mogi.vn/cao-oc-saigon-pavillon-prj2584,https://mogi.vn/ho-chi-minh/quan-3/mua-nha-dat/cao-oc-saigon-pavillon-prj2584
prj2602,Green Building,,Quận 3,TPHCM,,Từ 2 tỷ 50 triệu,23 - 40 triệu/m2,Cho thuê,https://mogi.vn/green-building-prj2602,https://mogi.vn/ho-chi-minh/quan-3/thue-nha-dat/green-building-prj2602
prj2608,Jabes 2 Building,Công Ty TNHH Đầu Tư Xây Dựng Thiên Phước,Quận 3,TPHCM,,,,,https://mogi.vn/jabes-2-building-prj2608,
prj2610,Khu Căn Hộ Cao Cấp Sherwood Residence,Công ty CP Đầu tư Vạn Thịnh Phát,Quận 3,TPHCM,,,,Đang bán,https://mogi.vn/khu-can-ho-cao-cap-sherwood-residence-prj2610,https://mogi.vn/ho-chi-minh/quan-3/mua-nha-dat/khu-can-ho-cao-cap-sherwood-residence-prj2610
prj2614,Liên Hoa Building,DOANH NGHIỆP TƯ NHÂN LIÊN HOA BÌNH PHƯƠNG,Quận 3,TPHCM,,Từ 8 triệu 424 nghìn,0 - 0 triệu/m2,,https://mogi.vn/lien-hoa-building-prj2614,
prj2616,MB Building,Công ty Cổ phần Địa ốc MB,Quận 3,TPHCM,,,,,https://mogi.vn/mb-building-prj2616,
prj2618,Minh Long Tower,,Quận 3,TPHCM,,,,,https://mogi.vn/minh-long-tower-prj2618,
prj2620,New Pearl,Công ty CP Đầu tư Vạn Thịnh Phát,Quận 3,TPHCM,,,,,https://mogi.vn/new-pearl-prj2620,
prj2621,Nghĩa Tín Building,Đang cập nhật,Quận 3,TPHCM,,,,,https://mogi.vn/nghia-tin-building-prj2621,
prj2628,PNT Court,,Quận 3,TPHCM,,,,,https://mogi.vn/pnt-court-prj2628,
prj2631,Saigon Mansion,Công Ty Liên Doanh Căn Hộ & Văn Phòng Sài Gòn Mansion,Quận 3,TPHCM,,,,,https://mogi.vn/saigon-mansion-prj2631,
prj2633,Saigon Software Park,TT Công Nghệ Phần Mềm Sài Gòn,Quận 3,TPHCM,,,,,https://mogi.vn/saigon-software-park-prj2633,
prj2634,Screc Tower,CÔNG TY CP ĐẦU TƯ-XÂY DỰNG VÀ KINH DOANH NHÀ SÀI GÒN,Quận 3,TPHCM,2012,Từ 1 tỷ 453 triệu,28 triệu/m2,Cho thuê,https://mogi.vn/screc-tower-prj2634,https://mogi.vn/ho-chi-minh/quan-3/thue-nha-dat/screc-tower-prj2634
prj2636,Tài Lộc Office Building,sửa tên đơn vị,Quận 3,TPHCM,,,,,https://mogi.vn/tai-loc-office-building-prj2636,
prj2638,Thiên Hồng Building,sửa tên đơn vị,Quận 3,TPHCM,,,,,https://mogi.vn/thien-hong-building-prj2638,
prj2651,Căn Hộ Cao Cấp Copac Square,CÔNG TY CỔ PHẦN ĐẦU TƯ XÂY DỰNG VÀ THƯƠNG MẠI THÁI BÌNH DƯƠNG,Quận 4,TPHCM,2010,,,Đang bán; Cho thuê,https://mogi.vn/can-ho-cao-cap-copac-square-prj2651,https://mogi.vn/ho-chi-minh/quan-4/mua-nha-dat/can-ho-cao-cap-copac-square-prj2651; https://mogi.vn/ho-chi-minh/quan-4/thue-nha-dat/can-ho-cao-cap-copac-square-prj2651
prj2652,Căn Hộ Cao Cấp H3 Hoàng Diệu,,Quận 4,TPHCM,,,,Đang bán; Cho thuê,https://mogi.vn/can-ho-cao-cap-h3-hoang-dieu-prj2652,https://mogi.vn/ho-chi-minh/quan-4/mua-nha-dat/can-ho-cao-cap-h3-hoang-dieu-prj2652; https://mogi.vn/ho-chi-minh/quan-4/thue-nha-dat/can-ho-cao-cap-h3-hoang-dieu-prj2652
prj2653,Căn Hộ Cao Cấp Orient Apartment,,Quận 4,TPHCM,2008,,,Đang bán; Cho thuê,https://mogi.vn/can-ho-cao-cap-orient-apartment-prj2653,https://mogi.vn/ho-chi-minh/quan-4/mua-nha-dat/can-ho-cao-cap-orient-apartment-prj2653; https://mogi.vn/ho-chi-minh/quan-4/thue-nha-dat/can-ho-cao-cap-orient-apartment-prj2653
prj2654,Cao Ốc Căn Hộ H2 Hoàng Diệu,CÔNG TY TNHH MỘT THÀNH VIÊN DỊCH VỤ CÔNG ÍCH QUẬN 4,Quận 4,TPHCM,2009,Từ 1 tỷ 271 triệu,31 - 43 triệu/m2,Đang bán,https://mogi.vn/cao-oc-can-ho-h2-hoang-dieu-prj2654,https://mogi.vn/ho-chi-minh/quan-4/mua-nha-dat/cao-oc-can-ho-h2-hoang-dieu-prj2654
prj2658,Chung Cư Cao Cấp Khánh Hội 2,CÔNG TY CỔ PHẦN ĐẦU TƯ VÀ DỊCH VỤ KHÁNH HỘI,Quận 4,TPHCM,2009,Từ 2 tỷ 166 triệu,38 - 47 triệu/m2,Đang bán; Cho thuê,https://mogi.vn/chung-cu-cao-cap-khanh-hoi-2-prj2658,https://mogi.vn/ho-chi-minh/quan-4/mua-nha-dat/chung-cu-cao-cap-khanh-hoi-2-prj2658; https://mogi.vn/ho-chi-minh/quan-4/thue-nha-dat/chung-cu-cao-cap-khanh-hoi-2-prj2658
prj2660,Chung Cư Khánh Hội 3,CEO GROUP,Quận 4,TPHCM,,,,Đang bán,https://mogi.vn/chung-cu-khanh-hoi-3-prj2660,https://mogi.vn/ho-chi-minh/quan-4/mua-nha-dat/chung-cu-khanh-hoi-3-prj2660
prj2661,Chung Cư Khánh Hội I,CÔNG TY CỔ PHẦN XUẤT NHẬP KHẨU KHÁNH HỘI,Quận 4,TPHCM,,Từ 1 tỷ 680 triệu,28 - 54 triệu/m2,Đang bán,https://mogi.vn/chung-cu-khanh-hoi-i-prj2661,https://mogi.vn/ho-chi-minh/quan-4/mua-nha-dat/chung-cu-khanh-hoi-i-prj2661
prj2663,Chung Cư Tôn Thất Thuyết,,Quận 4,TPHCM,2004,,,Đang bán,https://mogi.vn/chung-cu-ton-that-thuyet-prj2663,https://mogi.vn/ho-chi-minh/quan-4/mua-nha-dat/chung-cu-ton-that-thuyet-prj2663
prj2664,Chung Cư Vạn Đô,Công ty TNHH MTV Địa ốc FiCO,Quận 4,TPHCM,2007,Từ 1 tỷ 908 triệu,36 - 46 triệu/m2,Đang bán; Cho thuê,https://mogi.vn/chung-cu-van-do-prj2664,https://mogi.vn/ho-chi-minh/quan-4/mua-nha-dat/chung-cu-van-do-prj2664; https://mogi.vn/ho-chi-minh/quan-4/thue-nha-dat/chung-cu-van-do-prj2664
prj2670,Khahomex Savico Tower,CÔNG TY CỔ PHẦN XUẤT NHẬP KHẨU KHÁNH HỘI,Quận 4,TPHCM,,,,,https://mogi.vn/khahomex-savico-tower-prj2670,
prj2676,Lancaster Residences D4,CEO GROUP,Quận 4,TPHCM,,,,,https://mogi.vn/lancaster-residences-d4-prj2676,
prj2688,Vietcas Tower,,Quận 4,TPHCM,,,,Cho thuê,https://mogi.vn/vietcas-tower-prj2688,https://mogi.vn/ho-chi-minh/quan-4/thue-nha-dat/vietcas-tower-prj2688
prj2692,Chung Cư Ngọc Khánh,Chủ đầu tư: Công ty TNHH TM DV KIM KIM HOÀN MỸ,Quận 5,TPHCM,2015,,,Cho thuê,https://mogi.vn/can-ho-ngoc-khanh-prj2692,https://mogi.vn/ho-chi-minh/quan-5/thue-nha-dat/can-ho-ngoc-khanh-prj2692
prj2694,Cao Ốc Cinco,Công ty Đầu tư và Xây dựng Thanh Niên Xung Phong (Cinco),Quận 5,TPHCM,2010,,,,https://mogi.vn/cao-oc-cinco-prj2694,
prj2697,Chung Cư Phúc Thịnh,CTCP ĐT&XD Số 8,Quận 5,TPHCM,2004,Từ 1 tỷ 140 triệu,38 - 45 triệu/m2,Đang bán; Cho thuê,https://mogi.vn/cao-oc-phuc-thinh-prj2697,https://mogi.vn/ho-chi-minh/quan-5/mua-nha-dat/cao-oc-phuc-thinh-prj2697; https://mogi.vn/ho-chi-minh/quan-5/thue-nha-dat/cao-oc-phuc-thinh-prj2697
prj2699,Thuận Kiều Plaza,Công ty TNHH MTV Xây dựng Thương mại Sài Gòn 5,Quận 5,TPHCM,,,,,https://mogi.vn/cao-oc-thuan-kieu-plaza-prj2699,
prj2705,Chung cư Lakai,,Quận 5,TPHCM,,Từ,41 - 48 triệu/m2,Đang bán,https://mogi.vn/chung-cu-cao-cap-va-trung-tam-thuong-mai-lakai-prj2705,https://mogi.vn/ho-chi-minh/quan-5/mua-nha-dat/chung-cu-cao-cap-va-trung-tam-thuong-mai-lakai-prj2705
prj2711,Chung Cư Sao Mai,,Quận 5,TPHCM,,,,Cho thuê,https://mogi.vn/chung-cu-sao-mai-prj2711,https://mogi.vn/ho-chi-minh/quan-5/thue-nha-dat/chung-cu-sao-mai-prj2711
prj2714,Hùng Vương Plaza,Công ty Cổ phần Kinh Đô,Quận 5,TPHCM,2008,Từ 3 tỷ 510 triệu,30 - 40 triệu/m2,Đang bán,https://mogi.vn/hung-vuong-plaza-prj2714,https://mogi.vn/ho-chi-minh/quan-5/mua-nha-dat/hung-vuong-plaza-prj2714
prj2719,The EverRich Infinity,Công ty CP Phát triển Bất động sản Phát Đạt,Quận 5,TPHCM,2017,Từ 2 tỷ 100 triệu,70 - 80 triệu/m2,Đang bán,https://mogi.vn/the-everrich-infinity-prj2719,https://mogi.vn/ho-chi-minh/quan-5/mua-nha-dat/the-everrich-infinity-prj2719
prj2723,Bình Tây Plaza,CÔNG TY CỔ PHẦN ĐẦU TƯ TẤN HƯNG,Quận 6,TPHCM,,,,Đang bán,https://mogi.vn/binh-tay-plaza-prj2723,https://mogi.vn/ho-chi-minh/quan-6/mua-nha-dat/binh-tay-plaza-prj2723
prj2724,Blue Sapphire Bình Phú,Công ty CP Đầu tư và Phát triển Nhà đất Cotec,Quận 6,TPHCM,,Từ 1 tỷ 912 triệu,28 - 37 triệu/m2,Cho thuê,https://mogi.vn/blue-sapphire-binh-phu-prj2724,https://mogi.vn/ho-chi-minh/quan-6/thue-nha-dat/blue-sapphire-binh-phu-prj2724
prj2738,Khu Căn Hộ Cao Cấp An Phú,Công Ty Cổ Phần An Phú,Quận 6,TPHCM,2014,Từ 1 tỷ 571 triệu,29 - 38 triệu/m2,Đang bán,https://mogi.vn/khu-can-ho-cao-cap-an-phu-prj2738,https://mogi.vn/ho-chi-minh/quan-6/mua-nha-dat/khu-can-ho-cao-cap-an-phu-prj2738
prj2740,Sacomreal Hùng Vương,Công ty CP Địa ốc Sài Gòn Thương Tín,Quận 6,TPHCM,,,,,https://mogi.vn/sacomreal-hung-vuong-prj2740,
prj2753,V-Star,CÔNG TY TƯ VẤN BẤT ĐỘNG SẢN VÀ XÂY DỰNG V-STAR,Quận 7,TPHCM,2010,Từ 1 tỷ 190 triệu,14 - 18 triệu/m2,Đang bán,https://mogi.vn/v-star-prj2753,https://mogi.vn/ho-chi-minh/quan-7/mua-nha-dat/v-star-prj2753
prj2757,Biệt thự Hưng Thái 1,Công Ty TNHH LD Phú Mỹ Hưng,Quận 7,TPHCM,2013,,,Cho thuê,https://mogi.vn/biet-thu-hung-thai-1-prj2757,https://mogi.vn/ho-chi-minh/quan-7/thue-nha-dat/biet-thu-hung-thai-1-prj2757
prj2758,Biệt Thự Mỹ Phú 3,Công Ty TNHH Liên Doanh Phú Mỹ Hưng,Quận 7,TPHCM,2012,,,Cho thuê,https://mogi.vn/biet-thu-my-phu-3-prj2758,https://mogi.vn/ho-chi-minh/quan-7/thue-nha-dat/biet-thu-my-phu-3-prj2758
prj2759,Biệt Thự Nam Phú,Công ty CP Đầu tư Nam Long,Quận 7,TPHCM,2008,Từ 8 tỷ 970 triệu,26 - 26 triệu/m2,Cho thuê,https://mogi.vn/biet-thu-nam-phu-prj2759,https://mogi.vn/ho-chi-minh/quan-7/thue-nha-dat/biet-thu-nam-phu-prj2759
prj2760,Biệt Thự Phố Vườn Mỹ Thái 3,Công Ty TNHH Liên Doanh Phú Mỹ Hưng,Quận 7,TPHCM,2006,,,Cho thuê,https://mogi.vn/biet-thu-pho-vuon-my-thai-3-prj2760,https://mogi.vn/ho-chi-minh/quan-7/thue-nha-dat/biet-thu-pho-vuon-my-thai-3-prj2760
prj2763,Căn Hộ An Viên,CÔNG TY CỔ PHẦN ĐẦU TƯ NAM LONG,Quận 7,TPHCM,2009,,,Đang bán,https://mogi.vn/can-ho-an-vien-prj2763,https://mogi.vn/ho-chi-minh/quan-7/mua-nha-dat/can-ho-an-vien-prj2763
prj2764,Belleza Apartment,TTC Land,Quận 7,TPHCM,2012,Từ 1 tỷ 555 triệu,18 - 21 triệu/m2,Đang bán,https://mogi.vn/belleza-apartment-prj2764,https://mogi.vn/ho-chi-minh/quan-7/mua-nha-dat/belleza-apartment-prj2764
prj2765,Garden Plaza 2,Công ty TNHH Phát Triển Phú Mỹ Hưng,Quận 7,TPHCM,2008,Từ 4 tỷ 305 triệu,35 - 50 triệu/m2,Cho thuê,https://mogi.vn/can-ho-cao-cap-garden-plaza-2-prj2765,https://mogi.vn/ho-chi-minh/quan-7/thue-nha-dat/can-ho-cao-cap-garden-plaza-2-prj2765
prj2766,Căn Hộ Cao Cấp Huỳnh Tấn Phát,Công ty CP Đầu tư Khu Công Nghiệp Dầu khí - IDICO,Quận 7,TPHCM,,Từ 1 tỷ 584 triệu,24 - 35 triệu/m2,Cho thuê,https://mogi.vn/can-ho-cao-cap-huynh-tan-phat-prj2766,https://mogi.vn/ho-chi-minh/quan-7/thue-nha-dat/can-ho-cao-cap-huynh-tan-phat-prj2766
prj2768,"Căn Hộ Cao Cấp Mỹ Khánh 1,2,3,4",Công Ty TNHH LD Phú Mỹ Hưng,Quận 7,TPHCM,,Từ 5 tỷ 600 triệu,50 - 90 triệu/m2,Đang bán; Cho thuê,https://mogi.vn/can-ho-cao-cap-my-khanh-1-2-3-4-prj2768,https://mogi.vn/ho-chi-minh/quan-7/mua-nha-dat/can-ho-cao-cap-my-khanh-1-2-3-4-prj2768; https://mogi.vn/ho-chi-minh/quan-7/thue-nha-dat/can-ho-cao-cap-my-khanh-1-2-3-4-prj2768
prj2769,Căn Hộ Cao Cấp Mỹ Phát,Công Ty TNHH LD Phú Mỹ Hưng,Quận 7,TPHCM,2008,,,Cho thuê,https://mogi.vn/can-ho-cao-cap-my-phat-prj2769,https://mogi.vn/ho-chi-minh/quan-7/thue-nha-dat/can-ho-cao-cap-my-phat-prj2769
prj2770,Căn Hộ Cao Cấp Mỹ Viên,Công Ty TNHH LD Phú Mỹ Hưng,Quận 7,TPHCM,,Từ 4 tỷ 607 triệu,48 - 640 triệu/m2,Đang bán; Cho thuê,https://mogi.vn/can-ho-cao-cap-my-vien-prj2770,https://mogi.vn/ho-chi-minh/quan-7/mua-nha-dat/can-ho-cao-cap-my-vien-prj2770; https://mogi.vn/ho-chi-minh/quan-7/thue-nha-dat/can-ho-cao-cap-my-vien-prj2770
prj2772,Căn Hộ Cao Cấp Phú Mỹ - Vạn Phát Hưng,CÔNG TY CỔ PHẦN VẠN PHÁT HƯNG,Quận 7,TPHCM,,Từ 2 tỷ 665 triệu,41 - 153 triệu/m2,Đang bán,https://mogi.vn/can-ho-cao-cap-phu-my-van-phat-hung-prj2772,https://mogi.vn/ho-chi-minh/quan-7/mua-nha-dat/can-ho-cao-cap-phu-my-van-phat-hung-prj2772
prj2773,Căn Hộ Cao Cấp Phú Mỹ An,,Quận 7,TPHCM,,,,Đang bán,https://mogi.vn/can-ho-cao-cap-phu-my-an-prj2773,https://mogi.vn/ho-chi-minh/quan-7/mua-nha-dat/can-ho-cao-cap-phu-my-an-prj2773
prj2774,Căn Hộ Garden Court 1,Công Ty TNHH LD Phú Mỹ Hưng,Quận 7,TPHCM,2008,,,Cho thuê,https://mogi.vn/can-ho-garden-court-1-prj2774,https://mogi.vn/ho-chi-minh/quan-7/thue-nha-dat/can-ho-garden-court-1-prj2774
prj2775,Căn Hộ Garden Court 2,Công Ty TNHH LD Phú Mỹ Hưng,Quận 7,TPHCM,2009,,,Đang bán; Cho thuê,https://mogi.vn/can-ho-garden-court-2-prj2775,https://mogi.vn/ho-chi-minh/quan-7/mua-nha-dat/can-ho-garden-court-2-prj2775; https://mogi.vn/ho-chi-minh/quan-7/thue-nha-dat/can-ho-garden-court-2-prj2775
prj2777,Căn hộ Hoàng Anh Thanh Bình,CÔNG TY CỔ PHẦN HOÀNG ANH GIA LAI,Quận 7,TPHCM,2016,Từ 1 tỷ 357 triệu,18 - 23 triệu/m2,Đang bán; Cho thuê,https://mogi.vn/can-ho-hoang-anh-thanh-binh-prj2777,https://mogi.vn/ho-chi-minh/quan-7/mua-nha-dat/can-ho-hoang-anh-thanh-binh-prj2777; https://mogi.vn/ho-chi-minh/quan-7/thue-nha-dat/can-ho-hoang-anh-thanh-binh-prj2777
prj2778,Căn Hộ Hưng Vượng 1,Công Ty TNHH LD Phú Mỹ Hưng,Quận 7,TPHCM,,,,Đang bán,https://mogi.vn/can-ho-hung-vuong-1-prj2778,https://mogi.vn/ho-chi-minh/quan-7/mua-nha-dat/can-ho-hung-vuong-1-prj2778
prj2779,Căn Hộ Hưng Vượng 2,Công Ty TNHH LD Phú Mỹ Hưng,Quận 7,TPHCM,2002,Từ 1 tỷ 496 triệu,22 - 25 triệu/m2,Đang bán,https://mogi.vn/can-ho-hung-vuong-2-prj2779,https://mogi.vn/ho-chi-minh/quan-7/mua-nha-dat/can-ho-hung-vuong-2-prj2779
prj2780,Căn Hộ Hưng Vượng 3,Công Ty TNHH LD Phú Mỹ Hưng,Quận 7,TPHCM,2002,Từ 1 tỷ 496 triệu,22 - 25 triệu/m2,Cho thuê,https://mogi.vn/can-ho-hung-vuong-3-prj2780,https://mogi.vn/ho-chi-minh/quan-7/thue-nha-dat/can-ho-hung-vuong-3-prj2780
prj2782,Căn Hộ Quốc Cường 1,Công ty Cổ Phần Quốc Cường Gia Lai,Quận 7,TPHCM,,Từ 2 tỷ 221 triệu,22 - 26 triệu/m2,Cho thuê,https://mogi.vn/can-ho-quoc-cuong-1-prj2782,https://mogi.vn/ho-chi-minh/quan-7/thue-nha-dat/can-ho-quoc-cuong-1-prj2782
prj2784,Tulip Tower,Công ty Cổ phần Xây dựng Thuận Hưng,Quận 7,TPHCM,2016,Từ 1 tỷ 575 triệu,22 - 25 triệu/m2,Đang bán,https://mogi.vn/can-ho-the-tulip-prj2784,https://mogi.vn/ho-chi-minh/quan-7/mua-nha-dat/can-ho-the-tulip-prj2784
prj2785,Cao Ốc Cảnh Viên 3,Công Ty TNHH LD Phú Mỹ Hưng,Quận 7,TPHCM,2012,Từ 5 tỷ 265 triệu,45 triệu/m2,Cho thuê,https://mogi.vn/cao-oc-canh-vien-3-prj2785,https://mogi.vn/ho-chi-minh/quan-7/thue-nha-dat/cao-oc-canh-vien-3-prj2785
prj2797,Chung Cư Tân Mỹ,Công ty Cổ Phần Xây dựng & Kinh doanh Địa ốc III,Quận 7,TPHCM,,Từ 1 tỷ 59 triệu,29 - 41 triệu/m2,Cho thuê,https://mogi.vn/chung-cu-tan-my-prj2797,https://mogi.vn/ho-chi-minh/quan-7/thue-nha-dat/chung-cu-tan-my-prj2797
prj2803,Ehome 5 – The Bridgeview,CÔNG TY CỔ PHẦN ĐẦU TƯ NAM LONG,Quận 7,TPHCM,2014,,,Đang bán,https://mogi.vn/ehome-5-the-bridgeview-prj2803,https://mogi.vn/ho-chi-minh/quan-7/mua-nha-dat/ehome-5-the-bridgeview-prj2803
prj2805,Garden Plaza 1,Công Ty TNHH LD Phú Mỹ Hưng,Quận 7,TPHCM,,,,Đang bán; Cho thuê,https://mogi.vn/garden-plaza-1-prj2805,https://mogi.vn/ho-chi-minh/quan-7/mua-nha-dat/garden-plaza-1-prj2805; https://mogi.vn/ho-chi-minh/quan-7/thue-nha-dat/garden-plaza-1-prj2805
prj2808,Happy Valley,Công Ty TNHH Liên Doanh Phú Mỹ Hưng,Quận 7,TPHCM,2015,Từ 3 tỷ 159 triệu,39 - 48 triệu/m2,Đang bán; Cho thuê,https://mogi.vn/happy-valley-prj2808,https://mogi.vn/ho-chi-minh/quan-7/mua-nha-dat/happy-valley-prj2808; https://mogi.vn/ho-chi-minh/quan-7/thue-nha-dat/happy-valley-prj2808
prj2809,Him Lam Riverside,CÔNG TY CỔ PHẦN HIM LAM,Quận 7,TPHCM,2015,Từ 1 tỷ 947 triệu,33 - 39 triệu/m2,Đang bán; Cho thuê,https://mogi.vn/him-lam-riverside-prj2809,https://mogi.vn/ho-chi-minh/quan-7/mua-nha-dat/him-lam-riverside-prj2809; https://mogi.vn/ho-chi-minh/quan-7/thue-nha-dat/him-lam-riverside-prj2809
prj2810,Hồ Bán Nguyệt (The Crescent),Công Ty TNHH LD Phú Mỹ Hưng,Quận 7,TPHCM,2009,Từ 2 tỷ 279 triệu,43 triệu/m2,Đang bán,https://mogi.vn/ho-ban-nguyet-the-crescent-prj2810,https://mogi.vn/ho-chi-minh/quan-7/mua-nha-dat/ho-ban-nguyet-the-crescent-prj2810
prj2811,Hưng Gia 1,Công Ty TNHH Liên Doanh Phú Mỹ Hưng,Quận 7,TPHCM,,Từ 23 tỷ 220 triệu,209 - 451 triệu/m2,Đang bán; Cho thuê,https://mogi.vn/hung-gia-1-prj2811,https://mogi.vn/ho-chi-minh/quan-7/mua-nha-dat/hung-gia-1-prj2811; https://mogi.vn/ho-chi-minh/quan-7/thue-nha-dat/hung-gia-1-prj2811
prj2815,Hưng Phước 1,Công Ty TNHH LD Phú Mỹ Hưng,Quận 7,TPHCM,,,,Đang bán; Cho thuê,https://mogi.vn/hung-phuoc-1-prj2815,https://mogi.vn/ho-chi-minh/quan-7/mua-nha-dat/hung-phuoc-1-prj2815; https://mogi.vn/ho-chi-minh/quan-7/thue-nha-dat/hung-phuoc-1-prj2815
prj2820,Jamona City,TTC Land,Quận 7,TPHCM,2013,,,Đang bán,https://mogi.vn/jamona-city-prj2820,https://mogi.vn/ho-chi-minh/quan-7/mua-nha-dat/jamona-city-prj2820
prj2825,KDC Him Lam Tân Hưng,CÔNG TY CỔ PHẦN HIM LAM,Quận 7,TPHCM,2011,Từ 6 tỷ,75 - 140 triệu/m2,Cho thuê,https://mogi.vn/kdc-him-lam-tan-hung-prj2825,https://mogi.vn/ho-chi-minh/quan-7/thue-nha-dat/kdc-him-lam-tan-hung-prj2825
prj2829,KDC Phú Mỹ - Chợ Lớn,CÔNG TY CỔ PHẦN ĐỊA ỐC CHỢ LỚN,Quận 7,TPHCM,,Từ,89 - 125 triệu/m2,Đang bán,https://mogi.vn/kdc-phu-my-cho-lon-prj2829,https://mogi.vn/ho-chi-minh/quan-7/mua-nha-dat/kdc-phu-my-cho-lon-prj2829
prj2839,KDC Ven Sông SADECO,Công ty cổ phần Phát triển Nam Sài Gòn,Quận 7,TPHCM,,,,Đang bán,https://mogi.vn/kdc-ven-song-sadeco-prj2839,https://mogi.vn/ho-chi-minh/quan-7/mua-nha-dat/kdc-ven-song-sadeco-prj2839
prj2841,Khu Biệt Thự Cao Cấp Phú Gia,Công Ty TNHH LD Phú Mỹ Hưng,Quận 7,TPHCM,,Từ 91 tỷ 584 triệu,248 - 308 triệu/m2,Cho thuê,https://mogi.vn/khu-biet-thu-cao-cap-phu-gia-prj2841,https://mogi.vn/ho-chi-minh/quan-7/thue-nha-dat/khu-biet-thu-cao-cap-phu-gia-prj2841
prj2842,Khu Biệt Thự Cảnh Quan Mỹ Tú 1,Công Ty TNHH LD Phú Mỹ Hưng,Quận 7,TPHCM,,,,Cho thuê,https://mogi.vn/khu-biet-thu-canh-quan-my-tu-1-prj2842,https://mogi.vn/ho-chi-minh/quan-7/thue-nha-dat/khu-biet-thu-canh-quan-my-tu-1-prj2842
prj2843,Khu Biệt Thự Cao Cấp City Land,Công ty TNHH Đầu tư Địa ốc Thành Phố,Quận 7,TPHCM,,,,Đang bán,https://mogi.vn/khu-biet-thu-cao-cap-city-land-prj2843,https://mogi.vn/ho-chi-minh/quan-7/mua-nha-dat/khu-biet-thu-cao-cap-city-land-prj2843
prj2844,Khu Biệt Thự Cao Cấp Mỹ Thái 2,Công Ty TNHH LD Phú Mỹ Hưng,Quận 7,TPHCM,2005,,,Cho thuê,https://mogi.vn/khu-biet-thu-cao-cap-my-thai-2-prj2844,https://mogi.vn/ho-chi-minh/quan-7/thue-nha-dat/khu-biet-thu-cao-cap-my-thai-2-prj2844
prj2845,Khu Biệt Thự Cao Cấp Mỹ Văn,Công Ty TNHH LD Phú Mỹ Hưng,Quận 7,TPHCM,,Từ 55 tỷ 272 triệu,247 - 395 triệu/m2,Cho thuê,https://mogi.vn/khu-biet-thu-cao-cap-my-van-prj2845,https://mogi.vn/ho-chi-minh/quan-7/thue-nha-dat/khu-biet-thu-cao-cap-my-van-prj2845
prj2847,Khu Biệt Thự Chateau,Công Ty TNHH LD Phú Mỹ Hưng,Quận 7,TPHCM,2013,,,Cho thuê,https://mogi.vn/khu-biet-thu-chateau-prj2847,https://mogi.vn/ho-chi-minh/quan-7/thue-nha-dat/khu-biet-thu-chateau-prj2847
prj2850,Khu Biệt Thự Mỹ Gia 1,Công Ty TNHH LD Phú Mỹ Hưng,Quận 7,TPHCM,2015,Từ 21 tỷ 600 triệu,90 - 100 triệu/m2,Cho thuê,https://mogi.vn/khu-biet-thu-my-gia-1-prj2850,https://mogi.vn/ho-chi-minh/quan-7/thue-nha-dat/khu-biet-thu-my-gia-1-prj2850
prj2851,Khu Biệt Thự Mỹ Gia 2,,Quận 7,TPHCM,,,,Cho thuê,https://mogi.vn/khu-biet-thu-my-gia-2-prj2851,https://mogi.vn/ho-chi-minh/quan-7/thue-nha-dat/khu-biet-thu-my-gia-2-prj2851
prj2852,Khu Biệt Thự Mỹ Giang,Công Ty TNHH Liên Doanh Phú Mỹ Hưng,Quận 7,TPHCM,2007,Từ 15 tỷ 725 triệu,85 - 107 triệu/m2,Cho thuê,https://mogi.vn/khu-biet-thu-my-giang-prj2852,https://mogi.vn/ho-chi-minh/quan-7/thue-nha-dat/khu-biet-thu-my-giang-prj2852
prj2853,Khu Biệt Thự Mỹ Hào,Công ty TNHH Phát Triển Phú Mỹ Hưng,Quận 7,TPHCM,,,,Cho thuê,https://mogi.vn/khu-biet-thu-my-hao-prj2853,https://mogi.vn/ho-chi-minh/quan-7/thue-nha-dat/khu-biet-thu-my-hao-prj2853
prj2854,Khu Biệt Thự Mỹ Hoàng,Công Ty TNHH LD Phú Mỹ Hưng,Quận 7,TPHCM,,Từ,262 - 322 triệu/m2,Cho thuê,https://mogi.vn/khu-biet-thu-my-hoang-prj2854,https://mogi.vn/ho-chi-minh/quan-7/thue-nha-dat/khu-biet-thu-my-hoang-prj2854
prj2855,Khu Biệt Thự Mỹ Hưng,Công ty TNHH Phát Triển Phú Mỹ Hưng,Quận 7,TPHCM,,Từ,274 - 307 triệu/m2,Đang bán,https://mogi.vn/khu-biet-thu-my-hung-prj2855,https://mogi.vn/ho-chi-minh/quan-7/mua-nha-dat/khu-biet-thu-my-hung-prj2855
prj2856,"Khu Biệt Thự Mỹ Kim I,II",Công Ty TNHH LD Phú Mỹ Hưng,Quận 7,TPHCM,2015,,,Cho thuê,https://mogi.vn/khu-biet-thu-my-kim-i-ii-prj2856,https://mogi.vn/ho-chi-minh/quan-7/thue-nha-dat/khu-biet-thu-my-kim-i-ii-prj2856
prj2858,"Khu Biệt Thự Mỹ Phú I, II",Công Ty TNHH LD Phú Mỹ Hưng,Quận 7,TPHCM,2015,,,Cho thuê,https://mogi.vn/khu-biet-thu-my-phu-i-ii-prj2858,https://mogi.vn/ho-chi-minh/quan-7/thue-nha-dat/khu-biet-thu-my-phu-i-ii-prj2858
prj2859,Khu Biệt Thự Mỹ Quang,Công Ty TNHH LD Phú Mỹ Hưng,Quận 7,TPHCM,2006,Từ 17 tỷ,85 - 90 triệu/m2,Cho thuê,https://mogi.vn/khu-biet-thu-my-quang-prj2859,https://mogi.vn/ho-chi-minh/quan-7/thue-nha-dat/khu-biet-thu-my-quang-prj2859
prj2860,Khu Biệt Thự Mỹ Thái 1,Công Ty TNHH LD Phú Mỹ Hưng,Quận 7,TPHCM,2005,,,Đang bán,https://mogi.vn/khu-biet-thu-my-thai-1-prj2860,https://mogi.vn/ho-chi-minh/quan-7/mua-nha-dat/khu-biet-thu-my-thai-1-prj2860
prj2861,Khu Biệt Thự Mỹ Tú II,,Quận 7,TPHCM,,Từ 16 tỷ 66 triệu,44 - 189 triệu/m2,Cho thuê,https://mogi.vn/khu-biet-thu-my-tu-ii-prj2861,https://mogi.vn/ho-chi-minh/quan-7/thue-nha-dat/khu-biet-thu-my-tu-ii-prj2861
prj2862,Khu Biệt Thự Mỹ Tú III,Công ty TNHH Phát Triển Phú Mỹ Hưng,Quận 7,TPHCM,,,,Cho thuê,https://mogi.vn/khu-biet-thu-my-tu-iii-prj2862,https://mogi.vn/ho-chi-minh/quan-7/thue-nha-dat/khu-biet-thu-my-tu-iii-prj2862
prj2863,Khu Biệt Thự Nam Đô,Công ty TNHH Phát Triển Phú Mỹ Hưng,Quận 7,TPHCM,,Từ 28 tỷ 949 triệu,283 - 375 triệu/m2,Cho thuê,https://mogi.vn/khu-biet-thu-nam-do-prj2863,https://mogi.vn/ho-chi-minh/quan-7/thue-nha-dat/khu-biet-thu-nam-do-prj2863
prj2866,Khu Biệt Thự Seven Diamond,,Quận 7,TPHCM,,,,,https://mogi.vn/khu-biet-thu-seven-diamond-prj2866,
prj2867,Khu biệt thự Tấn Trường,,Quận 7,TPHCM,,,,Đang bán,https://mogi.vn/khu-biet-thu-tan-truong-prj2867,https://mogi.vn/ho-chi-minh/quan-7/mua-nha-dat/khu-biet-thu-tan-truong-prj2867
prj2868,Khu Căn Hộ Cao Cấp Cảnh Viên 1,Công Ty TNHH LD Phú Mỹ Hưng,Quận 7,TPHCM,2008,Từ,62 - 77 triệu/m2,Cho thuê,https://mogi.vn/khu-can-ho-cao-cap-canh-vien-1-prj2868,https://mogi.vn/ho-chi-minh/quan-7/thue-nha-dat/khu-can-ho-cao-cap-canh-vien-1-prj2868
prj2869,Khu Căn Hộ Cao Cấp Cảnh Viên 2,Công Ty TNHH LD Phú Mỹ Hưng,Quận 7,TPHCM,2008,,,Đang bán; Cho thuê,https://mogi.vn/khu-can-ho-cao-cap-canh-vien-2-prj2869,https://mogi.vn/ho-chi-minh/quan-7/mua-nha-dat/khu-can-ho-cao-cap-canh-vien-2-prj2869; https://mogi.vn/ho-chi-minh/quan-7/thue-nha-dat/khu-can-ho-cao-cap-canh-vien-2-prj2869
prj2870,Khu Căn Hộ Cao Cấp Green View,Công Ty TNHH LD Phú Mỹ Hưng,Quận 7,TPHCM,2008,,,Cho thuê,https://mogi.vn/khu-can-ho-cao-cap-green-view-prj2870,https://mogi.vn/ho-chi-minh/quan-7/thue-nha-dat/khu-can-ho-cao-cap-green-view-prj2870
prj2872,Khu Căn Hộ Cao Cấp Mỹ Đức,Công Ty TNHH LD Phú Mỹ Hưng,Quận 7,TPHCM,2008,,,Cho thuê,https://mogi.vn/khu-can-ho-cao-cap-my-duc-prj2872,https://mogi.vn/ho-chi-minh/quan-7/thue-nha-dat/khu-can-ho-cao-cap-my-duc-prj2872
prj2873,Khu Căn Hộ Cao Cấp Mỹ Khang,Công ty TNHH Phát Triển Phú Mỹ Hưng,Quận 7,TPHCM,,Từ 3 tỷ 648 triệu,32 - 40 triệu/m2,Đang bán; Cho thuê,https://mogi.vn/khu-can-ho-cao-cap-my-khang-prj2873,https://mogi.vn/ho-chi-minh/quan-7/mua-nha-dat/khu-can-ho-cao-cap-my-khang-prj2873; https://mogi.vn/ho-chi-minh/quan-7/thue-nha-dat/khu-can-ho-cao-cap-my-khang-prj2873
prj2874,Khu Căn Hộ Cao Cấp Mỹ Phúc,Công Ty TNHH Liên Doanh Phú Mỹ Hưng,Quận 7,TPHCM,,,,Đang bán; Cho thuê,https://mogi.vn/khu-can-ho-cao-cap-my-phuc-prj2874,https://mogi.vn/ho-chi-minh/quan-7/mua-nha-dat/khu-can-ho-cao-cap-my-phuc-prj2874; https://mogi.vn/ho-chi-minh/quan-7/thue-nha-dat/khu-can-ho-cao-cap-my-phuc-prj2874
prj2875,Park View,Công Ty TNHH Liên Doanh Phú Mỹ Hưng,Quận 7,TPHCM,,Từ 3 tỷ 430 triệu,46 - 73 triệu/m2,Đang bán; Cho thuê,https://mogi.vn/park-view-prj2875,https://mogi.vn/ho-chi-minh/quan-7/mua-nha-dat/park-view-prj2875; https://mogi.vn/ho-chi-minh/quan-7/thue-nha-dat/park-view-prj2875
prj2876,Khu Căn Hộ Hoàng Anh 1,CÔNG TY CỔ PHẦN HOÀNG ANH GIA LAI,Quận 7,TPHCM,2016,,,Cho thuê,https://mogi.vn/khu-can-ho-hoang-anh-1-prj2876,https://mogi.vn/ho-chi-minh/quan-7/thue-nha-dat/khu-can-ho-hoang-anh-1-prj2876
prj2879,Khu Căn Hộ Mỹ Cảnh,Công Ty TNHH Liên Doanh Phú Mỹ Hưng,Quận 7,TPHCM,,Từ 2 tỷ 150 triệu,25 - 140 triệu/m2,Cho thuê,https://mogi.vn/khu-can-ho-my-canh-prj2879,https://mogi.vn/ho-chi-minh/quan-7/thue-nha-dat/khu-can-ho-my-canh-prj2879
prj2880,Khu Căn Hộ Mỹ Phước,Công ty TNHH Phát Triển Phú Mỹ Hưng,Quận 7,TPHCM,,,,Đang bán,https://mogi.vn/khu-can-ho-my-phuoc-prj2880,https://mogi.vn/ho-chi-minh/quan-7/mua-nha-dat/khu-can-ho-my-phuoc-prj2880
prj2881,Khu Căn Hộ Riverside Residence,Công Ty TNHH LD Phú Mỹ Hưng,Quận 7,TPHCM,2011,Từ 2 tỷ 688 triệu,42 triệu/m2,Đang bán; Cho thuê,https://mogi.vn/khu-can-ho-riverside-residence-prj2881,https://mogi.vn/ho-chi-minh/quan-7/mua-nha-dat/khu-can-ho-riverside-residence-prj2881; https://mogi.vn/ho-chi-minh/quan-7/thue-nha-dat/khu-can-ho-riverside-residence-prj2881
prj2882,Khu Căn Hộ Star Hill,Công Ty TNHH LD Phú Mỹ Hưng,Quận 7,TPHCM,2014,Từ 2 tỷ 880 triệu,40 - 48 triệu/m2,Đang bán; Cho thuê,https://mogi.vn/khu-can-ho-star-hill-prj2882,https://mogi.vn/ho-chi-minh/quan-7/mua-nha-dat/khu-can-ho-star-hill-prj2882; https://mogi.vn/ho-chi-minh/quan-7/thue-nha-dat/khu-can-ho-star-hill-prj2882
prj2883,Khu dân cư ADC,,Quận 7,TPHCM,,,,Đang bán,https://mogi.vn/khu-dan-cu-adc-prj2883,https://mogi.vn/ho-chi-minh/quan-7/mua-nha-dat/khu-dan-cu-adc-prj2883
prj2888,Khu Dân Cư Phú Mỹ - Vạn Phát Hưng,,Quận 7,TPHCM,,,,Đang bán,https://mogi.vn/khu-dan-cu-phu-my-van-phat-hung-prj2888,https://mogi.vn/ho-chi-minh/quan-7/mua-nha-dat/khu-dan-cu-phu-my-van-phat-hung-prj2888
prj2889,Khu Dân Cư Tân Phú - Kim Sơn,Công ty CP Xây dựng và Kinh doanh nhà Kim Sơn,Quận 7,TPHCM,,,,Đang bán,https://mogi.vn/khu-dan-cu-tan-phu-kim-son-prj2889,https://mogi.vn/ho-chi-minh/quan-7/mua-nha-dat/khu-dan-cu-tan-phu-kim-son-prj2889
prj2891,Khu Đô Thị Mới Phú Mỹ Hưng,Công Ty TNHH LD Phú Mỹ Hưng,Quận 7,TPHCM,2014,,,Đang bán; Cho thuê,https://mogi.vn/khu-do-thi-moi-phu-my-hung-prj2891,https://mogi.vn/ho-chi-minh/quan-7/mua-nha-dat/khu-do-thi-moi-phu-my-hung-prj2891; https://mogi.vn/ho-chi-minh/quan-7/thue-nha-dat/khu-do-thi-moi-phu-my-hung-prj2891
prj2892,Khu Nhà LK - CC Tân Thành Lập,,Quận 7,TPHCM,,,,,https://mogi.vn/khu-nha-lk-cc-tan-thanh-lap-prj2892,
prj2893,Khu Nhà Ở Nam Long - Tân Thuận Đông,CÔNG TY CỔ PHẦN ĐẦU TƯ NAM LONG,Quận 7,TPHCM,,Từ 5 tỷ 809 triệu,96 - 181 triệu/m2,Đang bán,https://mogi.vn/khu-nha-o-nam-long-tan-thuan-dong-prj2893,https://mogi.vn/ho-chi-minh/quan-7/mua-nha-dat/khu-nha-o-nam-long-tan-thuan-dong-prj2893
prj2895,Khu Phố Nam Long 1,,Quận 7,TPHCM,,Từ 28 tỷ 40 triệu,373 - 373 triệu/m2,Cho thuê,https://mogi.vn/khu-pho-nam-long-1-prj2895,https://mogi.vn/ho-chi-minh/quan-7/thue-nha-dat/khu-pho-nam-long-1-prj2895
prj2896,Khu Phố Nam Long 2,Công Ty TNHH Liên Doanh Phú Mỹ Hưng,Quận 7,TPHCM,,Từ 39 tỷ,156 - 365 triệu/m2,Đang bán,https://mogi.vn/khu-pho-nam-long-2-prj2896,https://mogi.vn/ho-chi-minh/quan-7/mua-nha-dat/khu-pho-nam-long-2-prj2896
prj2897,Khu Phố Nam Long 3,,Quận 7,TPHCM,,,,Cho thuê,https://mogi.vn/khu-pho-nam-long-3-prj2897,https://mogi.vn/ho-chi-minh/quan-7/thue-nha-dat/khu-pho-nam-long-3-prj2897
prj2898,Khu Phố Nam Thông I,Công Ty TNHH LD Phú Mỹ Hưng,Quận 7,TPHCM,2015,,,Cho thuê,https://mogi.vn/khu-pho-nam-thong-i-prj2898,https://mogi.vn/ho-chi-minh/quan-7/thue-nha-dat/khu-pho-nam-thong-i-prj2898
prj2899,Khu Phố Nam Thông II,Công ty TNHH Phát Triển Phú Mỹ Hưng,Quận 7,TPHCM,,Từ 35 tỷ 280 triệu,245 - 425 triệu/m2,Cho thuê,https://mogi.vn/khu-pho-nam-thong-ii-prj2899,https://mogi.vn/ho-chi-minh/quan-7/thue-nha-dat/khu-pho-nam-thong-ii-prj2899
prj2906,Khu Tái Định Cư Phú Mỹ 2,Công ty cổ phần Đức Khải,Quận 7,TPHCM,,,,Đang bán,https://mogi.vn/khu-tai-dinh-cu-phu-my-2-prj2906,https://mogi.vn/ho-chi-minh/quan-7/mua-nha-dat/khu-tai-dinh-cu-phu-my-2-prj2906
prj2907,Khu Thương Mại Mỹ Toàn 2,Công Ty TNHH LD Phú Mỹ Hưng,Quận 7,TPHCM,,Từ 20 tỷ 979 triệu,189 - 385 triệu/m2,Cho thuê,https://mogi.vn/khu-thuong-mai-my-toan-2-prj2907,https://mogi.vn/ho-chi-minh/quan-7/thue-nha-dat/khu-thuong-mai-my-toan-2-prj2907
prj2908,Khu Thương Mại Nam Thông,CÔNG TY CỔ PHẦN ĐẦU TƯ NAM LONG,Quận 7,TPHCM,,,,Cho thuê,https://mogi.vn/khu-thuong-mai-nam-thong-prj2908,https://mogi.vn/ho-chi-minh/quan-7/thue-nha-dat/khu-thuong-mai-nam-thong-prj2908
prj2909,La Casa,CÔNG TY CỔ PHẦN VẠN PHÁT HƯNG,Quận 7,TPHCM,2013,,,Đang bán,https://mogi.vn/la-casa-prj2909,https://mogi.vn/ho-chi-minh/quan-7/mua-nha-dat/la-casa-prj2909
prj2912,Mỹ Phú Apartment,Công ty Cổ phần Đầu tư Hạ tầng và Đô thị Dầu khí,Quận 7,TPHCM,,Từ,29 - 345 triệu/m2,Cho thuê,https://mogi.vn/my-phu-apartment-prj2912,https://mogi.vn/ho-chi-minh/quan-7/thue-nha-dat/my-phu-apartment-prj2912
prj2913,Nam Quang 1,,Quận 7,TPHCM,,,,Cho thuê,https://mogi.vn/nam-quang-1-prj2913,https://mogi.vn/ho-chi-minh/quan-7/thue-nha-dat/nam-quang-1-prj2913
prj2914,Nam Quang 2,,Quận 7,TPHCM,,Từ 30 tỷ 240 nghìn,277 - 440 triệu/m2,Đang bán,https://mogi.vn/nam-quang-2-prj2914,https://mogi.vn/ho-chi-minh/quan-7/mua-nha-dat/nam-quang-2-prj2914
prj2917,Nam Viên,Công Ty TNHH LD Phú Mỹ Hưng,Quận 7,TPHCM,2015,Từ 3 tỷ 914 triệu,51 - 71 triệu/m2,Cho thuê,https://mogi.vn/nam-vien-prj2917,https://mogi.vn/ho-chi-minh/quan-7/thue-nha-dat/nam-vien-prj2917
prj2918,Nhà Phố Mỹ Toàn 1,Công ty TNHH Phát Triển Phú Mỹ Hưng,Quận 7,TPHCM,,Từ 23 tỷ 953 triệu,215 - 425 triệu/m2,Cho thuê,https://mogi.vn/nha-pho-my-toan-1-prj2918,https://mogi.vn/ho-chi-minh/quan-7/thue-nha-dat/nha-pho-my-toan-1-prj2918
prj2919,Nhà Phố Thương Mại Mỹ Toàn 3,,Quận 7,TPHCM,,,,Cho thuê,https://mogi.vn/nha-pho-thuong-mai-my-toan-3-prj2919,https://mogi.vn/ho-chi-minh/quan-7/thue-nha-dat/nha-pho-thuong-mai-my-toan-3-prj2919
prj2921,Petroland Tower,Công ty Cổ phần Đầu tư Hạ tầng và Đô thị Dầu khí,Quận 7,TPHCM,,Từ 2 tỷ 537 triệu,31 - 36 triệu/m2,Đang bán,https://mogi.vn/petroland-tower-prj2921,https://mogi.vn/ho-chi-minh/quan-7/mua-nha-dat/petroland-tower-prj2921
prj2923,Riverpark Residence,Công Ty TNHH LD Phú Mỹ Hưng,Quận 7,TPHCM,2012,Từ 5 tỷ 535 triệu,45 - 47 triệu/m2,Đang bán; Cho thuê,https://mogi.vn/riverpark-residence-prj2923,https://mogi.vn/ho-chi-minh/quan-7/mua-nha-dat/riverpark-residence-prj2923; https://mogi.vn/ho-chi-minh/quan-7/thue-nha-dat/riverpark-residence-prj2923
prj2925,Royal Tower,,Quận 7,TPHCM,2011,,,Cho thuê,https://mogi.vn/royal-tower-prj2925,https://mogi.vn/ho-chi-minh/quan-7/thue-nha-dat/royal-tower-prj2925
prj2927,Sài Gòn Paragon,Công Ty Cổ Phần Sài Gòn Kim Cương,Quận 7,TPHCM,2009,,,,https://mogi.vn/sai-gon-paragon-prj2927,
prj2928,SC VivoCity,Công ty Cổ phần Đầu tư phát triển Saigon Co.op,Quận 7,TPHCM,2014,,,Cho thuê,https://mogi.vn/sc-vivocity-prj2928,https://mogi.vn/ho-chi-minh/quan-7/thue-nha-dat/sc-vivocity-prj2928
prj2929,Sky Garden,Công Ty TNHH LD Phú Mỹ Hưng,Quận 7,TPHCM,2016,Từ 112 tỷ,2.000 - 4.000 triệu/m2,Đang bán; Cho thuê,https://mogi.vn/sky-garden-prj2929,https://mogi.vn/ho-chi-minh/quan-7/mua-nha-dat/sky-garden-prj2929; https://mogi.vn/ho-chi-minh/quan-7/thue-nha-dat/sky-garden-prj2929
prj2931,Sky Garden II,Công Ty TNHH Liên Doanh Phú Mỹ Hưng,Quận 7,TPHCM,2006,Từ 2 tỷ 201 triệu,31 - 43 triệu/m2,Đang bán; Cho thuê,https://mogi.vn/sky-garden-ii-prj2931,https://mogi.vn/ho-chi-minh/quan-7/mua-nha-dat/sky-garden-ii-prj2931; https://mogi.vn/ho-chi-minh/quan-7/thue-nha-dat/sky-garden-ii-prj2931
prj2932,Sky Garden III,Công Ty TNHH LD Phú Mỹ Hưng,Quận 7,TPHCM,2010,Từ 2 tỷ 16 triệu,36 triệu/m2,Đang bán; Cho thuê,https://mogi.vn/sky-garden-iii-prj2932,https://mogi.vn/ho-chi-minh/quan-7/mua-nha-dat/sky-garden-iii-prj2932; https://mogi.vn/ho-chi-minh/quan-7/thue-nha-dat/sky-garden-iii-prj2932
prj2933,Southern Palace - Căn Hộ Hoàng Gia,Công Ty TNHH Thương Mại Phương Nam,Quận 7,TPHCM,2009,,,,https://mogi.vn/southern-palace-can-ho-hoang-gia-prj2933,
prj2934,Sunrise City,Novaland Group,Quận 7,TPHCM,2014,Từ 2 tỷ 120 triệu,40 - 43 triệu/m2,Đang bán; Cho thuê,https://mogi.vn/sunrise-city-prj2934,https://mogi.vn/ho-chi-minh/quan-7/mua-nha-dat/sunrise-city-prj2934; https://mogi.vn/ho-chi-minh/quan-7/thue-nha-dat/sunrise-city-prj2934
prj2937,The Era Town,Công ty cổ phần Đức Khải,Quận 7,TPHCM,2012,,,Đang bán; Cho thuê,https://mogi.vn/the-era-town-prj2937,https://mogi.vn/ho-chi-minh/quan-7/mua-nha-dat/the-era-town-prj2937; https://mogi.vn/ho-chi-minh/quan-7/thue-nha-dat/the-era-town-prj2937
prj2939,The EverRich III,Công ty CP phát triển BĐS Phát Đạt,Quận 7,TPHCM,2018,,,Cho thuê,https://mogi.vn/the-everrich-iii-prj2939,https://mogi.vn/ho-chi-minh/quan-7/thue-nha-dat/the-everrich-iii-prj2939
prj2940,The Grand View,Công Ty TNHH LD Phú Mỹ Hưng,Quận 7,TPHCM,2008,,,Đang bán; Cho thuê,https://mogi.vn/the-grand-view-prj2940,https://mogi.vn/ho-chi-minh/quan-7/mua-nha-dat/the-grand-view-prj2940; https://mogi.vn/ho-chi-minh/quan-7/thue-nha-dat/the-grand-view-prj2940
prj2941,The Mark,CÔNG TY TNHH QUY HOẠCH VÀ PHÁT TRIỂN NHÀ VIỆT NAM - HÀN QUỐC,Quận 7,TPHCM,,,,,https://mogi.vn/the-mark-prj2941,
prj2942,The Panorama,Công Ty TNHH LD Phú Mỹ Hưng,Quận 7,TPHCM,2013,Từ 5 tỷ 490 triệu,45 - 47 triệu/m2,Đang bán; Cho thuê,https://mogi.vn/the-panorama-prj2942,https://mogi.vn/ho-chi-minh/quan-7/mua-nha-dat/the-panorama-prj2942; https://mogi.vn/ho-chi-minh/quan-7/thue-nha-dat/the-panorama-prj2942
prj2944,Thiên Sơn Plaza,Công Ty TNHH Thiên Sơn,Quận 7,TPHCM,,,,,https://mogi.vn/thien-son-plaza-prj2944,
prj2950,USilk Apartment,Công ty Cổ phần Sông Đà Thăng Long,Quận 7,TPHCM,2012,,,,https://mogi.vn/usilk-apartment-prj2950,
prj2955,Bình An Pearl,Công ty CP đầu tư phát triển Bình An,Quận 2 (TP. Thủ Đức),TPHCM,2017,Từ 2 tỷ 90 triệu,38 triệu/m2,Đang bán,https://mogi.vn/can-ho-binh-an-prj2955,https://mogi.vn/ho-chi-minh/quan-2/mua-nha-dat/can-ho-binh-an-prj2955
prj2957,Căn hộ Ngọc Phương Nam,Công ty CP Đầu tư Xây dựng An Điền,Quận 8,TPHCM,2016,Từ 1 tỷ 824 triệu,20 - 22 triệu/m2,Đang bán,https://mogi.vn/can-ho-ngoc-phuong-nam-prj2957,https://mogi.vn/ho-chi-minh/quan-8/mua-nha-dat/can-ho-ngoc-phuong-nam-prj2957
prj2960,Cao Ốc Him Lam Nam Khánh,CÔNG TY CỔ PHẦN HIM LAM,Quận 8,TPHCM,2010,Từ 680 triệu,8 triệu/m2,Đang bán,https://mogi.vn/cao-oc-him-lam-nam-khanh-prj2960,https://mogi.vn/ho-chi-minh/quan-8/mua-nha-dat/cao-oc-him-lam-nam-khanh-prj2960
prj2962,Cao Ốc Phức Hợp Sao Mai,CÔNG TY CP ĐẦU TƯ VÀ XÂY DỰNG SAO MAI,Quận 8,TPHCM,2014,,,,https://mogi.vn/cao-oc-phuc-hop-sao-mai-prj2962,
prj2963,Cao Ốc RCL Bình Đông,CÔNG TY CỔ PHẦN ĐỊA ỐC CHỢ LỚN,Quận 8,TPHCM,,,,,https://mogi.vn/cao-oc-rcl-binh-dong-prj2963,
prj2967,Chung Cư An Sinh,CÔNG TY CP SÔNG ĐÀ THĂNG LONG,Quận 8,TPHCM,2013,Từ 988 triệu,19 - 21 triệu/m2,Đang bán,https://mogi.vn/chung-cu-an-sinh-prj2967,https://mogi.vn/ho-chi-minh/quan-8/mua-nha-dat/chung-cu-an-sinh-prj2967
prj2971,Chung Cư Đồng Diều,,Quận 8,TPHCM,,,,Đang bán,https://mogi.vn/chung-cu-dong-dieu-prj2971,https://mogi.vn/ho-chi-minh/quan-8/mua-nha-dat/chung-cu-dong-dieu-prj2971
prj2972,Hưng Phát Golden Star,Công ty TNHH XD & SX Hưng Lộc Phát,Quận 7,TPHCM,2018,Từ 1 tỷ 568 triệu,28 - 30 triệu/m2,Cho thuê,https://mogi.vn/hung-phat-golden-star-prj2972,https://mogi.vn/ho-chi-minh/quan-7/thue-nha-dat/hung-phat-golden-star-prj2972
prj2974,Chung Cư Mỹ Thuận,,Quận 8,TPHCM,,,,Cho thuê,https://mogi.vn/chung-cu-my-thuan-prj2974,https://mogi.vn/ho-chi-minh/quan-8/thue-nha-dat/chung-cu-my-thuan-prj2974
prj2975,Khu dân cư Phú Lợi,Công ty TNHH SX – KD Hai Thành,Quận 8,TPHCM,,Từ,0 - 0 triệu/m2,Cho thuê,https://mogi.vn/khu-dan-cu-phu-loi-prj2975,https://mogi.vn/ho-chi-minh/quan-8/thue-nha-dat/khu-dan-cu-phu-loi-prj2975
prj2980,Chung Cư Thanh Nhựt,CÔNG TY TNHH TM & XD – KD NHÀ THANH NHỰT,Quận 8,TPHCM,,Từ 1 tỷ 632 triệu,24 - 27 triệu/m2,,https://mogi.vn/chung-cu-thanh-nhut-prj2980,
prj2984,Diamond Riverside,Công ty cổ phần đầu tư 577,Quận 8,TPHCM,2020,Từ 1 tỷ 960 triệu,28 - 30 triệu/m2,Đang bán; Cho thuê,https://mogi.vn/diamond-riverside-prj2984,https://mogi.vn/ho-chi-minh/quan-8/mua-nha-dat/diamond-riverside-prj2984; https://mogi.vn/ho-chi-minh/quan-8/thue-nha-dat/diamond-riverside-prj2984
prj2985,Glory Tower,CÔNG TY CỔ PHẦN XUẤT NHẬP KHẨU TỔNG HỢP VÀ ĐẦU TƯ THÀNH PHỐ HỒ CHÍ MINH,Quận 8,TPHCM,,Từ 1 tỷ 800 triệu,30 triệu/m2,Đang bán,https://mogi.vn/glory-tower-prj2985,https://mogi.vn/ho-chi-minh/quan-8/mua-nha-dat/glory-tower-prj2985
prj2986,Good House Apartments,CÔNG TY CỔ PHẦN LÊ MINH M.C,Quận 8,TPHCM,2011,,,,https://mogi.vn/good-house-apartments-prj2986,
prj2995,KDC Osaka Garden,Cty TNHH sản xuất kinh doanh Hai Thành,Quận 8,TPHCM,,,,,https://mogi.vn/kdc-osaka-garden-prj2995,
prj3002,Khu Căn Hộ Carina Plaza,CÔNG TY CỔ PHẦN ĐẦU TƯ NĂM BẢY BẢY,Quận 8,TPHCM,2011,Từ,12 - 14 triệu/m2,Đang bán,https://mogi.vn/khu-can-ho-carina-plaza-prj3002,https://mogi.vn/ho-chi-minh/quan-8/mua-nha-dat/khu-can-ho-carina-plaza-prj3002
prj3004,Khu Căn Hộ Giai Việt Gia Lai,CÔNG TY CỔ PHẦN HOÀNG ANH GIA LAI,Quận 8,TPHCM,2012,Từ 1 tỷ 380 triệu,12 - 16 triệu/m2,Đang bán,https://mogi.vn/khu-can-ho-giai-viet-gia-lai-prj3004,https://mogi.vn/ho-chi-minh/quan-8/mua-nha-dat/khu-can-ho-giai-viet-gia-lai-prj3004
prj3005,Khu Căn Hộ NBB Garden 3,CÔNG TY CỔ PHẦN ĐẦU TƯ NĂM BẢY BẢY,Quận 8,TPHCM,,,,,https://mogi.vn/khu-can-ho-nbb-garden-3-prj3005,
prj3006,Khu Căn Hộ Song Ngọc,Công ty TNHH May Song Ngọc,Quận 8,TPHCM,2012,Từ 931 triệu,19 triệu/m2,Đang bán,https://mogi.vn/khu-can-ho-song-ngoc-prj3006,https://mogi.vn/ho-chi-minh/quan-8/mua-nha-dat/khu-can-ho-song-ngoc-prj3006
prj3008,Khu CH Trương Đình Hội 2,CÔNG TY CP SÔNG ĐÀ THĂNG LONG,Quận 8,TPHCM,2013,Từ 828 triệu,12 - 23 triệu/m2,,https://mogi.vn/khu-ch-truong-dinh-hoi-2-prj3008,
prj3009,Khu CH Trương Đình Hội 3,CÔNG TY TNHH MỘT THÀNH VIÊN DỊCH VỤ CÔNG ÍCH QUẬN 8,Quận 8,TPHCM,,Từ 1 tỷ 150 triệu,23 - 35 triệu/m2,Cho thuê,https://mogi.vn/khu-ch-truong-dinh-hoi-3-prj3009,https://mogi.vn/ho-chi-minh/quan-8/thue-nha-dat/khu-ch-truong-dinh-hoi-3-prj3009
prj3011,Khu Dân Cư Bình Đăng,,Quận 8,TPHCM,,Từ 1 tỷ 618 triệu,26 - 239 triệu/m2,Đang bán,https://mogi.vn/khu-dan-cu-binh-dang-prj3011,https://mogi.vn/ho-chi-minh/quan-8/mua-nha-dat/khu-dan-cu-binh-dang-prj3011
prj3014,Khu Dân Cư Chợ Đầu Mối Bình Điền,CÔNG TY CỔ PHẦN BÌNH ĐIỀN,Quận 8,TPHCM,,Từ,24 - 83 triệu/m2,Đang bán,https://mogi.vn/khu-dan-cu-cho-dau-moi-binh-dien-prj3014,https://mogi.vn/ho-chi-minh/quan-8/mua-nha-dat/khu-dan-cu-cho-dau-moi-binh-dien-prj3014
prj3017,Khu Dân Cư Rạch Lào,CÔNG TY TNHH MỘT THÀNH VIÊN XÂY DỰNG VÀ KINH DOANH NHÀ PHÚ NHUẬN,Quận 8,TPHCM,2012,,,Đang bán,https://mogi.vn/khu-dan-cu-rach-lao-prj3017,https://mogi.vn/ho-chi-minh/quan-8/mua-nha-dat/khu-dan-cu-rach-lao-prj3017
prj3025,Peridot Building,CÔNG TY CỔ PHẦN ĐẦU TƯ THƯƠNG MẠI DỊCH VỤ ĐIỆN LỰC,Quận 8,TPHCM,,,,,https://mogi.vn/peridot-building-prj3025,
prj3026,Phú Thịnh Riverside,Cty TNHH sản xuất kinh doanh Hai Thành,Quận 8,TPHCM,2012,Từ 960 triệu,10 - 15 triệu/m2,,https://mogi.vn/phu-thinh-riverside-prj3026,
prj3029,The Bella Vista,Công Ty CP ĐT Địa Ốc Bến Thành,Quận 8,TPHCM,2012,,,,https://mogi.vn/the-bella-vista-prj3029,
prj3042,Centerscape West,CTCP Đầu Tư Địa Ốc Hưng Phú,Quận 9 (TP. Thủ Đức),TPHCM,2011,,,Đang bán,https://mogi.vn/centerscape-west-prj3042,https://mogi.vn/ho-chi-minh/quan-9/mua-nha-dat/centerscape-west-prj3042
prj3043,Chung Cư Cao Cấp Hùng Việt,CÔNG TY CỔ PHẦN XÂY DỰNG PHƯỚC THÀNH,Quận 9 (TP. Thủ Đức),TPHCM,2013,,,,https://mogi.vn/chung-cu-cao-cap-hung-viet-prj3043,
prj3047,Chung cư Man Thiện,### Dự án tại TPHCM,Quận 9 (TP. Thủ Đức),TPHCM,,,,,https://mogi.vn/chung-cu-man-thien-prj3047,
prj3049,Chung Cư TDH - Phước Bình,CÔNG TY CỔ PHẦN PHÁT TRIỂN NHÀ THỦ ĐỨC,Quận 9 (TP. Thủ Đức),TPHCM,2012,Từ 1 tỷ 860 triệu,31 - 42 triệu/m2,,https://mogi.vn/chung-cu-tdh-phuoc-binh-prj3049,
prj3050,Chung cư TDH - Phước Long,CÔNG TY CỔ PHẦN PHÁT TRIỂN NHÀ THỦ ĐỨC,Quận 9 (TP. Thủ Đức),TPHCM,2011,,,,https://mogi.vn/chung-cu-tdh-phuoc-long-prj3050,
prj3054,Golf Park,Novaland Group,Quận 9 (TP. Thủ Đức),TPHCM,2016,Từ 2 tỷ 240 triệu,28 - 38 triệu/m2,Cho thuê,https://mogi.vn/golf-park-prj3054,https://mogi.vn/ho-chi-minh/quan-9/thue-nha-dat/golf-park-prj3054
prj3056,Hoja Villa,Công Ty CP ĐT và Kinh Doanh Nhà Khang Điền Khadihouse JSC,Quận 9 (TP. Thủ Đức),TPHCM,,Từ 2 tỷ 825 triệu,25 - 100 triệu/m2,,https://mogi.vn/hoja-villa-prj3056,
prj3059,KDC Đông Dương,,Quận 9 (TP. Thủ Đức),TPHCM,2008,Từ 800 triệu,8 triệu/m2,Đang bán,https://mogi.vn/kdc-dong-duong-prj3059,https://mogi.vn/ho-chi-minh/quan-9/mua-nha-dat/kdc-dong-duong-prj3059
prj3067,KDC Kiến Á - Phước Long B,Công ty Cổ phần Kiến Á,Quận 9 (TP. Thủ Đức),TPHCM,,Từ 7 tỷ 480 triệu,68 - 140 triệu/m2,Đang bán,https://mogi.vn/kdc-kien-a-phuoc-long-b-prj3067,https://mogi.vn/ho-chi-minh/quan-9/mua-nha-dat/kdc-kien-a-phuoc-long-b-prj3067
prj3077,KDC Phước Long B - Phú Nhuận,Công ty TNHH MTV Xây dựng và Kinh doanh Nhà Phú Nhuận,Quận 9 (TP. Thủ Đức),TPHCM,,Từ 4 tỷ 914 triệu,61 - 115 triệu/m2,Đang bán,https://mogi.vn/kdc-phuoc-long-b-phu-nhuan-prj3077,https://mogi.vn/ho-chi-minh/quan-9/mua-nha-dat/kdc-phuoc-long-b-phu-nhuan-prj3077
prj3080,KDC Sở Văn Hóa Thông Tin,SỞ VĂN HÓA VÀ THỂ THAO TPHCM,Quận 9 (TP. Thủ Đức),TPHCM,,Từ 5 tỷ 274 triệu,58 - 123 triệu/m2,Đang bán,https://mogi.vn/kdc-so-van-hoa-thong-tin-prj3080,https://mogi.vn/ho-chi-minh/quan-9/mua-nha-dat/kdc-so-van-hoa-thong-tin-prj3080
prj3081,KĐT Mới Đông Tăng Long,Tập Đoàn phát triển Nhà và Đô thị Việt Nam,Quận 9 (TP. Thủ Đức),TPHCM,2018,,,Cho thuê,https://mogi.vn/kdt-moi-dong-tang-long-prj3081,https://mogi.vn/ho-chi-minh/quan-9/thue-nha-dat/kdt-moi-dong-tang-long-prj3081
prj3086,Khu Biệt Thự Thảo Nguyên Sài Gòn,CÔNG TY CỔ PHẦN ĐẦU TƯ NAM LONG,Quận 9 (TP. Thủ Đức),TPHCM,,Từ,70 - 102 triệu/m2,Đang bán,https://mogi.vn/khu-biet-thu-thao-nguyen-sai-gon-prj3086,https://mogi.vn/ho-chi-minh/quan-9/mua-nha-dat/khu-biet-thu-thao-nguyen-sai-gon-prj3086
prj3091,Khu Dân Cư Bắc Rạch Chiếc,,Quận 9 (TP. Thủ Đức),TPHCM,,,,Đang bán,https://mogi.vn/khu-dan-cu-bac-rach-chiec-prj3091,https://mogi.vn/ho-chi-minh/quan-9/mua-nha-dat/khu-dan-cu-bac-rach-chiec-prj3091
prj3093,Khu Dân Cư Điền Phúc Thành,Công ty TNHH XD & KD Nhà Điền Phúc Thành,Quận 9 (TP. Thủ Đức),TPHCM,2017,Từ 1 tỷ 148 triệu,14 - 20 triệu/m2,Đang bán,https://mogi.vn/khu-dan-cu-dien-phuc-thanh-prj3093,https://mogi.vn/ho-chi-minh/quan-9/mua-nha-dat/khu-dan-cu-dien-phuc-thanh-prj3093
prj3095,Khu Dân Cư Exim Garden,Công Ty CP BĐS Exim,Quận 9 (TP. Thủ Đức),TPHCM,2015,,,,https://mogi.vn/khu-dan-cu-exim-garden-prj3095,
prj3096,Khu Dân Cư Gia Hòa,Công ty TNHH Xây Dựng – Kinh Doanh Nhà Gia Hòa,Quận 9 (TP. Thủ Đức),TPHCM,2017,Từ 7 tỷ 752 triệu,77 - 143 triệu/m2,Cho thuê,https://mogi.vn/khu-dan-cu-gia-hoa-prj3096,https://mogi.vn/ho-chi-minh/quan-9/thue-nha-dat/khu-dan-cu-gia-hoa-prj3096
prj3098,Khu dân cư Hoàng Anh Minh Tuấn,Công ty CP Hoàng Anh Gia Lai,Quận 9 (TP. Thủ Đức),TPHCM,,Từ 6 tỷ 630 triệu,85 - 270 triệu/m2,Đang bán,https://mogi.vn/khu-dan-cu-hoang-anh-minh-tuan-prj3098,https://mogi.vn/ho-chi-minh/quan-9/mua-nha-dat/khu-dan-cu-hoang-anh-minh-tuan-prj3098
prj3099,Khu Dân Cư Khang An - Phú Hữu,CÔNG TY CỔ PHẦN ĐẦU TƯ ĐỊA ỐC KHANG AN,Quận 9 (TP. Thủ Đức),TPHCM,2010,Từ 4 tỷ 750 triệu,50 - 109 triệu/m2,Cho thuê,https://mogi.vn/khu-dan-cu-khang-an-phu-huu-prj3099,https://mogi.vn/ho-chi-minh/quan-9/thue-nha-dat/khu-dan-cu-khang-an-phu-huu-prj3099
prj3101,Khu Dân Cư Long Thạnh Mỹ,CÔNG TY TNHH LIÊN DOANH HOA VIỆT,Quận 9 (TP. Thủ Đức),TPHCM,,,,,https://mogi.vn/khu-dan-cu-long-thanh-my-prj3101,
prj3103,Khu dân cư Mỹ Long,Công Ty Cổ Phần Xây Dựng Số 5,Quận 9 (TP. Thủ Đức),TPHCM,,,,,https://mogi.vn/khu-dan-cu-my-long-prj3103,
prj3104,Khu dân cư Nhân Phú,Tổng Công ty Cổ phần Phong Phú,Quận 9 (TP. Thủ Đức),TPHCM,2014,Từ 1 tỷ 984 triệu,32 - 102 triệu/m2,,https://mogi.vn/khu-dan-cu-nhan-phu-prj3104,
prj3105,Khu Dân Cư Trường Thạnh 1,CÔNG TY CP NHÀ VIỆT NAM,Quận 9 (TP. Thủ Đức),TPHCM,2011,,,,https://mogi.vn/khu-dan-cu-truong-thanh-1-prj3105,
prj3109,Khu Nhà Ở Cao Cấp Hưng Phú 1,CTCP Đầu Tư Địa Ốc Hưng Phú,Quận 9 (TP. Thủ Đức),TPHCM,2007,Từ 7 tỷ 410 triệu,57 - 139 triệu/m2,,https://mogi.vn/khu-nha-o-cao-cap-hung-phu-1-prj3109,
prj3110,Khu Nhà Ở Cao Cấp Hưng Phú 2,CTCP Đầu Tư Địa Ốc Hưng Phú,Quận 9 (TP. Thủ Đức),TPHCM,2008,Từ 2 tỷ 754 triệu,15 triệu/m2,Đang bán,https://mogi.vn/khu-nha-o-cao-cap-hung-phu-2-prj3110,https://mogi.vn/ho-chi-minh/quan-9/mua-nha-dat/khu-nha-o-cao-cap-hung-phu-2-prj3110
prj3115,Khu Nhà Ở Nam Long - Q.9,CÔNG TY CỔ PHẦN ĐẦU TƯ NAM LONG,Quận 9 (TP. Thủ Đức),TPHCM,2002,Từ 7 tỷ 793 triệu,70 - 122 triệu/m2,Cho thuê,https://mogi.vn/khu-nha-o-nam-long-q-9-prj3115,https://mogi.vn/ho-chi-minh/quan-9/thue-nha-dat/khu-nha-o-nam-long-q-9-prj3115
prj3117,Khu Nhà Ở Thiên Lý,CTy TNHH DV-XD An Thiên Lý,Quận 9 (TP. Thủ Đức),TPHCM,,Từ 807 triệu 500 nghìn,9 - 17 triệu/m2,Đang bán,https://mogi.vn/khu-nha-o-thien-ly-prj3117,https://mogi.vn/ho-chi-minh/quan-9/mua-nha-dat/khu-nha-o-thien-ly-prj3117
prj3121,Long Phước Điền - Long Trường,Công ty Cổ Phần Đầu Tư và Kinh Doanh Nhà Khang Điền,Quận 9 (TP. Thủ Đức),TPHCM,,,,,https://mogi.vn/long-phuoc-dien-long-truong-prj3121,
prj3122,Dragon Riverside City,Công ty Địa ốc Phú Long,Quận 5,TPHCM,,,,,https://mogi.vn/dragon-riverside-city-prj3122,
prj3124,Mega Residence,Công Ty CP ĐT và Kinh Doanh Nhà Khang Điền Khadihouse JSC,Quận 9 (TP. Thủ Đức),TPHCM,,Từ 7 tỷ 969 triệu,106 - 193 triệu/m2,,https://mogi.vn/mega-residence-prj3124,
prj3126,Phố Đông Apartment,Công ty CP BĐS Phố Đông,Quận 9 (TP. Thủ Đức),TPHCM,2013,Từ 1 tỷ 474 triệu,26 - 33 triệu/m2,Cho thuê,https://mogi.vn/pho-dong-apartment-prj3126,https://mogi.vn/ho-chi-minh/quan-9/thue-nha-dat/pho-dong-apartment-prj3126
prj3128,Phước Long Spring Town,CÔNG TY CỔ PHẦN PHÁT TRIỂN NHÀ THỦ ĐỨC,Quận 9 (TP. Thủ Đức),TPHCM,2014,,,,https://mogi.vn/phuoc-long-spring-town-prj3128,
prj3132,Richland Hill,,Quận 9 (TP. Thủ Đức),TPHCM,,,,,https://mogi.vn/richland-hill-prj3132,
prj3134,River Valley,CTCP Đầu Tư Địa Ốc Hưng Phú,Quận 9 (TP. Thủ Đức),TPHCM,2012,Từ 1 tỷ 50 triệu,15 triệu/m2,,https://mogi.vn/river-valley-prj3134,
prj3137,Riviera Cove,CÔNG TY TNHH KEPPEL LAND VIỆT NAM,Quận 9 (TP. Thủ Đức),TPHCM,2011,Từ 33 tỷ 772 triệu,99 - 200 triệu/m2,Cho thuê,https://mogi.vn/riviera-cove-prj3137,https://mogi.vn/ho-chi-minh/quan-9/thue-nha-dat/riviera-cove-prj3137
prj3139,The Boat Club Residences,CÔNG TY CP NHÀ VIỆT NAM,Quận 9 (TP. Thủ Đức),TPHCM,,,,,https://mogi.vn/the-boat-club-residences-prj3139,
prj3140,The Eastern,Công ty TNHH HVK,Quận 9 (TP. Thủ Đức),TPHCM,2013,Từ 1 tỷ 150 triệu,19 - 22 triệu/m2,Cho thuê,https://mogi.vn/the-eastern-prj3140,https://mogi.vn/ho-chi-minh/quan-9/thue-nha-dat/the-eastern-prj3140
prj3142,The Garland,Công ty TNHH Vinacapital Real Estate,Quận 9 (TP. Thủ Đức),TPHCM,,Từ 4 tỷ 212 triệu,15 triệu/m2,Đang bán,https://mogi.vn/the-garland-prj3142,https://mogi.vn/ho-chi-minh/quan-9/mua-nha-dat/the-garland-prj3142
prj3143,The Sun City Minh Sơn,Công Ty CP ĐT và Kinh Doanh Nhà Khang Điền Khadihouse JSC,Quận 9 (TP. Thủ Đức),TPHCM,,,,,https://mogi.vn/the-sun-city-minh-son-prj3143,
prj3145,Topia Garden,Công ty Cổ Phần Đầu Tư và Kinh Doanh Nhà Khang Điền,Quận 9 (TP. Thủ Đức),TPHCM,,Từ 4 tỷ 320 triệu,45 - 100 triệu/m2,,https://mogi.vn/topia-garden-prj3145,
prj3146,Trí Kiệt Long Trường,,Quận 9 (TP. Thủ Đức),TPHCM,,,,Đang bán,https://mogi.vn/tri-kiet-long-truong-prj3146,https://mogi.vn/ho-chi-minh/quan-9/mua-nha-dat/tri-kiet-long-truong-prj3146
prj3149,Villa Park,Tập đoàn MIK Corporation,Quận 9 (TP. Thủ Đức),TPHCM,2012,Từ 6 tỷ 361 triệu,39 - 43 triệu/m2,Cho thuê,https://mogi.vn/villa-park-prj3149,https://mogi.vn/ho-chi-minh/quan-9/thue-nha-dat/villa-park-prj3149
prj3152,Bình Tân Complex,CÔNG TY CỔ PHẦN VẠN PHÁT HƯNG,Quận Bình Tân,TPHCM,2011,,,Đang bán,https://mogi.vn/binh-tan-complex-prj3152,https://mogi.vn/ho-chi-minh/quan-binh-tan/mua-nha-dat/binh-tan-complex-prj3152
prj3153,Căn hộ Ehome 3,CÔNG TY CỔ PHẦN ĐẦU TƯ NAM LONG,Quận Bình Tân,TPHCM,2016,Từ 750 triệu,15 - 19 triệu/m2,Đang bán,https://mogi.vn/can-ho-ehome-3-prj3153,https://mogi.vn/ho-chi-minh/quan-binh-tan/mua-nha-dat/can-ho-ehome-3-prj3153
prj3154,Căn Hộ Everville,Công ty Cổ phần Đầu tư – Xây dựng Địa ốc Trường Thịnh Phát (ECI Land),Quận Bình Tân,TPHCM,2012,Từ 542 triệu 400 nghìn,11 - 15 triệu/m2,Đang bán,https://mogi.vn/can-ho-everville-prj3154,https://mogi.vn/ho-chi-minh/quan-binh-tan/mua-nha-dat/can-ho-everville-prj3154
prj3157,Căn Hộ Nhất Lan,Công ty CP Đầu tư Xây dựng Bình Chánh (BCCI),Quận Bình Tân,TPHCM,,,,Đang bán,https://mogi.vn/can-ho-nhat-lan-prj3157,https://mogi.vn/ho-chi-minh/quan-binh-tan/mua-nha-dat/can-ho-nhat-lan-prj3157
prj3158,Căn hộ Nhất Lan 3,Công ty CP Đầu tư Xây dựng Bình Chánh (BCCI),Quận Bình Tân,TPHCM,2013,Từ 585 triệu,13 - 14 triệu/m2,,https://mogi.vn/can-ho-nhat-lan-3-prj3158,
prj3160,Căn Hộ Tân Mai,,Quận Bình Tân,TPHCM,,,,Đang bán,https://mogi.vn/can-ho-tan-mai-prj3160,https://mogi.vn/ho-chi-minh/quan-binh-tan/mua-nha-dat/can-ho-tan-mai-prj3160
prj3167,Chung Cư Lê Thành,Công Ty TNHH TM-XD Lê Thành,Quận Bình Tân,TPHCM,,Từ 550 triệu,11 - 16 triệu/m2,Đang bán,https://mogi.vn/chung-cu-le-thanh-prj3167,https://mogi.vn/ho-chi-minh/quan-binh-tan/mua-nha-dat/chung-cu-le-thanh-prj3167
prj3168,Chung Cư Long Phụng,,Quận Bình Tân,TPHCM,,,,Đang bán,https://mogi.vn/chung-cu-long-phung-prj3168,https://mogi.vn/ho-chi-minh/quan-binh-tan/mua-nha-dat/chung-cu-long-phung-prj3168
prj3170,Chung Cư Xã Hội 35 Hồ Học Lãm,CÔNG TY CỔ PHẦN TƯ VẤN - THƯƠNG MẠI - DỊCH VỤ ĐỊA ỐC HOÀNG QUÂN,Quận Bình Tân,TPHCM,,Từ 1 tỷ 58 triệu,23 - 42 triệu/m2,Đang bán; Cho thuê,https://mogi.vn/chung-cu-xa-hoi-35-ho-hoc-lam-prj3170,https://mogi.vn/ho-chi-minh/quan-binh-tan/mua-nha-dat/chung-cu-xa-hoi-35-ho-hoc-lam-prj3170; https://mogi.vn/ho-chi-minh/quan-binh-tan/thue-nha-dat/chung-cu-xa-hoi-35-ho-hoc-lam-prj3170
prj3173,Green Hills Apartment,,Quận Bình Tân,TPHCM,2015,Từ 967 triệu 50 nghìn,15 triệu/m2,Đang bán,https://mogi.vn/green-hills-apartment-prj3173,https://mogi.vn/ho-chi-minh/quan-binh-tan/mua-nha-dat/green-hills-apartment-prj3173
prj3175,Khu dân cư Bắc Lương Bèo,,Quận Bình Tân,TPHCM,,,,Đang bán,https://mogi.vn/kdc-bac-luong-beo-prj3175,https://mogi.vn/ho-chi-minh/quan-binh-tan/mua-nha-dat/kdc-bac-luong-beo-prj3175
prj3178,KDC Nam Hùng Vương - Bắc Trần Văn Kiểu,Công ty cổ phần Đầu tư và Xây dựng Bình Chánh,Quận Bình Tân,TPHCM,,,,Cho thuê,https://mogi.vn/kdc-nam-hung-vuong-bac-tran-van-kieu-prj3178,https://mogi.vn/ho-chi-minh/quan-binh-tan/thue-nha-dat/kdc-nam-hung-vuong-bac-tran-van-kieu-prj3178
prj3184,Khu Căn hộ Da Sà,Công ty CP Đầu tư Xây dựng Bình Chánh (BCCI),Quận Bình Tân,TPHCM,,Từ 1 tỷ 898 triệu,26 - 29 triệu/m2,Cho thuê,https://mogi.vn/khu-can-ho-da-sa-prj3184,https://mogi.vn/ho-chi-minh/quan-binh-tan/thue-nha-dat/khu-can-ho-da-sa-prj3184
prj3186,Khu Cao Ốc Hồng Tân,CÔNG TY CỔ PHẦN XÂY DỰNG CÔNG TRÌNH VÀ ĐẦU TƯ ĐỊA ỐC HỒNG QUANG,Quận Bình Tân,TPHCM,,,,,https://mogi.vn/khu-cao-oc-hong-tan-prj3186,
prj3195,Khu Nhà Ở Đất Việt,,Quận Bình Tân,TPHCM,,,,Cho thuê,https://mogi.vn/khu-nha-o-dat-viet-prj3195,https://mogi.vn/ho-chi-minh/quan-binh-tan/thue-nha-dat/khu-nha-o-dat-viet-prj3195
prj3199,Lê Thành An Lạc,Công Ty TNHH TM-XD Lê Thành,Quận Bình Tân,TPHCM,,Từ 658 triệu 800 nghìn,18 - 23 triệu/m2,Đang bán,https://mogi.vn/le-thanh-an-lac-prj3199,https://mogi.vn/ho-chi-minh/quan-binh-tan/mua-nha-dat/le-thanh-an-lac-prj3199
prj3201,Lê Thành Twin Towers,Công Ty TNHH TM-XD Lê Thành,Quận Bình Tân,TPHCM,2013,Từ 796 triệu,19 - 22 triệu/m2,Cho thuê,https://mogi.vn/le-thanh-twin-towers-prj3201,https://mogi.vn/ho-chi-minh/quan-binh-tan/thue-nha-dat/le-thanh-twin-towers-prj3201
prj3203,Manhattan City,CÔNG TY CỔ PHẦN THƯƠNG MẠI ĐỊA ỐC THẾ GIỚI LÊ,Quận Bình Tân,TPHCM,,,,,https://mogi.vn/manhattan-city-prj3203,
prj3204,Nam An Apartment,Đang cập nhật,Quận Bình Tân,TPHCM,,,,,https://mogi.vn/nam-an-apartment-prj3204,
prj3205,Nguyễn Quyền Plaza,Công ty TNHH Nguyễn Quyền,Quận Bình Tân,TPHCM,2011,,,Cho thuê,https://mogi.vn/nguyen-quyen-plaza-prj3205,https://mogi.vn/ho-chi-minh/quan-binh-tan/thue-nha-dat/nguyen-quyen-plaza-prj3205
prj3208,The Golden Dynasty (Hoàng Kim Thế Gia),Công ty TNHH MTV TM-XD-XNK Vĩnh Phong Thái,Quận Bình Tân,TPHCM,2011,Từ 1 tỷ 387 triệu,25 - 43 triệu/m2,Đang bán; Cho thuê,https://mogi.vn/the-golden-dynasty-prj3208,https://mogi.vn/ho-chi-minh/quan-binh-tan/mua-nha-dat/the-golden-dynasty-prj3208; https://mogi.vn/ho-chi-minh/quan-binh-tan/thue-nha-dat/the-golden-dynasty-prj3208
prj3210,Chung Cư Thế Kỷ 21,Công Ty CP Thế Kỷ 21,Quận Bình Thạnh,TPHCM,2005,Từ 892 triệu 800 nghìn,18 - 26 triệu/m2,Đang bán,https://mogi.vn/chung-cu-the-ky-21-prj3210,https://mogi.vn/ho-chi-minh/quan-binh-thanh/mua-nha-dat/chung-cu-the-ky-21-prj3210
prj3215,Căn Hộ Đại An - Saigon Riverside,Công ty TNHH Phát Triển Nhà Đại An - Saigontourist,Quận Bình Thạnh,TPHCM,2014,Từ 2 tỷ 40 triệu,20 - 25 triệu/m2,Đang bán,https://mogi.vn/can-ho-dai-an-saigon-riverside-prj3215,https://mogi.vn/ho-chi-minh/quan-binh-thanh/mua-nha-dat/can-ho-dai-an-saigon-riverside-prj3215
prj3216,Căn hộ Nguyễn Ngọc Phương,,Quận Bình Thạnh,TPHCM,,,,Cho thuê,https://mogi.vn/can-ho-nguyen-ngoc-phuong-prj3216,https://mogi.vn/ho-chi-minh/quan-binh-thanh/thue-nha-dat/can-ho-nguyen-ngoc-phuong-prj3216
prj3217,Căn hộ Phú Đạt,Công ty Cổ phần Đầu tư và Xây dựng Phú Đạt,Quận Bình Thạnh,TPHCM,2011,,,Cho thuê,https://mogi.vn/can-ho-phu-dat-prj3217,https://mogi.vn/ho-chi-minh/quan-binh-thanh/thue-nha-dat/can-ho-phu-dat-prj3217
prj3219,Cantavil Hoàn Cầu,Công ty Xây dựng Daewon,Quận Bình Thạnh,TPHCM,2009,Từ 4 tỷ 992 triệu,41 - 48 triệu/m2,Đang bán,https://mogi.vn/cantavil-hoan-cau-prj3219,https://mogi.vn/ho-chi-minh/quan-binh-thanh/mua-nha-dat/cantavil-hoan-cau-prj3219
prj3220,Cao Ốc 152 Điện Biên Phủ,Công ty CP đầu tư hạ tầng kỹ thuật TP. Hồ Chí Minh,Quận Bình Thạnh,TPHCM,,,,Đang bán,https://mogi.vn/cao-oc-152-dien-bien-phu-prj3220,https://mogi.vn/ho-chi-minh/quan-binh-thanh/mua-nha-dat/cao-oc-152-dien-bien-phu-prj3220
prj3224,Cao Ốc Đất Phương Nam,Công Ty TNHH XD và TM Đất Phương Nam,Quận Bình Thạnh,TPHCM,,Từ 3 tỷ 258 triệu,31 - 41 triệu/m2,Cho thuê,https://mogi.vn/cao-oc-dat-phuong-nam-prj3224,https://mogi.vn/ho-chi-minh/quan-binh-thanh/thue-nha-dat/cao-oc-dat-phuong-nam-prj3224
prj3238,Chung Cư 283 Lê Quang Định,Công ty Quản lý Kinh Doanh Nhà TP. Hồ Chí Minh,Quận Bình Thạnh,TPHCM,2010,,,Đang bán,https://mogi.vn/chung-cu-283-le-quang-dinh-prj3238,https://mogi.vn/ho-chi-minh/quan-binh-thanh/mua-nha-dat/chung-cu-283-le-quang-dinh-prj3238
prj3239,Chung cư 41 Bis Điện Biên Phủ,CTCP ĐT&XD Số 8,Quận Bình Thạnh,TPHCM,2000,Từ 1 tỷ 197 triệu,21 - 25 triệu/m2,,https://mogi.vn/chung-cu-41-bis-dien-bien-phu-prj3239,
prj3240,Chung Cư B1 Trường Sa,Công Ty CP Phát Triển BĐS Vạn Phúc Gia,Quận Bình Thạnh,TPHCM,,Từ 2 tỷ 392 triệu,46 - 57 triệu/m2,Đang bán,https://mogi.vn/chung-cu-b1-truong-sa-prj3240,https://mogi.vn/ho-chi-minh/quan-binh-thanh/mua-nha-dat/chung-cu-b1-truong-sa-prj3240
prj3241,Chung cư B2 Trường Sa,,Quận Bình Thạnh,TPHCM,,,,Đang bán,https://mogi.vn/chung-cu-b2-truong-sa-prj3241,https://mogi.vn/ho-chi-minh/quan-binh-thanh/mua-nha-dat/chung-cu-b2-truong-sa-prj3241
prj3242,Chung cư Bắc Bình,CTCP ĐT&XD Số 8,Quận Bình Thạnh,TPHCM,2012,Từ 378 triệu,7 - 12 triệu/m2,,https://mogi.vn/chung-cu-bac-binh-prj3242,
prj3245,Chung Cư Cao Cấp Cửu Long,CÔNG TY CỔ PHẦN XÂY DỰNG VÀ KINH DOANH NHÀ CỬU LONG,Quận Bình Thạnh,TPHCM,,Từ 1 tỷ 766 triệu,28 - 38 triệu/m2,Đang bán,https://mogi.vn/chung-cu-cao-cap-cuu-long-prj3245,https://mogi.vn/ho-chi-minh/quan-binh-thanh/mua-nha-dat/chung-cu-cao-cap-cuu-long-prj3245
prj3247,Chung Cư Chu Văn An,Tổng Công ty Cổ phần Thương mại Xây dựng,Quận Bình Thạnh,TPHCM,,Từ 2 tỷ 220 triệu,37 - 47 triệu/m2,Cho thuê,https://mogi.vn/chung-cu-chu-van-an-prj3247,https://mogi.vn/ho-chi-minh/quan-binh-thanh/thue-nha-dat/chung-cu-chu-van-an-prj3247
prj3250,Chung Cư Miếu Nổi,Tổng Công Ty Xây Dựng Số 1,Quận Bình Thạnh,TPHCM,2000,,,Đang bán; Cho thuê,https://mogi.vn/chung-cu-mieu-noi-prj3250,https://mogi.vn/ho-chi-minh/quan-binh-thanh/mua-nha-dat/chung-cu-mieu-noi-prj3250; https://mogi.vn/ho-chi-minh/quan-binh-thanh/thue-nha-dat/chung-cu-mieu-noi-prj3250
prj3251,Chung Cư Mỹ Đức,CÔNG TY CP XD SỐ 5,Quận Bình Thạnh,TPHCM,2010,Từ 1 tỷ 100 triệu,25 - 32 triệu/m2,Đang bán; Cho thuê,https://mogi.vn/chung-cu-my-duc-prj3251,https://mogi.vn/ho-chi-minh/quan-binh-thanh/mua-nha-dat/chung-cu-my-duc-prj3251; https://mogi.vn/ho-chi-minh/quan-binh-thanh/thue-nha-dat/chung-cu-my-duc-prj3251
prj3253,Chung Cư Nguyễn Huy Lượng,,Quận Bình Thạnh,TPHCM,,,,Đang bán,https://mogi.vn/chung-cu-nguyen-huy-luong-prj3253,https://mogi.vn/ho-chi-minh/quan-binh-thanh/mua-nha-dat/chung-cu-nguyen-huy-luong-prj3253
prj3254,Chung Cư Phạm Viết Chánh,,Quận Bình Thạnh,TPHCM,,,,Đang bán,https://mogi.vn/chung-cu-pham-viet-chanh-prj3254,https://mogi.vn/ho-chi-minh/quan-binh-thanh/mua-nha-dat/chung-cu-pham-viet-chanh-prj3254
prj3255,Chung Cư SGC Nguyễn Cửu Vân,Tổng Công Ty Xây Dựng Sài Gòn (SGC),Quận Bình Thạnh,TPHCM,2011,Từ 2 tỷ 159 triệu,43 - 54 triệu/m2,Cho thuê,https://mogi.vn/chung-cu-sgc-nguyen-cuu-van-prj3255,https://mogi.vn/ho-chi-minh/quan-binh-thanh/thue-nha-dat/chung-cu-sgc-nguyen-cuu-van-prj3255
prj3257,City Garden,Tổng Công ty Vật liệu xây dựng số 1 - TNHH Một thành viên,Quận Bình Thạnh,TPHCM,2012,Từ 4 tỷ 140 triệu,60 - 62 triệu/m2,Đang bán,https://mogi.vn/city-garden-prj3257,https://mogi.vn/ho-chi-minh/quan-binh-thanh/mua-nha-dat/city-garden-prj3257
prj3264,Cư Xá Tân Cảng,Tập Đoàn Vingroup - Công ty CP,Quận Bình Thạnh,TPHCM,2017,,,Đang bán,https://mogi.vn/cu-xa-tan-cang-prj3264,https://mogi.vn/ho-chi-minh/quan-binh-thanh/mua-nha-dat/cu-xa-tan-cang-prj3264
prj3267,EBM Building,,Quận Bình Thạnh,TPHCM,,,,,https://mogi.vn/ebm-building-prj3267,
prj3272,HUD Building,TỔNG CÔNG TY ĐẦU TƯ PHÁT TRIỂN NHÀ VÀ ĐÔ THỊ,Quận Bình Thạnh,TPHCM,,,,Cho thuê,https://mogi.vn/hud-building-prj3272,https://mogi.vn/ho-chi-minh/quan-binh-thanh/thue-nha-dat/hud-building-prj3272
prj3274,KDC Bình Hoà,CÔNG TY CỔ PHẦN XÂY DỰNG & KD NHÀ ĐẠI PHÚC,Quận Bình Thạnh,TPHCM,2013,Từ 1 tỷ 360 triệu,20 - 25 triệu/m2,Đang bán,https://mogi.vn/kdc-binh-hoa-prj3274,https://mogi.vn/ho-chi-minh/quan-binh-thanh/mua-nha-dat/kdc-binh-hoa-prj3274
prj3285,Melody Tower,Công Ty TNHH Savills Việt Nam,Quận Bình Thạnh,TPHCM,,,,,https://mogi.vn/melody-tower-prj3285,
prj3291,Peace Building,,Quận Bình Thạnh,TPHCM,,,,,https://mogi.vn/peace-building-prj3291,
prj3302,Thanh Đa View,Công ty Cổ phần Thanh Yến,Quận Bình Thạnh,TPHCM,2012,,,Đang bán,https://mogi.vn/thanh-da-view-prj3302,https://mogi.vn/ho-chi-minh/quan-binh-thanh/mua-nha-dat/thanh-da-view-prj3302
prj3304,The Hyco4 Tower,CÔNG TY CỔ PHẦN ĐẦU TƯ BẤT ĐỘNG SẢN THỦY LỢI 4A,Quận Bình Thạnh,TPHCM,,Từ 2 tỷ 173 triệu,41 - 58 triệu/m2,Cho thuê,https://mogi.vn/the-hyco4-tower-prj3304,https://mogi.vn/ho-chi-minh/quan-binh-thanh/thue-nha-dat/the-hyco4-tower-prj3304
prj3305,The Manor,Tập đoàn BITEXCO,Quận Bình Thạnh,TPHCM,2010,Từ 2 tỷ 400 triệu,40 - 45 triệu/m2,Cho thuê,https://mogi.vn/the-manor-prj3305,https://mogi.vn/ho-chi-minh/quan-binh-thanh/thue-nha-dat/the-manor-prj3305
prj3306,The Morning Star Plaza,Asia Project Manager Co. Ltd,Quận Bình Thạnh,TPHCM,2010,Từ 1 tỷ 680 triệu,20 - 32 triệu/m2,Đang bán,https://mogi.vn/the-morning-star-plaza-prj3306,https://mogi.vn/ho-chi-minh/quan-binh-thanh/mua-nha-dat/the-morning-star-plaza-prj3306
prj3310,TTTM - Cao Ốc VP Hàng Xanh,CÔNG TY CỔ PHẦN PHÁT TRIỂN NHÀ THỦ ĐỨC,Quận Bình Thạnh,TPHCM,,,,,https://mogi.vn/tttm-cao-oc-vp-hang-xanh-prj3310,
prj3311,V - Building,,Quận Bình Thạnh,TPHCM,,,,,https://mogi.vn/v-building-prj3311,
prj3317,Căn hộ 584 Lilama SHB Plaza,CÔNG TY CỔ PHẦN ĐẦU TƯ XÂY DỰNG LILAMA SHB,Quận Gò Vấp,TPHCM,,,,Đang bán,https://mogi.vn/can-ho-584-lilama-shb-plaza-prj3317,https://mogi.vn/ho-chi-minh/quan-go-vap/mua-nha-dat/can-ho-584-lilama-shb-plaza-prj3317
prj3321,Cao ốc Dream Home,Công ty TNHH Nhà Mơ,Quận Gò Vấp,TPHCM,2015,,,Cho thuê,https://mogi.vn/cao-oc-dream-home-prj3321,https://mogi.vn/ho-chi-minh/quan-go-vap/thue-nha-dat/cao-oc-dream-home-prj3321
prj3323,Chung cư An Lộc,,Quận Gò Vấp,TPHCM,,,,Cho thuê,https://mogi.vn/chung-cu-an-loc-prj3323,https://mogi.vn/ho-chi-minh/quan-go-vap/thue-nha-dat/chung-cu-an-loc-prj3323
prj3324,Chung Cư Hà Kiều,CÔNG TY TNHH MỘT THÀNH VIÊN XÂY DỰNG VÀ KINH DOANH NHÀ PHÚ NHUẬN,Quận Gò Vấp,TPHCM,,Từ 1 tỷ 713 triệu,34 - 44 triệu/m2,,https://mogi.vn/chung-cu-ha-kieu-prj3324,
prj3327,Cityland Center Hills,Công ty TNHH Đầu tư Địa ốc Thành Phố,Quận Gò Vấp,TPHCM,2016,Từ 3 tỷ 510 triệu,39 triệu/m2,Đang bán,https://mogi.vn/cityland-center-hills-z751-prj3327,https://mogi.vn/ho-chi-minh/quan-go-vap/mua-nha-dat/cityland-center-hills-z751-prj3327
prj3330,Cụm Cao Ốc Khang Gia,CTCP ĐT&PT Địa Ốc Khang Gia,Quận Gò Vấp,TPHCM,2013,Từ 800 triệu,16 - 19 triệu/m2,Cho thuê,https://mogi.vn/cum-cao-oc-khang-gia-prj3330,https://mogi.vn/ho-chi-minh/quan-go-vap/thue-nha-dat/cum-cao-oc-khang-gia-prj3330
prj3331,KDC CityLand Garden Hills,Công ty TNHH Đầu tư Địa ốc Thành Phố,Quận Gò Vấp,TPHCM,2017,Từ,27 - 32 triệu/m2,Đang bán,https://mogi.vn/kdc-cityland-garden-hills-prj3331,https://mogi.vn/ho-chi-minh/quan-go-vap/mua-nha-dat/kdc-cityland-garden-hills-prj3331
prj3339,Phú Gia Hưng Apartment,Công ty TNHH XD - TM - DV Hà Thuận Hùng,Quận Gò Vấp,TPHCM,,Từ 1 tỷ 431 triệu,27 - 35 triệu/m2,Đang bán,https://mogi.vn/phu-gia-hung-apartment-prj3339,https://mogi.vn/ho-chi-minh/quan-go-vap/mua-nha-dat/phu-gia-hung-apartment-prj3339
prj3341,Sunny Plaza,Công ty Cổ phần bất động sản Sài Gòn Đông Dương,Quận Gò Vấp,TPHCM,2014,Từ 840 triệu,21 triệu/m2,Đang bán,https://mogi.vn/sunny-plaza-prj3341,https://mogi.vn/ho-chi-minh/quan-go-vap/mua-nha-dat/sunny-plaza-prj3341
prj3342,SunView 3 Apartment,Công ty Cổ phần Tập đoàn C.T,Quận Gò Vấp,TPHCM,2013,,,,https://mogi.vn/sunview-3-apartment-prj3342,
prj3345,Botanic Towers,CÔNG TY CỔ PHẦN ĐẦU TƯ XÂY DỰNG PHÚ HƯNG GIA,Quận Phú Nhuận,TPHCM,2006,Từ 2 tỷ 816 triệu,32 - 33 triệu/m2,Cho thuê,https://mogi.vn/botanic-towers-prj3345,https://mogi.vn/ho-chi-minh/quan-phu-nhuan/thue-nha-dat/botanic-towers-prj3345
prj3346,Căn Hộ A1 A3,Công ty Cổ phần Kỹ thuật Xây dựng Phú Nhuận,Quận Phú Nhuận,TPHCM,2000,,,Cho thuê,https://mogi.vn/can-ho-a1-a3-prj3346,https://mogi.vn/ho-chi-minh/quan-phu-nhuan/thue-nha-dat/can-ho-a1-a3-prj3346
prj3353,Cao Ốc Phú Nhuận,Công ty CP Đầu tư & Phát triển Xây dựng Investco,Quận Phú Nhuận,TPHCM,2008,Từ 2 tỷ 480 triệu,31 - 33 triệu/m2,Cho thuê,https://mogi.vn/cao-oc-phu-nhuan-prj3353,https://mogi.vn/ho-chi-minh/quan-phu-nhuan/thue-nha-dat/cao-oc-phu-nhuan-prj3353
prj3356,Cao Ốc Văn Phòng Centrepoint,Công ty Cổ phần Bất động sản Refico,Quận Phú Nhuận,TPHCM,2009,Từ 10 tỷ 720 triệu,134 - 223 triệu/m2,,https://mogi.vn/cao-oc-van-phong-centrepoint-prj3356,
prj3364,Chung Cư Phan Xích Long,Công ty Đầu tư Kinh Doanh BĐS Vạn Thịnh Vượng,Quận Phú Nhuận,TPHCM,,Từ 1 tỷ 20 triệu,34 - 64 triệu/m2,Đang bán,https://mogi.vn/chung-cu-phan-xich-long-prj3364,https://mogi.vn/ho-chi-minh/quan-phu-nhuan/mua-nha-dat/chung-cu-phan-xich-long-prj3364
prj3377,Intresco Tower,Công Ty Cổ Phần Đầu Tư Kinh Doanh Nhà,Quận Phú Nhuận,TPHCM,,,,,https://mogi.vn/intresco-tower-prj3377,
prj3378,Khu Căn Hộ Cao Cấp PN-TECHCONS,,Quận Phú Nhuận,TPHCM,2008,,,Cho thuê,https://mogi.vn/khu-can-ho-cao-cap-pn-techcons-prj3378,https://mogi.vn/ho-chi-minh/quan-phu-nhuan/thue-nha-dat/khu-can-ho-cao-cap-pn-techcons-prj3378
prj3390,The Prince Residence,Novaland Group,Quận Phú Nhuận,TPHCM,2015,,,Đang bán; Cho thuê,https://mogi.vn/the-prince-residence-prj3390,https://mogi.vn/ho-chi-minh/quan-phu-nhuan/mua-nha-dat/the-prince-residence-prj3390; https://mogi.vn/ho-chi-minh/quan-phu-nhuan/thue-nha-dat/the-prince-residence-prj3390
prj3393,ACBR Office Building,CÔNG TY CỔ PHẦN ĐỊA ỐC ACB,Quận Tân Bình,TPHCM,,,,,https://mogi.vn/acbr-office-building-prj3393,
prj3397,Bảy Hiền Tower,Công ty TNHH Long Hưng Phát,Quận Tân Bình,TPHCM,2014,,,Cho thuê,https://mogi.vn/bay-hien-tower-prj3397,https://mogi.vn/ho-chi-minh/quan-tan-binh/thue-nha-dat/bay-hien-tower-prj3397
prj3398,Bee Home,Công ty Cổ phần Tập đoàn C.T,Quận Tân Bình,TPHCM,2014,,,Đang bán,https://mogi.vn/bee-home-prj3398,https://mogi.vn/ho-chi-minh/quan-tan-binh/mua-nha-dat/bee-home-prj3398
prj3399,C.T Plaza Tân Sơn Nhất,Công ty Cổ phần Tập đoàn C.T,Quận Tân Bình,TPHCM,2008,,,Cho thuê,https://mogi.vn/c-t-plaza-tan-son-nhat-prj3399,https://mogi.vn/ho-chi-minh/quan-tan-binh/thue-nha-dat/c-t-plaza-tan-son-nhat-prj3399
prj3415,Carillon Apartment,TTC Land,Quận Tân Bình,TPHCM,2013,Từ 1 tỷ 512 triệu,28 - 33 triệu/m2,Đang bán; Cho thuê,https://mogi.vn/carillon-apartment-prj3415,https://mogi.vn/ho-chi-minh/quan-tan-binh/mua-nha-dat/carillon-apartment-prj3415; https://mogi.vn/ho-chi-minh/quan-tan-binh/thue-nha-dat/carillon-apartment-prj3415
prj3425,Cộng Hòa Garden,CÔNG TY CỔ PHẦN THIÊN PHÚC ĐIỀN,Quận Tân Bình,TPHCM,2014,Từ 1 tỷ 260 triệu,28 - 30 triệu/m2,Cho thuê,https://mogi.vn/cong-hoa-garden-prj3425,https://mogi.vn/ho-chi-minh/quan-tan-binh/thue-nha-dat/cong-hoa-garden-prj3425
prj3437,Khu Chung Cư Bàu Cát II,Công ty Cổ phần Địa ốc Tân Bình (Tan Binh Res),Quận Tân Bình,TPHCM,2009,Từ 640 triệu,20 - 21 triệu/m2,Đang bán; Cho thuê,https://mogi.vn/khu-chung-cu-bau-cat-ii-prj3437,https://mogi.vn/ho-chi-minh/quan-tan-binh/mua-nha-dat/khu-chung-cu-bau-cat-ii-prj3437; https://mogi.vn/ho-chi-minh/quan-tan-binh/thue-nha-dat/khu-chung-cu-bau-cat-ii-prj3437
prj3447,Saigon Airport Plaza,CÔNG TY CỔ PHẦN ĐẦU TƯ XÂY DỰNG PHÚ HƯNG GIA,Quận Tân Bình,TPHCM,2013,,,Đang bán; Cho thuê,https://mogi.vn/saigon-airport-plaza-prj3447,https://mogi.vn/ho-chi-minh/quan-tan-binh/mua-nha-dat/saigon-airport-plaza-prj3447; https://mogi.vn/ho-chi-minh/quan-tan-binh/thue-nha-dat/saigon-airport-plaza-prj3447
prj3450,Scetpa Building,TỔNG CÔNG TY THÁI SƠN,Quận Tân Bình,TPHCM,,,,,https://mogi.vn/scetpa-building-prj3450,
prj3454,Thành Công Tower 2,CÔNG TY CỔ PHẦN DỆT MAY-ĐẦU TƯ-THƯƠNG MẠI THÀNH CÔNG (TCG),Quận Tân Bình,TPHCM,,,,,https://mogi.vn/thanh-cong-tower-2-prj3454,
prj3456,The Harmona Apartment,CÔNG TY CỔ PHẦN THANH NIÊN,Quận Tân Bình,TPHCM,2012,Từ 1 tỷ 176 triệu,24 - 26 triệu/m2,Đang bán; Cho thuê,https://mogi.vn/the-harmona-apartment-prj3456,https://mogi.vn/ho-chi-minh/quan-tan-binh/mua-nha-dat/the-harmona-apartment-prj3456; https://mogi.vn/ho-chi-minh/quan-tan-binh/thue-nha-dat/the-harmona-apartment-prj3456
prj3467,Waseco Building,Công Ty CP Đầu Tư & Xây Dựng Cấp Thoát Nước,Quận Tân Bình,TPHCM,,,,,https://mogi.vn/waseco-building-prj3467,
prj3469,Âu Cơ Tower,CÔNG TY CỔ PHẦN ĐẦU TƯ NĂM BẢY BẢY,Quận Tân Phú,TPHCM,2012,Từ 1 tỷ 122 triệu,22 triệu/m2,Đang bán; Cho thuê,https://mogi.vn/au-co-tower-prj3469,https://mogi.vn/ho-chi-minh/quan-tan-phu/mua-nha-dat/au-co-tower-prj3469; https://mogi.vn/ho-chi-minh/quan-tan-phu/thue-nha-dat/au-co-tower-prj3469
prj3470,Căn Hộ 584 Lilama SHB,Công ty Cổ phần Khai thác GTVT 584,Quận Tân Phú,TPHCM,,,,Đang bán,https://mogi.vn/can-ho-584-lilama-shb-prj3470,https://mogi.vn/ho-chi-minh/quan-tan-phu/mua-nha-dat/can-ho-584-lilama-shb-prj3470
prj3471,Căn Hộ An Phú Lũy Bán Bích,CÔNG TY CỔ PHẦN ĐẦU TƯ KINH DOANH ĐỊA ỐC HƯNG THỊNH,Quận Tân Phú,TPHCM,2017,Từ 1 tỷ 378 triệu,26 - 30 triệu/m2,Cho thuê,https://mogi.vn/can-ho-an-phu-luy-ban-bich-prj3471,https://mogi.vn/ho-chi-minh/quan-tan-phu/thue-nha-dat/can-ho-an-phu-luy-ban-bich-prj3471
prj3475,Căn Hộ Fortuna,CÔNG TY TNHH DỊCH VỤ THƯƠNG MẠI KIM HONG,Quận Tân Phú,TPHCM,2012,Từ 1 tỷ 50 triệu,25 - 33 triệu/m2,Đang bán; Cho thuê,https://mogi.vn/can-ho-fortuna-prj3475,https://mogi.vn/ho-chi-minh/quan-tan-phu/mua-nha-dat/can-ho-fortuna-prj3475; https://mogi.vn/ho-chi-minh/quan-tan-phu/thue-nha-dat/can-ho-fortuna-prj3475
prj3479,Căn Hộ Quang Thái,CÔNG TY TNHH ĐẦU TƯ - XÂY DỰNG - THƯƠNG MẠI - ĐỊA ỐC QUANG THÁI,Quận Tân Phú,TPHCM,,,,Đang bán; Cho thuê,https://mogi.vn/can-ho-quang-thai-prj3479,https://mogi.vn/ho-chi-minh/quan-tan-phu/mua-nha-dat/can-ho-quang-thai-prj3479; https://mogi.vn/ho-chi-minh/quan-tan-phu/thue-nha-dat/can-ho-quang-thai-prj3479
prj3480,Căn Hộ Sacomreal Hòa Bình,,Quận Tân Phú,TPHCM,,,,Cho thuê,https://mogi.vn/can-ho-sacomreal-hoa-binh-prj3480,https://mogi.vn/ho-chi-minh/quan-tan-phu/thue-nha-dat/can-ho-sacomreal-hoa-binh-prj3480
prj3481,Cao Ốc Khang Phú,CTCP ĐT&PT Địa Ốc Khang Gia,Quận Tân Phú,TPHCM,,Từ 2 tỷ 284 triệu,31 - 34 triệu/m2,Đang bán,https://mogi.vn/cao-oc-khang-phu-prj3481,https://mogi.vn/ho-chi-minh/quan-tan-phu/mua-nha-dat/cao-oc-khang-phu-prj3481
prj3483,Chung Cư Cao Cấp An Bình,Công ty CP Địa Ốc Sài Gòn,Quận Tân Phú,TPHCM,,Từ 1 tỷ 113 triệu,15 - 25 triệu/m2,Đang bán,https://mogi.vn/chung-cu-cao-cap-an-binh-prj3483,https://mogi.vn/ho-chi-minh/quan-tan-phu/mua-nha-dat/chung-cu-cao-cap-an-binh-prj3483
prj3493,Khang Gia Tân Hương,CTCP ĐT&PT Địa Ốc Khang Gia,Quận Tân Phú,TPHCM,2013,Từ 918 triệu,17 - 22 triệu/m2,Cho thuê,https://mogi.vn/khang-gia-tan-huong-prj3493,https://mogi.vn/ho-chi-minh/quan-tan-phu/thue-nha-dat/khang-gia-tan-huong-prj3493
prj3496,Thành Công Tower 1,,Quận Tân Phú,TPHCM,,,,Đang bán,https://mogi.vn/khu-can-ho-cao-cap-thanh-cong-tower-1-prj3496,https://mogi.vn/ho-chi-minh/quan-tan-phu/mua-nha-dat/khu-can-ho-cao-cap-thanh-cong-tower-1-prj3496
prj3506,Tân Hương Tower,Đang cập nhật,Quận Tân Phú,TPHCM,2015,Từ 1 tỷ 127 triệu,23 - 29 triệu/m2,Cho thuê,https://mogi.vn/tan-huong-tower-prj3506,https://mogi.vn/ho-chi-minh/quan-tan-phu/thue-nha-dat/tan-huong-tower-prj3506
prj3508,Tanibuilding Sơn Kỳ 1,,Quận Tân Phú,TPHCM,,Từ 1 tỷ 680 triệu,32 - 41 triệu/m2,Đang bán,https://mogi.vn/tanibuilding-son-ky-1-prj3508,https://mogi.vn/ho-chi-minh/quan-tan-phu/mua-nha-dat/tanibuilding-son-ky-1-prj3508
prj3509,Tanibuilding Sơn Kỳ 2,,Quận Tân Phú,TPHCM,,Từ 1 tỷ 430 triệu,28 - 37 triệu/m2,Đang bán; Cho thuê,https://mogi.vn/tanibuilding-son-ky-2-prj3509,https://mogi.vn/ho-chi-minh/quan-tan-phu/mua-nha-dat/tanibuilding-son-ky-2-prj3509; https://mogi.vn/ho-chi-minh/quan-tan-phu/thue-nha-dat/tanibuilding-son-ky-2-prj3509
prj3511,The Rubyland,CÔNG TY CỔ PHẦN TÂN HOÀNG THẮNG,Quận Tân Phú,TPHCM,,Từ 1 tỷ 120 triệu,20 - 28 triệu/m2,Cho thuê,https://mogi.vn/the-rubyland-prj3511,https://mogi.vn/ho-chi-minh/quan-tan-phu/thue-nha-dat/the-rubyland-prj3511
prj3514,Trung Đông Plaza,,Quận Tân Phú,TPHCM,,Từ 1 tỷ 269 triệu,23 - 41 triệu/m2,Cho thuê,https://mogi.vn/trung-dong-plaza-prj3514,https://mogi.vn/ho-chi-minh/quan-tan-phu/thue-nha-dat/trung-dong-plaza-prj3514
prj3516,4S Riverside Bình Triệu,Công ty XD và PT Nhà Thành Trường Lộc,Quận Thủ Đức (TP. Thủ Đức),TPHCM,2014,Từ 1 tỷ 440 triệu,18 - 22 triệu/m2,Cho thuê,https://mogi.vn/4s-riverside-binh-trieu-prj3516,https://mogi.vn/ho-chi-minh/quan-thu-duc/thue-nha-dat/4s-riverside-binh-trieu-prj3516
prj3517,4S Riverside Linh Đông,Công ty XD và PT Nhà Thành Trường Lộc,Quận Thủ Đức (TP. Thủ Đức),TPHCM,2011,Từ 786 triệu 500 nghìn,12 - 19 triệu/m2,Đang bán,https://mogi.vn/4s-riverside-linh-dong-prj3517,https://mogi.vn/ho-chi-minh/quan-thu-duc/mua-nha-dat/4s-riverside-linh-dong-prj3517
prj3525,Căn Hộ Linh Trung,Công ty CP BĐS Sài Gòn Vina,Quận Thủ Đức (TP. Thủ Đức),TPHCM,2016,Từ 477 triệu 300 nghìn,12 - 15 triệu/m2,Đang bán,https://mogi.vn/can-ho-linh-trung-prj3525,https://mogi.vn/ho-chi-minh/quan-thu-duc/mua-nha-dat/can-ho-linh-trung-prj3525
prj3527,Cao Ốc TDH - Bình Chiểu,Cty CP Nhà Hoà Bình,Quận Thủ Đức (TP. Thủ Đức),TPHCM,2010,,,Đang bán,https://mogi.vn/cao-oc-tdh-binh-chieu-prj3527,https://mogi.vn/ho-chi-minh/quan-thu-duc/mua-nha-dat/cao-oc-tdh-binh-chieu-prj3527
prj3529,Cheery 4 Complex,Công Ty CP TV - TM - DV Địa Ốc Hoàng Quân,Quận Thủ Đức (TP. Thủ Đức),TPHCM,2014,Từ 667 triệu 800 nghìn,12 triệu/m2,Đang bán,https://mogi.vn/cheery-4-complex-prj3529,https://mogi.vn/ho-chi-minh/quan-thu-duc/mua-nha-dat/cheery-4-complex-prj3529
prj3532,Chung Cư Mỹ Kim,CÔNG TY CP XD SỐ 5,Quận Thủ Đức (TP. Thủ Đức),TPHCM,2011,Từ 1 tỷ 792 triệu,32 - 39 triệu/m2,,https://mogi.vn/chung-cu-my-kim-prj3532,
prj3533,Chung Cư Tam Bình,CÔNG TY CỔ PHẦN ĐỊA ỐC SÀI GÒN,Quận Thủ Đức (TP. Thủ Đức),TPHCM,2015,Từ 1 tỷ 360 triệu,17 - 19 triệu/m2,Đang bán,https://mogi.vn/chung-cu-tam-binh-prj3533,https://mogi.vn/ho-chi-minh/quan-thu-duc/mua-nha-dat/chung-cu-tam-binh-prj3533
prj3534,Chung Cư TDH - Trường Thọ,Công ty Tư Vấn CID ( Singapore),Quận Thủ Đức (TP. Thủ Đức),TPHCM,2011,Từ 1 tỷ 64 triệu,14 - 15 triệu/m2,Đang bán,https://mogi.vn/chung-cu-tdh-truong-tho-prj3534,https://mogi.vn/ho-chi-minh/quan-thu-duc/mua-nha-dat/chung-cu-tdh-truong-tho-prj3534
prj3535,Chương Dương Golden Land,CÔNG TY CỔ PHẦN CHƯƠNG DƯƠNG,Quận Thủ Đức (TP. Thủ Đức),TPHCM,2006,,,,https://mogi.vn/chuong-duong-golden-land-prj3535,
prj3544,KDC Hồng Long,Công ty TNHH Sản xuất Thương mại Xây dựng Dịch vụ Hồng Long,Quận Thủ Đức (TP. Thủ Đức),TPHCM,,Từ 1 tỷ 994 triệu,39 - 65 triệu/m2,Cho thuê,https://mogi.vn/kdc-hong-long-prj3544,https://mogi.vn/ho-chi-minh/quan-thu-duc/thue-nha-dat/kdc-hong-long-prj3544
prj3546,KDC Savico Hiệp Bình Phước - Tam Bình,,Quận Thủ Đức (TP. Thủ Đức),TPHCM,,Từ,26 - 41 triệu/m2,Đang bán,https://mogi.vn/kdc-savico-hiep-binh-phuoc-tam-binh-prj3546,https://mogi.vn/ho-chi-minh/quan-thu-duc/mua-nha-dat/kdc-savico-hiep-binh-phuoc-tam-binh-prj3546
prj3552,Khu Dân Cư Hưng Phú,,Quận Thủ Đức (TP. Thủ Đức),TPHCM,,,,Đang bán,https://mogi.vn/khu-dan-cu-hung-phu-prj3552,https://mogi.vn/ho-chi-minh/quan-thu-duc/mua-nha-dat/khu-dan-cu-hung-phu-prj3552
prj3555,Khu Dân Cư Sông Đà,Công ty CP Đầu tư Đại Hải,Quận Thủ Đức (TP. Thủ Đức),TPHCM,,,,Đang bán,https://mogi.vn/khu-dan-cu-song-da-prj3555,https://mogi.vn/ho-chi-minh/quan-thu-duc/mua-nha-dat/khu-dan-cu-song-da-prj3555
prj3556,Khu Dân Cư Tam Bình,,Quận Thủ Đức (TP. Thủ Đức),TPHCM,2012,,,Đang bán,https://mogi.vn/khu-dan-cu-tam-binh-prj3556,https://mogi.vn/ho-chi-minh/quan-thu-duc/mua-nha-dat/khu-dan-cu-tam-binh-prj3556
prj3559,Khu Đô Thị Mới Bình Chiểu,CTCP Phát Triển Nhà Thủ Đức,Quận Thủ Đức (TP. Thủ Đức),TPHCM,,,,,https://mogi.vn/khu-do-thi-moi-binh-chieu-prj3559,
prj3562,Lan Phương MHBR Tower,Công Ty TNHH SX-TM Lan Phương,Quận Thủ Đức (TP. Thủ Đức),TPHCM,2012,Từ 1 tỷ 54 triệu,17 - 22 triệu/m2,Đang bán,https://mogi.vn/lan-phuong-mhbr-tower-prj3562,https://mogi.vn/ho-chi-minh/quan-thu-duc/mua-nha-dat/lan-phuong-mhbr-tower-prj3562
prj3564,Newtown Apartment,Công ty TNHH Bất động sản CÔNG MINH,Quận Thủ Đức (TP. Thủ Đức),TPHCM,2011,,,Đang bán,https://mogi.vn/newtown-apartment-prj3564,https://mogi.vn/ho-chi-minh/quan-thu-duc/mua-nha-dat/newtown-apartment-prj3564
prj3566,PetroVietnam Green House,Công ty Cổ phần Địa ốc Dầu Khí,Quận Thủ Đức (TP. Thủ Đức),TPHCM,2012,,,,https://mogi.vn/petrovietnam-green-house-prj3566,
prj3571,Goldland Plaza,Công ty CP XNK tổng hợp và Đầu tư TP.HCM,Quận 6,TPHCM,2016,,,,https://mogi.vn/goldland-plaza-prj3571,
prj3574,Sunview Town,Tập đoàn Đất Xanh,Quận Thủ Đức (TP. Thủ Đức),TPHCM,2014,,,Đang bán,https://mogi.vn/sunview-town-prj3574,https://mogi.vn/ho-chi-minh/quan-thu-duc/mua-nha-dat/sunview-town-prj3574
prj3579,Thủ Đức Garden Homes,Công ty TNHH Xây dựng Trang trí Việt Quốc,Quận Thủ Đức (TP. Thủ Đức),TPHCM,,Từ 13 tỷ 440 triệu,96 - 173 triệu/m2,Đang bán,https://mogi.vn/thu-duc-garden-homes-prj3579,https://mogi.vn/ho-chi-minh/quan-thu-duc/mua-nha-dat/thu-duc-garden-homes-prj3579
prj3580,TNT Building,Đang cập nhật,Quận Thủ Đức (TP. Thủ Đức),TPHCM,,,,,https://mogi.vn/tnt-building-prj3580,
prj3581,Trung Tâm Thương Mại – Căn Hộ Aquila Plaza,CTy CP BĐS Dệt May Việt Nam,Quận Thủ Đức (TP. Thủ Đức),TPHCM,2013,,,,https://mogi.vn/trung-tam-thuong-mai-can-ho-aquila-plaza-prj3581,
prj3911,Tecco Central Home,Công ty CP Đầu tư Xây dựng và Ứng dụng Công nghệ mới (TECCO),Quận Bình Thạnh,TPHCM,2017,,,Cho thuê,https://mogi.vn/tecco-central-home-prj3911,https://mogi.vn/ho-chi-minh/quan-binh-thanh/thue-nha-dat/tecco-central-home-prj3911
prj4404,Cao Ốc Nguyễn Phúc Nguyên,Công ty CP hợp tác Kinh tế - XNK Savimex,Quận 3,TPHCM,,Từ 3 tỷ 245 triệu,42 - 55 triệu/m2,Cho thuê,https://mogi.vn/cao-oc-nguyen-phuc-nguyen-prj4404,https://mogi.vn/ho-chi-minh/quan-3/thue-nha-dat/cao-oc-nguyen-phuc-nguyen-prj4404
prj4431,Celadon City,CÔNG TY CỔ PHẦN GAMUDA LAND VIỆT NAM,Quận Tân Phú,TPHCM,2017,Từ 2 tỷ 380 triệu,35 - 45 triệu/m2,Đang bán; Cho thuê,https://mogi.vn/celadon-city-prj4431,https://mogi.vn/ho-chi-minh/quan-tan-phu/mua-nha-dat/celadon-city-prj4431; https://mogi.vn/ho-chi-minh/quan-tan-phu/thue-nha-dat/celadon-city-prj4431
prj4433,Cao ốc An Bình,CÔNG TY CỔ PHẦN ĐỊA ỐC SÀI GÒN,Quận Tân Phú,TPHCM,2012,,,Cho thuê,https://mogi.vn/chung-cu-cao-ca-p-an-bi-nh-prj4433,https://mogi.vn/ho-chi-minh/quan-tan-phu/thue-nha-dat/chung-cu-cao-ca-p-an-bi-nh-prj4433
prj4437,Khu căn hộ Sacomreal 584 Building,CÔNG TY CỔ PHẦN ĐẦU TƯ XÂY DỰNG VÀ KHAI THÁC CÔNG TRÌNH GIAO THÔNG 584,Quận Tân Phú,TPHCM,2007,Từ 1 tỷ 216 triệu,16 - 17 triệu/m2,Cho thuê,https://mogi.vn/khu-can-ho-sacomreal-584-building-prj4437,https://mogi.vn/ho-chi-minh/quan-tan-phu/thue-nha-dat/khu-can-ho-sacomreal-584-building-prj4437
prj4439,Căn hộ Lotus Garden,CÔNG TY CỔ PHẦN VIỆT ÂU,Quận Tân Phú,TPHCM,2012,Từ 1 tỷ 66 triệu,20 - 26 triệu/m2,Đang bán; Cho thuê,https://mogi.vn/can-ho-lotus-garden-prj4439,https://mogi.vn/ho-chi-minh/quan-tan-phu/mua-nha-dat/can-ho-lotus-garden-prj4439; https://mogi.vn/ho-chi-minh/quan-tan-phu/thue-nha-dat/can-ho-lotus-garden-prj4439
prj4441,Căn hộ MB Babylon,Công ty CP Đầu tư & Phát triển Xây dựng Investco,Quận Tân Phú,TPHCM,2013,,,Đang bán; Cho thuê,https://mogi.vn/can-ho-mb-babylon-prj4441,https://mogi.vn/ho-chi-minh/quan-tan-phu/mua-nha-dat/can-ho-mb-babylon-prj4441; https://mogi.vn/ho-chi-minh/quan-tan-phu/thue-nha-dat/can-ho-mb-babylon-prj4441
prj4451,Căn Hộ Conic Gateway,CÔNG TY CỔ PHẦN XÂY DỰNG ĐẦU TƯ VÀ PHÁT TRIỂN LĨNH PHONG,Quận 8,TPHCM,,,,Đang bán,https://mogi.vn/can-ho-conic-gateway-prj4451,https://mogi.vn/ho-chi-minh/quan-8/mua-nha-dat/can-ho-conic-gateway-prj4451
prj4457,KCN Vĩnh Lộc,Công ty Xuất nhập khẩu và Đầu tư Chợ Lớn – CHOLIMEX.,Quận Bình Tân,TPHCM,2008,,,Cho thuê,https://mogi.vn/kcn-vinh-loc-prj4457,https://mogi.vn/ho-chi-minh/quan-binh-tan/thue-nha-dat/kcn-vinh-loc-prj4457
prj4461,Khu Công Nghiệp Phong Phú,Công ty CP Đầu tư Xây dựng Bình Chánh (BCCI),Huyện Bình Chánh,TPHCM,2010,,,,https://mogi.vn/khu-cong-nghiep-phong-phu-prj4461,
prj4468,Khu dân cư Đại Phúc Green Villas,CÔNG TY CỔ PHẦN XÂY DỰNG & KD NHÀ ĐẠI PHÚC,Huyện Bình Chánh,TPHCM,2012,Từ,18 - 23 triệu/m2,Đang bán,https://mogi.vn/khu-dan-cu-dai-phuc-green-villas-prj4468,https://mogi.vn/ho-chi-minh/huyen-binh-chanh/mua-nha-dat/khu-dan-cu-dai-phuc-green-villas-prj4468
prj4469,Khu dân cư Green Life,CÔNG TY CỔ PHẦN ĐẦU TƯ XÂY DỰNG TÂN BÌNH,Huyện Bình Chánh,TPHCM,2014,,,Đang bán,https://mogi.vn/khu-dan-cu-green-life-prj4469,https://mogi.vn/ho-chi-minh/huyen-binh-chanh/mua-nha-dat/khu-dan-cu-green-life-prj4469
prj4477,Tân Tạo Plaza 4-5-6,Công ty Cổ Phần Đầu Tư - Công Nghiệp Tân Tạo,Huyện Bình Chánh,TPHCM,2013,,,,https://mogi.vn/tan-tao-plaza-4-5-6-prj4477,
prj4478,Terra Rosa,CÔNG TY CỔ PHẦN ĐẦU TƯ ĐỊA ỐC KHANG NAM,Huyện Bình Chánh,TPHCM,2013,,,Cho thuê,https://mogi.vn/terra-rosa-prj4478,https://mogi.vn/ho-chi-minh/huyen-binh-chanh/thue-nha-dat/terra-rosa-prj4478
prj4484,Khu công nghiệp Tân Bình,CÔNG TY CỔ PHẦN SẢN XUẤT KINH DOANH XNK DỊCH VỤ & ĐẦU TƯ TÂN BÌNH (TANIMEX),Quận Tân Bình,TPHCM,,,,Cho thuê,https://mogi.vn/kcn-tan-binh-prj4484,https://mogi.vn/ho-chi-minh/quan-tan-binh/thue-nha-dat/kcn-tan-binh-prj4484
prj4485,Căn hộ Hiệp Tân,CÔNG TY TNHH XÂY DỰNG THƯƠNG MẠI DỊCH VỤ SẢN XUẤT ĐẠI THÀNH,Quận Tân Phú,TPHCM,2012,,,,https://mogi.vn/can-ho-hiep-tan-prj4485,
prj4487,Green Valley - Thung Lũng Xanh,Công Ty TNHH LD Phú Mỹ Hưng,Quận 7,TPHCM,2013,Từ 2 tỷ 697 triệu,31 triệu/m2,Đang bán; Cho thuê,https://mogi.vn/green-valley-thung-lung-xanh-prj4487,https://mogi.vn/ho-chi-minh/quan-7/mua-nha-dat/green-valley-thung-lung-xanh-prj4487; https://mogi.vn/ho-chi-minh/quan-7/thue-nha-dat/green-valley-thung-lung-xanh-prj4487
prj4488,Hưng Ngân Garden,Công ty Cổ phần Nhà Hưng Ngân,Quận 12,TPHCM,,Từ 1 tỷ 388 triệu,26 - 32 triệu/m2,Cho thuê,https://mogi.vn/hung-ngan-garden-prj4488,https://mogi.vn/ho-chi-minh/quan-12/thue-nha-dat/hung-ngan-garden-prj4488
prj4490,Khu dân cư Đại Phúc River View,CÔNG TY CỔ PHẦN XÂY DỰNG & KD NHÀ ĐẠI PHÚC,Quận Bình Thạnh,TPHCM,,,,Đang bán,https://mogi.vn/khu-dan-cu-dai-phuc-river-view-prj4490,https://mogi.vn/ho-chi-minh/quan-binh-thanh/mua-nha-dat/khu-dan-cu-dai-phuc-river-view-prj4490
prj4491,Van Phuc Riverside Residence - Khu dân cư Vạn Phúc Ven Sông,CÔNG TY CỔ PHẦN ĐẦU TƯ ĐỊA ỐC VẠN PHÚC,Quận Thủ Đức (TP. Thủ Đức),TPHCM,,Từ 13 tỷ 532 triệu,159 - 443 triệu/m2,,https://mogi.vn/van-phuc-riverside-residence-khu-dan-cu-van-phuc-ven-song-prj4491,
prj4493,Scenic Valley,Công ty TNHH Phát Triển Phú Mỹ Hưng,Quận 7,TPHCM,2017,Từ 4 tỷ 81 triệu,58 - 69 triệu/m2,Đang bán; Cho thuê,https://mogi.vn/scenic-valley-prj4493,https://mogi.vn/ho-chi-minh/quan-7/mua-nha-dat/scenic-valley-prj4493; https://mogi.vn/ho-chi-minh/quan-7/thue-nha-dat/scenic-valley-prj4493
prj4494,Việt Phú Garden,Công ty CP Đầu tư Xây dựng Bình Chánh (BCCI),Huyện Bình Chánh,TPHCM,2014,Từ 1 tỷ 8 triệu,11 - 11 triệu/m2,Đang bán,https://mogi.vn/viet-phu-garden-prj4494,https://mogi.vn/ho-chi-minh/huyen-binh-chanh/mua-nha-dat/viet-phu-garden-prj4494
prj4496,Rivera Park Sài Gòn,Công ty CP Đầu tư và Phát triển đô thị Long Giang,Quận 10,TPHCM,2017,,,Đang bán,https://mogi.vn/rivera-park-sai-gon-prj4496,https://mogi.vn/ho-chi-minh/quan-10/mua-nha-dat/rivera-park-sai-gon-prj4496
prj4497,Opal Riverside,Tập đoàn Đất Xanh,Quận Thủ Đức (TP. Thủ Đức),TPHCM,2018,Từ 1 tỷ 876 triệu,28 - 32 triệu/m2,Cho thuê,https://mogi.vn/opal-riverside-prj4497,https://mogi.vn/ho-chi-minh/quan-thu-duc/thue-nha-dat/opal-riverside-prj4497
prj4500,Saigonres Plaza,Công ty CP địa ốc Sài Gòn Nam Đô,Quận Bình Thạnh,TPHCM,2017,Từ 2 tỷ 485 triệu,35 - 40 triệu/m2,Cho thuê,https://mogi.vn/saigonres-plaza-prj4500,https://mogi.vn/ho-chi-minh/quan-binh-thanh/thue-nha-dat/saigonres-plaza-prj4500
prj4502,Cape Pearl,Công ty Cổ phần tập đoàn S.S.G,Quận Bình Thạnh,TPHCM,2018,,,,https://mogi.vn/cape-pearl-prj4502,
prj4503,Nine South Estate,Tập đoàn VinaCapital,Huyện Nhà Bè,TPHCM,2018,Từ 498 triệu 800 nghìn,4 - 4 triệu/m2,Đang bán,https://mogi.vn/nine-south-estates-prj4503,https://mogi.vn/ho-chi-minh/huyen-nha-be/mua-nha-dat/nine-south-estates-prj4503
prj4504,Park Vista,CÔNG TY TNHH DỊCH VỤ THƯƠNG MẠI-SẢN XUẤT-XÂY DỰNG ĐÔNG MÊ KÔNG,Huyện Nhà Bè,TPHCM,2022,Từ 1 tỷ 92 triệu,21 - 23 triệu/m2,Đang bán,https://mogi.vn/park-vista-prj4504,https://mogi.vn/ho-chi-minh/huyen-nha-be/mua-nha-dat/park-vista-prj4504
prj4507,Flora Fuji,CÔNG TY CỔ PHẦN ĐẦU TƯ NAM LONG,Quận 9 (TP. Thủ Đức),TPHCM,2017,Từ 1 tỷ 620 triệu,30 - 32 triệu/m2,Cho thuê,https://mogi.vn/flora-fuji-prj4507,https://mogi.vn/ho-chi-minh/quan-9/thue-nha-dat/flora-fuji-prj4507
prj4508,Oriental Plaza,CÔNG TY TNHH BẤT ĐỘNG SẢN ĐÔNG PHƯƠNG PHÁT,Quận Tân Phú,TPHCM,2017,Từ 1 tỷ 465 triệu,19 - 26 triệu/m2,Đang bán; Cho thuê,https://mogi.vn/oriental-plaza-prj4508,https://mogi.vn/ho-chi-minh/quan-tan-phu/mua-nha-dat/oriental-plaza-prj4508; https://mogi.vn/ho-chi-minh/quan-tan-phu/thue-nha-dat/oriental-plaza-prj4508
prj4509,Phố Đông Village,Công ty Cổ Phần Xây Dựng Sài Gòn,Quận 2 (TP. Thủ Đức),TPHCM,2014,,,Đang bán,https://mogi.vn/pho-dong-village-prj4509,https://mogi.vn/ho-chi-minh/quan-2/mua-nha-dat/pho-dong-village-prj4509
prj4512,Soho Riverview,Tổng công ty Xây dựng Sài Gòn - TNHH MTV,Quận Bình Thạnh,TPHCM,2016,,,Đang bán,https://mogi.vn/soho-riverview-prj4512,https://mogi.vn/ho-chi-minh/quan-binh-thanh/mua-nha-dat/soho-riverview-prj4512
prj4518,Chung cư A.View,Công ty CP Đầu tư Xây dựng Tân Bình,Huyện Bình Chánh,TPHCM,,Từ 768 triệu 580 nghìn,9 - 12 triệu/m2,,https://mogi.vn/chung-cu-a-view-prj4518,
prj4519,Full House,Công ty TNHH MTV đầu tư xây dựng Trường Thịnh,Quận Bình Tân,TPHCM,2016,Từ 952 triệu,17 - 18 triệu/m2,Cho thuê,https://mogi.vn/full-house-prj4519,https://mogi.vn/ho-chi-minh/quan-binh-tan/thue-nha-dat/full-house-prj4519
prj4521,Spring Life,Công ty Cổ Phần Đầu Tư và Kinh Doanh Nhà Khang Điền,Quận 2 (TP. Thủ Đức),TPHCM,,,,,https://mogi.vn/spring-life-prj4521,
prj4524,Vista Verde,Tập đoàn CapitaLand,Quận 2 (TP. Thủ Đức),TPHCM,2017,Từ 2 tỷ 610 triệu,58 - 61 triệu/m2,Cho thuê,https://mogi.vn/vista-verde-prj4524,https://mogi.vn/ho-chi-minh/quan-2/thue-nha-dat/vista-verde-prj4524
prj4525,Cao ốc Satra - Eximland,Công ty Cổ phần Bất động sản Eximland,Quận Phú Nhuận,TPHCM,2012,Từ 2 tỷ 562 triệu,30 - 35 triệu/m2,Cho thuê,https://mogi.vn/cao-oc-satra-eximland-prj4525,https://mogi.vn/ho-chi-minh/quan-phu-nhuan/thue-nha-dat/cao-oc-satra-eximland-prj4525
prj4526,Cetara Thủ Thiêm,công ty TNHH Xây dựng & Kinh doanh nhà Điền Phúc Thành,Quận 2 (TP. Thủ Đức),TPHCM,2018,Từ 1 tỷ 624 triệu,28 triệu/m2,Cho thuê,https://mogi.vn/cetara-thu-thiem-prj4526,https://mogi.vn/ho-chi-minh/quan-2/thue-nha-dat/cetara-thu-thiem-prj4526
prj4541,Gia Phát Apartment,Công ty TNHH Đầu tư Kinh doanh và Phát triển Dự án Thăng Long,Quận Gò Vấp,TPHCM,2016,Từ 960 triệu,16 triệu/m2,Cho thuê,https://mogi.vn/gia-phat-apartment-prj4541,https://mogi.vn/ho-chi-minh/quan-go-vap/thue-nha-dat/gia-phat-apartment-prj4541
prj4544,8X Rainbow,CTY CP ĐẦU TƯ KD ĐỊA ỐC HƯNG THỊNH,Quận Bình Tân,TPHCM,2018,Từ 875 triệu 700 nghìn,13 - 24 triệu/m2,Đang bán; Cho thuê,https://mogi.vn/8x-rainbow-prj4544,https://mogi.vn/ho-chi-minh/quan-binh-tan/mua-nha-dat/8x-rainbow-prj4544; https://mogi.vn/ho-chi-minh/quan-binh-tan/thue-nha-dat/8x-rainbow-prj4544
prj4545,LakeView City,Novaland Group,Quận 2 (TP. Thủ Đức),TPHCM,2018,Từ 5 tỷ 900 triệu,59 - 75 triệu/m2,Cho thuê,https://mogi.vn/lakeview-city-prj4545,https://mogi.vn/ho-chi-minh/quan-2/thue-nha-dat/lakeview-city-prj4545
prj4546,Kingston Residence,Novaland Group,Quận Phú Nhuận,TPHCM,2017,Từ 3 tỷ 392 triệu,57 - 74 triệu/m2,Đang bán; Cho thuê,https://mogi.vn/kingston-residence-prj4546,https://mogi.vn/ho-chi-minh/quan-phu-nhuan/mua-nha-dat/kingston-residence-prj4546; https://mogi.vn/ho-chi-minh/quan-phu-nhuan/thue-nha-dat/kingston-residence-prj4546
prj4547,Heaven Riverview,Công ty TNHH Thương mại Xây dựng và Kinh doanh Nhà An Phúc,Quận 8,TPHCM,2017,Từ 800 triệu,16 triệu/m2,Cho thuê,https://mogi.vn/heaven-riverview-prj4547,https://mogi.vn/ho-chi-minh/quan-8/thue-nha-dat/heaven-riverview-prj4547
prj4548,Lucky Palace,Novaland Group,Quận 6,TPHCM,2017,Từ 2 tỷ 156 triệu,28 - 34 triệu/m2,Cho thuê,https://mogi.vn/lucky-palace-prj4548,https://mogi.vn/ho-chi-minh/quan-6/thue-nha-dat/lucky-palace-prj4548
prj4549,Fortune Apartment,Công ty TNHH kinh doanh địa ốc Sài Gòn,Quận Thủ Đức (TP. Thủ Đức),TPHCM,2016,Từ 573 triệu 300 nghìn,11 triệu/m2,Đang bán,https://mogi.vn/fortune-apartment-prj4549,https://mogi.vn/ho-chi-minh/quan-thu-duc/mua-nha-dat/fortune-apartment-prj4549
prj4550,The Park Avenue,Novaland Group,Quận 11,TPHCM,2018,,,Đang bán,https://mogi.vn/the-park-avenue-prj4550,https://mogi.vn/ho-chi-minh/quan-11/mua-nha-dat/the-park-avenue-prj4550
prj4552,Wilton Tower,Novaland Group,Quận Bình Thạnh,TPHCM,2018,,,Cho thuê,https://mogi.vn/wilton-tower-prj4552,https://mogi.vn/ho-chi-minh/quan-binh-thanh/thue-nha-dat/wilton-tower-prj4552
prj4553,Căn hộ NAM MINH LONG,Công ty TNHH XD-TM-DV Nam Minh Long,Quận Tân Bình,TPHCM,2011,Từ 2 tỷ 116 triệu,23 triệu/m2,Đang bán,https://mogi.vn/can-ho-nam-minh-long-prj4553,https://mogi.vn/ho-chi-minh/quan-tan-binh/mua-nha-dat/can-ho-nam-minh-long-prj4553
prj4554,Ruby Garden,Tập đoàn Tân Hoàng Thắng,Quận Tân Bình,TPHCM,2011,Từ 893 triệu,19 - 36 triệu/m2,Đang bán; Cho thuê,https://mogi.vn/ruby-garden-prj4554,https://mogi.vn/ho-chi-minh/quan-tan-binh/mua-nha-dat/ruby-garden-prj4554; https://mogi.vn/ho-chi-minh/quan-tan-binh/thue-nha-dat/ruby-garden-prj4554
prj4555,Richstar,Novaland Group,Quận Tân Phú,TPHCM,2018,Từ 1 tỷ 227 triệu,23 - 26 triệu/m2,Đang bán; Cho thuê,https://mogi.vn/richstar-prj4555,https://mogi.vn/ho-chi-minh/quan-tan-phu/mua-nha-dat/richstar-prj4555; https://mogi.vn/ho-chi-minh/quan-tan-phu/thue-nha-dat/richstar-prj4555
prj4556,Investco Babylon,Công ty CP Đầu tư & Phát triển Xây dựng Investco,Quận Tân Phú,TPHCM,2014,Từ 920 triệu,20 - 22 triệu/m2,Đang bán,https://mogi.vn/investco-babylon-prj4556,https://mogi.vn/ho-chi-minh/quan-tan-phu/mua-nha-dat/investco-babylon-prj4556
prj4557,The Sun Avenue,Novaland Group,Quận 2 (TP. Thủ Đức),TPHCM,2018,Từ 2 tỷ 640 triệu,48 - 50 triệu/m2,Đang bán; Cho thuê,https://mogi.vn/the-sun-avenue-prj4557,https://mogi.vn/ho-chi-minh/quan-2/mua-nha-dat/the-sun-avenue-prj4557; https://mogi.vn/ho-chi-minh/quan-2/thue-nha-dat/the-sun-avenue-prj4557
prj4559,Golden Mansion,Novaland Group,Quận Phú Nhuận,TPHCM,2018,Từ 2 tỷ 898 triệu,42 - 44 triệu/m2,Đang bán; Cho thuê,https://mogi.vn/golden-mansion-prj4559,https://mogi.vn/ho-chi-minh/quan-phu-nhuan/mua-nha-dat/golden-mansion-prj4559; https://mogi.vn/ho-chi-minh/quan-phu-nhuan/thue-nha-dat/golden-mansion-prj4559
prj4560,Central Plaza,CÔNG TY CỔ PHẦN THANH NIÊN,Quận Tân Bình,TPHCM,2012,Từ 1 tỷ 586 triệu,26 - 41 triệu/m2,Đang bán; Cho thuê,https://mogi.vn/central-plaza-prj4560,https://mogi.vn/ho-chi-minh/quan-tan-binh/mua-nha-dat/central-plaza-prj4560; https://mogi.vn/ho-chi-minh/quan-tan-binh/thue-nha-dat/central-plaza-prj4560
prj4567,Sunrise Riverside,Novaland Group,Huyện Nhà Bè,TPHCM,2018,Từ 2 tỷ 622 triệu,38 - 43 triệu/m2,Đang bán; Cho thuê,https://mogi.vn/sunrise-riverside-prj4567,https://mogi.vn/ho-chi-minh/huyen-nha-be/mua-nha-dat/sunrise-riverside-prj4567; https://mogi.vn/ho-chi-minh/huyen-nha-be/thue-nha-dat/sunrise-riverside-prj4567
prj4568,Rivergate,Novaland Group,Quận 4,TPHCM,2017,Từ 2 tỷ 688 triệu,48 - 60 triệu/m2,Đang bán; Cho thuê,https://mogi.vn/rivergate-prj4568,https://mogi.vn/ho-chi-minh/quan-4/mua-nha-dat/rivergate-prj4568; https://mogi.vn/ho-chi-minh/quan-4/thue-nha-dat/rivergate-prj4568
prj4569,Orchard Parkview,Novaland Group,Quận Phú Nhuận,TPHCM,2018,Từ 1 tỷ 971 triệu,65 - 82 triệu/m2,Cho thuê,https://mogi.vn/orchard-parkview-prj4569,https://mogi.vn/ho-chi-minh/quan-phu-nhuan/thue-nha-dat/orchard-parkview-prj4569
prj4570,Cộng Hòa Plaza,Công ty TNHH Một Thành Viên 16,Quận Tân Bình,TPHCM,2013,Từ 2 tỷ 208 triệu,32 - 35 triệu/m2,Đang bán; Cho thuê,https://mogi.vn/cong-hoa-plaza-prj4570,https://mogi.vn/ho-chi-minh/quan-tan-binh/mua-nha-dat/cong-hoa-plaza-prj4570; https://mogi.vn/ho-chi-minh/quan-tan-binh/thue-nha-dat/cong-hoa-plaza-prj4570
prj4571,Melosa Garden,Công ty Cổ Phần Đầu Tư và Kinh Doanh Nhà Khang Điền,Quận 9 (TP. Thủ Đức),TPHCM,2017,Từ 13 tỷ 426 triệu,78 - 116 triệu/m2,Cho thuê,https://mogi.vn/melosa-garden-prj4571,https://mogi.vn/ho-chi-minh/quan-9/thue-nha-dat/melosa-garden-prj4571
prj4572,8X Đầm Sen,CÔNG TY CỔ PHẦN ĐẦU TƯ KINH DOANH ĐỊA ỐC HƯNG THỊNH,Quận Tân Phú,TPHCM,2014,Từ 1 tỷ 260 triệu,28 - 33 triệu/m2,Đang bán; Cho thuê,https://mogi.vn/can-ho-8x-dam-sen-prj4572,https://mogi.vn/ho-chi-minh/quan-tan-phu/mua-nha-dat/can-ho-8x-dam-sen-prj4572; https://mogi.vn/ho-chi-minh/quan-tan-phu/thue-nha-dat/can-ho-8x-dam-sen-prj4572
prj4573,Mega Village,Công ty Cổ Phần Đầu Tư và Kinh Doanh Nhà Khang Điền,Quận 9 (TP. Thủ Đức),TPHCM,2015,Từ 3 tỷ 345 triệu,44 triệu/m2,Cho thuê,https://mogi.vn/mega-village-prj4573,https://mogi.vn/ho-chi-minh/quan-9/thue-nha-dat/mega-village-prj4573
prj4574,Sky Center,CTY CP ĐẦU TƯ KD ĐỊA ỐC HƯNG THỊNH,Quận Tân Bình,TPHCM,2017,Từ 2 tỷ 556 triệu,35 triệu/m2,Đang bán; Cho thuê,https://mogi.vn/sky-center-prj4574,https://mogi.vn/ho-chi-minh/quan-tan-binh/mua-nha-dat/sky-center-prj4574; https://mogi.vn/ho-chi-minh/quan-tan-binh/thue-nha-dat/sky-center-prj4574
prj4577,Galaxy 9,Novaland Group,Quận 4,TPHCM,2015,Từ 2 tỷ 160 triệu,45 - 48 triệu/m2,Đang bán; Cho thuê,https://mogi.vn/galaxy-9-prj4577,https://mogi.vn/ho-chi-minh/quan-4/mua-nha-dat/galaxy-9-prj4577; https://mogi.vn/ho-chi-minh/quan-4/thue-nha-dat/galaxy-9-prj4577
prj4578,Căn hộ Cao cấp Mỹ Long,Công Ty Cổ Phần Xây Dựng Số 5,Quận Thủ Đức (TP. Thủ Đức),TPHCM,2009,Từ 896 triệu,16 - 17 triệu/m2,Đang bán,https://mogi.vn/can-ho-cao-cap-my-long-prj4578,https://mogi.vn/ho-chi-minh/quan-thu-duc/mua-nha-dat/can-ho-cao-cap-my-long-prj4578
prj4580,An Lạc Plaza,Công ty CP Đầu tư Xây dựng Bình Chánh (BCCI),Quận Bình Tân,TPHCM,2011,,,,https://mogi.vn/an-lac-plaza-prj4580,
prj4581,Lucasta Villa,Công ty Cổ Phần Đầu Tư và Kinh Doanh Nhà Khang Điền,Quận 9 (TP. Thủ Đức),TPHCM,2017,,,Cho thuê,https://mogi.vn/lucasta-villa-prj4581,https://mogi.vn/ho-chi-minh/quan-9/thue-nha-dat/lucasta-villa-prj4581
prj4583,Sài Gòn Mê Linh Tower,,Quận 1,TPHCM,,,,,https://mogi.vn/sai-gon-me-linh-tower-prj4583,
prj4584,4S Riverside Garden Bình Triệu,Công ty Xây dựng & Phát triển nhà Thành Trường Lộc,Quận Thủ Đức (TP. Thủ Đức),TPHCM,2014,Từ 1 tỷ 440 triệu,18 - 22 triệu/m2,Đang bán,https://mogi.vn/4s-riverside-garden-binh-trieu-prj4584,https://mogi.vn/ho-chi-minh/quan-thu-duc/mua-nha-dat/4s-riverside-garden-binh-trieu-prj4584
prj4585,Căn hộ Centa Park,Công ty Xuất Nhập Khẩu Thủy sản Sài Gòn SEAPRODEX SÀI GÒN,Quận Tân Bình,TPHCM,2018,Từ 1 tỷ 7 triệu,19 - 22 triệu/m2,Đang bán,https://mogi.vn/can-ho-centa-park-prj4585,https://mogi.vn/ho-chi-minh/quan-tan-binh/mua-nha-dat/can-ho-centa-park-prj4585
prj4586,Lucky Dragon,Novaland Group,Quận 9 (TP. Thủ Đức),TPHCM,2016,,,Đang bán,https://mogi.vn/lucky-dragon-prj4586,https://mogi.vn/ho-chi-minh/quan-9/mua-nha-dat/lucky-dragon-prj4586
prj4588,TOPLIFE TOWER,Công Ty CP BĐS Exim,Quận 10,TPHCM,2018,,,,https://mogi.vn/toplife-tower-prj4588,
prj4589,Lexington Residence,Novaland Group,Quận 2 (TP. Thủ Đức),TPHCM,2016,Từ 1 tỷ 25 triệu,41 - 43 triệu/m2,Đang bán; Cho thuê,https://mogi.vn/lexington-residence-prj4589,https://mogi.vn/ho-chi-minh/quan-2/mua-nha-dat/lexington-residence-prj4589; https://mogi.vn/ho-chi-minh/quan-2/thue-nha-dat/lexington-residence-prj4589
prj4590,Topaz Garden,Công ty TNHH Đầu tư - Thương mại Việt Phát,Quận Tân Phú,TPHCM,2013,Từ 979 triệu 600 nghìn,15 triệu/m2,Đang bán; Cho thuê,https://mogi.vn/topaz-garden-prj4590,https://mogi.vn/ho-chi-minh/quan-tan-phu/mua-nha-dat/topaz-garden-prj4590; https://mogi.vn/ho-chi-minh/quan-tan-phu/thue-nha-dat/topaz-garden-prj4590
prj4591,The Tresor,Novaland Group,Quận 4,TPHCM,2017,Từ 3 tỷ 705 triệu,65 - 80 triệu/m2,Đang bán; Cho thuê,https://mogi.vn/the-tresor-prj4591,https://mogi.vn/ho-chi-minh/quan-4/mua-nha-dat/the-tresor-prj4591; https://mogi.vn/ho-chi-minh/quan-4/thue-nha-dat/the-tresor-prj4591
prj4592,Long Phụng Apartment,Công Ty TNHH Xây Dựng Thương Mại Thái Sơn,Quận Bình Tân,TPHCM,,Từ 552 triệu,11 - 34 triệu/m2,Đang bán,https://mogi.vn/long-phung-apartment-prj4592,https://mogi.vn/ho-chi-minh/quan-binh-tan/mua-nha-dat/long-phung-apartment-prj4592
prj4593,Sky 9,CÔNG TY CỔ PHẦN ĐẦU TƯ ĐỊA ỐC KHANG VIỆT,Quận 9 (TP. Thủ Đức),TPHCM,2018,Từ 882 triệu,18 - 20 triệu/m2,Cho thuê,https://mogi.vn/sky-9-prj4593,https://mogi.vn/ho-chi-minh/quan-9/thue-nha-dat/sky-9-prj4593
prj4594,Icon 56,Novaland Group,Quận 4,TPHCM,2015,Từ 2 tỷ 350 triệu,50 - 60 triệu/m2,Cho thuê,https://mogi.vn/icon-56-prj4594,https://mogi.vn/ho-chi-minh/quan-4/thue-nha-dat/icon-56-prj4594
prj4596,Khu căn hộ Gia Tuệ Central Square,CÔNG TY CỔ PHẦN ĐẦU TƯ GIA TUỆ,Quận Gò Vấp,TPHCM,,,,,https://mogi.vn/khu-can-ho-gia-tue-central-square-prj4596,
prj4601,CARA RIVERVIEW,Tập đoàn Đất Xanh,Quận 8,TPHCM,2017,Từ 960 triệu,16 - 18 triệu/m2,Đang bán,https://mogi.vn/cara-riverview-prj4601,https://mogi.vn/ho-chi-minh/quan-8/mua-nha-dat/cara-riverview-prj4601
prj4602,Elite Park,Công ty CP XNK Tổng hợp Miền Nam,Quận Bình Thạnh,TPHCM,2018,,,Đang bán,https://mogi.vn/elite-park-prj4602,https://mogi.vn/ho-chi-minh/quan-binh-thanh/mua-nha-dat/elite-park-prj4602
prj4603,MEGA RUBY,Công ty Cổ Phần Đầu Tư và Kinh Doanh Nhà Khang Điền,Quận 9 (TP. Thủ Đức),TPHCM,,Từ 5 tỷ 26 triệu,100 - 132 triệu/m2,Cho thuê,https://mogi.vn/mega-ruby-prj4603,https://mogi.vn/ho-chi-minh/quan-9/thue-nha-dat/mega-ruby-prj4603
prj4604,Tropic Garden,Novaland Group,Quận 2 (TP. Thủ Đức),TPHCM,2016,Từ 3 tỷ 344 triệu,44 - 45 triệu/m2,Cho thuê,https://mogi.vn/tropic-garden-prj4604,https://mogi.vn/ho-chi-minh/quan-2/thue-nha-dat/tropic-garden-prj4604
prj4606,An Lạc Residence,Công ty TNHH Thương mại- Dịch vụ Huỳnh Thông,Huyện Bình Chánh,TPHCM,2017,,,Đang bán,https://mogi.vn/an-lac-residence-prj4606,https://mogi.vn/ho-chi-minh/huyen-binh-chanh/mua-nha-dat/an-lac-residence-prj4606
prj4607,9VIEW APARTMENT,,Quận 9 (TP. Thủ Đức),TPHCM,2018,,,Đang bán,https://mogi.vn/9view-apartment-prj4607,https://mogi.vn/ho-chi-minh/quan-9/mua-nha-dat/9view-apartment-prj4607
prj4609,Bee Home 2,Công ty TNHH Thương mại và Đầu tư Thiên Lộc,Quận Gò Vấp,TPHCM,,Từ 1 tỷ 350 triệu,30 - 50 triệu/m2,,https://mogi.vn/bee-home-2-prj4609,
prj4610,Thái Sơn Apartment,TỔNG CÔNG TY THÁI SƠN,Quận Tân Bình,TPHCM,,,,,https://mogi.vn/thai-son-apartment-prj4610,
prj4613,Hưng Phát Silver Star,Công ty TNHH XD & SX Hưng Lộc Phát,Huyện Nhà Bè,TPHCM,2017,Từ 1 tỷ 302 triệu,21 triệu/m2,Đang bán,https://mogi.vn/hung-phat-silver-star-prj4613,https://mogi.vn/ho-chi-minh/huyen-nha-be/mua-nha-dat/hung-phat-silver-star-prj4613
prj4614,Topaz City,Công ty CP TM – DV – XD – Kinh doanh nhà Vạn Thái,Quận 8,TPHCM,2018,Từ 1 tỷ 100 triệu,20 - 23 triệu/m2,Đang bán,https://mogi.vn/topaz-city-prj4614,https://mogi.vn/ho-chi-minh/quan-8/mua-nha-dat/topaz-city-prj4614
prj4616,Tecco tower - Chung Cư Linh Đông,Công ty CP Đầu tư Xây dựng và Ứng dụng Công nghệ mới (TECCO),Quận Thủ Đức (TP. Thủ Đức),TPHCM,,Từ 2 tỷ 222 triệu,28 - 35 triệu/m2,Đang bán,https://mogi.vn/tecco-tower-chung-cu-linh-dong-prj4616,https://mogi.vn/ho-chi-minh/quan-thu-duc/mua-nha-dat/tecco-tower-chung-cu-linh-dong-prj4616
prj4617,The Avila,,Quận 8,TPHCM,,,,Đang bán,https://mogi.vn/the-avila-prj4617,https://mogi.vn/ho-chi-minh/quan-8/mua-nha-dat/the-avila-prj4617
prj4618,Carillon 2,TTC Land,Quận Tân Phú,TPHCM,2016,Từ 1 tỷ 620 triệu,36 - 38 triệu/m2,Đang bán; Cho thuê,https://mogi.vn/carillon-2-prj4618,https://mogi.vn/ho-chi-minh/quan-tan-phu/mua-nha-dat/carillon-2-prj4618; https://mogi.vn/ho-chi-minh/quan-tan-phu/thue-nha-dat/carillon-2-prj4618
prj4620,The Pegasuite,Công ty Cổ Phần Đầu tư Phương Việt,Quận 8,TPHCM,2018,Từ 1 tỷ 40 triệu,20 triệu/m2,Đang bán,https://mogi.vn/the-pegasuite-prj4620,https://mogi.vn/ho-chi-minh/quan-8/mua-nha-dat/the-pegasuite-prj4620
prj4622,Tân Bình Apartment,CÔNG TY TNHH ĐẦU TƯ BẤT ĐỘNG SẢN TÂN BÌNH,Quận Tân Bình,TPHCM,2016,Từ 852 triệu 600 nghìn,14 - 17 triệu/m2,Cho thuê,https://mogi.vn/tan-binh-apartment-prj4622,https://mogi.vn/ho-chi-minh/quan-tan-binh/thue-nha-dat/tan-binh-apartment-prj4622
prj4623,Cao ốc văn phòng V\_ikon,Công ty TNHH Việt Thuận Thành,Quận Bình Thạnh,TPHCM,,,,,https://mogi.vn/cao-oc-van-phong-v-ikon-prj4623,
prj4624,Golden Plaza,,Quận 5,TPHCM,,,,,https://mogi.vn/golden-plaza-prj4624,
prj4625,Resco Building,,Quận 1,TPHCM,,,,,https://mogi.vn/resco-building-prj4625,
prj4626,Cao Ốc Pax Sky Building,### Dự án tại TPHCM,Quận 3,TPHCM,,,,,https://mogi.vn/cao-oc-pax-sky-building-prj4626,
prj4627,Cao Ốc Alpha Tower,,Quận 3,TPHCM,,,,,https://mogi.vn/cao-oc-alpha-tower-prj4627,
prj4629,Etown Building,Công Ty Cổ Phần Cơ Điện Lạnh,Quận Tân Bình,TPHCM,,,,,https://mogi.vn/etown-building-prj4629,
prj4630,Chung cư Conic Đình Khiêm,Công ty TNHH Đầu tư và Phát triển Lĩnh Phong Conic,Huyện Bình Chánh,TPHCM,,,,Đang bán,https://mogi.vn/chung-cu-conic-dinh-khiem-prj4630,https://mogi.vn/ho-chi-minh/huyen-binh-chanh/mua-nha-dat/chung-cu-conic-dinh-khiem-prj4630
prj4633,The Golden Star,Công ty CP đầu tư Hưng Lộc Phát,Quận 7,TPHCM,2018,Từ 2 tỷ 40 triệu,40 - 42 triệu/m2,Đang bán; Cho thuê,https://mogi.vn/the-golden-star-prj4633,https://mogi.vn/ho-chi-minh/quan-7/mua-nha-dat/the-golden-star-prj4633; https://mogi.vn/ho-chi-minh/quan-7/thue-nha-dat/the-golden-star-prj4633
prj4634,Chung cư 26 Nguyễn Thượng Hiền,Công ty TNHH MTV Đầu tư Địa ốc Gia Định,Quận Gò Vấp,TPHCM,,Từ 1 tỷ 800 triệu,36 - 41 triệu/m2,Đang bán,https://mogi.vn/chung-cu-26-nguyen-thuong-hien-prj4634,https://mogi.vn/ho-chi-minh/quan-go-vap/mua-nha-dat/chung-cu-26-nguyen-thuong-hien-prj4634
prj4636,Khu dân cư Greenlife - 13C,Công ty CP Đầu tư Xây dựng Tân Bình - Tan Binh ICC,Huyện Bình Chánh,TPHCM,2014,Từ 3 tỷ 326 triệu,39 - 66 triệu/m2,Đang bán,https://mogi.vn/khu-dan-cu-greenlife-13c-prj4636,https://mogi.vn/ho-chi-minh/huyen-binh-chanh/mua-nha-dat/khu-dan-cu-greenlife-13c-prj4636
prj4637,Sài Gòn Mia,,Huyện Bình Chánh,TPHCM,,Từ 2 tỷ 500 triệu,50 - 60 triệu/m2,Đang bán,https://mogi.vn/sai-gon-mia-prj4637,https://mogi.vn/ho-chi-minh/huyen-binh-chanh/mua-nha-dat/sai-gon-mia-prj4637
prj4640,Auris City,Tập đoàn Đất Xanh,Quận 8,TPHCM,2017,Từ 1 tỷ 472 triệu,23 triệu/m2,Đang bán; Cho thuê,https://mogi.vn/auris-city-prj4640,https://mogi.vn/ho-chi-minh/quan-8/mua-nha-dat/auris-city-prj4640; https://mogi.vn/ho-chi-minh/quan-8/thue-nha-dat/auris-city-prj4640
prj4642,Jamona Home Resort,Công ty CP Địa ốc Sài Gòn Thương Tín,Quận Thủ Đức (TP. Thủ Đức),TPHCM,2015,Từ 2 tỷ 557 triệu,15 triệu/m2,Đang bán,https://mogi.vn/jamona-home-resort-prj4642,https://mogi.vn/ho-chi-minh/quan-thu-duc/mua-nha-dat/jamona-home-resort-prj4642
prj4643,Sông Đà Riverside,Công ty Cổ phần Đầu tư Phát triển Sông Đà,Quận Thủ Đức (TP. Thủ Đức),TPHCM,2013,,,Đang bán; Cho thuê,https://mogi.vn/song-da-riverside-prj4643,https://mogi.vn/ho-chi-minh/quan-thu-duc/mua-nha-dat/song-da-riverside-prj4643; https://mogi.vn/ho-chi-minh/quan-thu-duc/thue-nha-dat/song-da-riverside-prj4643
prj4645,Summer Square,Công ty TNHH Một Thành Viên Gotec Land,Quận 6,TPHCM,2017,Từ 1 tỷ 50 triệu,21 triệu/m2,Đang bán,https://mogi.vn/summer-square-prj4645,https://mogi.vn/ho-chi-minh/quan-6/mua-nha-dat/summer-square-prj4645
prj4646,Depot Metro Tower,Công Ty TNHH Phúc Lộc Thọ,Quận Thủ Đức (TP. Thủ Đức),TPHCM,2016,Từ 931 triệu 300 nghìn,13 triệu/m2,Đang bán,https://mogi.vn/depot-metro-tower-prj4646,https://mogi.vn/ho-chi-minh/quan-thu-duc/mua-nha-dat/depot-metro-tower-prj4646
prj4647,Đạt Gia Residence Thủ Đức,Công ty TNHH Tư vấn & Kinh doanh nhà Đạt Gia,Quận Thủ Đức (TP. Thủ Đức),TPHCM,2017,Từ 663 triệu 600 nghìn,15 - 17 triệu/m2,Đang bán,https://mogi.vn/dat-gia-residence-thu-duc-prj4647,https://mogi.vn/ho-chi-minh/quan-thu-duc/mua-nha-dat/dat-gia-residence-thu-duc-prj4647
prj4650,City Mall,Công ty CP XD - TM Phú Mỹ Lợi,Quận 8,TPHCM,,Từ 990 triệu,9 - 18 triệu/m2,,https://mogi.vn/city-mall-prj4650,
prj4651,Chung cư Mỹ An - 3G,Công Ty Cổ Phần Xây Dựng Số 5,Quận Thủ Đức (TP. Thủ Đức),TPHCM,2012,Từ 1 tỷ 612 triệu,31 - 39 triệu/m2,,https://mogi.vn/chung-cu-my-an-3g-prj4651,
prj4655,Căn hộ Linh Tây,Công ty CP địa ốc dầu khí Sài Gòn,Quận Thủ Đức (TP. Thủ Đức),TPHCM,2017,,,Đang bán,https://mogi.vn/can-ho-linh-tay-prj4655,https://mogi.vn/ho-chi-minh/quan-thu-duc/mua-nha-dat/can-ho-linh-tay-prj4655
prj4656,Greenview Garden,Công ty TNHH Bất động sản Ladona,Quận Thủ Đức (TP. Thủ Đức),TPHCM,2014,Từ 350 triệu,7 - 12 triệu/m2,Đang bán,https://mogi.vn/greenview-garden-prj4656,https://mogi.vn/ho-chi-minh/quan-thu-duc/mua-nha-dat/greenview-garden-prj4656
prj4658,The Hollywood Tower,Công ty TNHH Tư Vấn – Đầu Tư – Xây Dựng Toàn Đất Việt,Huyện Bình Chánh,TPHCM,,Từ 2 tỷ 184 triệu,26 - 39 triệu/m2,,https://mogi.vn/the-hollywood-tower-prj4658,
prj4659,Depot Metro Tham Lương,Công ty Cổ phần Thanh Yến,Quận 12,TPHCM,2017,Từ 686 triệu,14 - 18 triệu/m2,Cho thuê,https://mogi.vn/depot-metro-tham-luong-prj4659,https://mogi.vn/ho-chi-minh/quan-12/thue-nha-dat/depot-metro-tham-luong-prj4659
prj4662,Skyway Residence,"Công ty TNHH Xây Dựng, Đầu Tư và Phát Triển Lĩnh Phong",Huyện Bình Chánh,TPHCM,2015,Từ 747 triệu 300 nghìn,14 - 19 triệu/m2,Cho thuê,https://mogi.vn/skyway-residence-prj4662,https://mogi.vn/ho-chi-minh/huyen-binh-chanh/thue-nha-dat/skyway-residence-prj4662
prj4664,Tên Lửa Residence,Công ty TNHH SX – KD Hai Thành,Quận Bình Tân,TPHCM,2015,Từ 1 tỷ 8 triệu,12 - 14 triệu/m2,Đang bán,https://mogi.vn/ten-lua-residence-prj4664,https://mogi.vn/ho-chi-minh/quan-binh-tan/mua-nha-dat/ten-lua-residence-prj4664
prj4665,Chung Cư Bông Sao,Công ty Cổ phần Địa ốc 8,Quận 8,TPHCM,2017,Từ 1 tỷ 140 triệu,19 triệu/m2,Đang bán,https://mogi.vn/chung-cu-bong-sao-prj4665,https://mogi.vn/ho-chi-minh/quan-8/mua-nha-dat/chung-cu-bong-sao-prj4665
prj4666,Saigon West Villas,Công ty Cổ Phần địa ốc Vĩnh Tiến,Quận Bình Tân,TPHCM,2015,Từ 2 tỷ 4 triệu,16 - 22 triệu/m2,Đang bán,https://mogi.vn/saigon-west-villas-prj4666,https://mogi.vn/ho-chi-minh/quan-binh-tan/mua-nha-dat/saigon-west-villas-prj4666
prj4667,Triều An Tower,CÔNG TY CỔ PHẦN ĐỊA ỐC SÀI GÒN,Quận Bình Tân,TPHCM,2014,Từ 1 tỷ 664 triệu,26 - 29 triệu/m2,,https://mogi.vn/trieu-an-tower-prj4667,
prj4668,New Saigon-Hoàng Anh Gia Lai 3,Công ty CP Hoàng Anh Gia Lai,Huyện Nhà Bè,TPHCM,2009,Từ 1 tỷ 568 triệu,16 - 20 triệu/m2,Đang bán,https://mogi.vn/new-saigon-hoang-anh-gia-lai-3-prj4668,https://mogi.vn/ho-chi-minh/huyen-nha-be/mua-nha-dat/new-saigon-hoang-anh-gia-lai-3-prj4668
prj4672,Blue Star,Công ty Cổ phần Đầu tư Long Việt An,Huyện Nhà Bè,TPHCM,2011,,,,https://mogi.vn/blue-star-prj4672,
prj4673,KDC Little Sài Gòn,Ngân hàng TMCP Á Châu,Huyện Củ Chi,TPHCM,,,,,https://mogi.vn/kdc-little-sai-gon-prj4673,
prj4675,Thiên Lộc Tower,Công ty TNHH Thương mại và Đầu tư Thiên Lộc,Quận Gò Vấp,TPHCM,2013,,,,https://mogi.vn/thien-loc-tower-prj4675,
prj4676,Dream Home Residence,Công ty TNHH Nhà Mơ,Quận Gò Vấp,TPHCM,2017,Từ 950 triệu,19 - 22 triệu/m2,Cho thuê,https://mogi.vn/dream-home-residence-prj4676,https://mogi.vn/ho-chi-minh/quan-go-vap/thue-nha-dat/dream-home-residence-prj4676
prj4677,The Splendor,CÔNG TY TNHH TM & XD – KD NHÀ THANH NHỰT,Quận Gò Vấp,TPHCM,2010,Từ 2 tỷ 504 triệu,32 - 42 triệu/m2,Cho thuê,https://mogi.vn/the-splendor-prj4677,https://mogi.vn/ho-chi-minh/quan-go-vap/thue-nha-dat/the-splendor-prj4677
prj4678,Căn hộ 8X Thái An,Công Ty TNHH Địa Ốc Đất Lành,Quận Gò Vấp,TPHCM,2016,,,Cho thuê,https://mogi.vn/can-ho-8x-thai-an-prj4678,https://mogi.vn/ho-chi-minh/quan-go-vap/thue-nha-dat/can-ho-8x-thai-an-prj4678
prj4679,Green Home Residence,Công ty Cổ phần Đầu tư Phát triển Sông Đà,Quận Gò Vấp,TPHCM,2016,Từ 585 triệu,13 - 15 triệu/m2,Đang bán,https://mogi.vn/green-home-residence-prj4679,https://mogi.vn/ho-chi-minh/quan-go-vap/mua-nha-dat/green-home-residence-prj4679
prj4681,Saigonland Apartment,Công ty TNHH Hoàn Cầu,Quận Bình Thạnh,TPHCM,,Từ 2 tỷ 256 triệu,37 triệu/m2,Đang bán,https://mogi.vn/saigonland-apartment-prj4681,https://mogi.vn/ho-chi-minh/quan-binh-thanh/mua-nha-dat/saigonland-apartment-prj4681
prj4682,Căn hộ 8X Plus Trường Chinh,CTY CP ĐẦU TƯ KD ĐỊA ỐC HƯNG THỊNH,Quận 12,TPHCM,2016,Từ 774 triệu 900 nghìn,12 triệu/m2,Đang bán; Cho thuê,https://mogi.vn/can-ho-8x-plus-truong-chinh-prj4682,https://mogi.vn/ho-chi-minh/quan-12/mua-nha-dat/can-ho-8x-plus-truong-chinh-prj4682; https://mogi.vn/ho-chi-minh/quan-12/thue-nha-dat/can-ho-8x-plus-truong-chinh-prj4682
prj4683,Xi Riverview Palace,Công ty GS E & C,Quận 2 (TP. Thủ Đức),TPHCM,2012,Từ 8 tỷ 496 triệu,59 - 60 triệu/m2,Cho thuê,https://mogi.vn/xi-riverview-palace-prj4683,https://mogi.vn/ho-chi-minh/quan-2/thue-nha-dat/xi-riverview-palace-prj4683
prj4684,Chung cư Hoàng Kim,Công ty TNHH Tư vấn Thiết kế Xây dựng K.T.T,Quận 7,TPHCM,,Từ 4 tỷ 332 triệu,76 - 94 triệu/m2,,https://mogi.vn/chung-cu-hoang-kim-prj4684,
prj4685,Sài Gòn Apartment,CÔNG TY CỔ PHẦN ĐẦU TƯ XÂY DỰNG LILAMA SHB,Quận Tân Phú,TPHCM,2015,,,Đang bán; Cho thuê,https://mogi.vn/sai-gon-apartment-prj4685,https://mogi.vn/ho-chi-minh/quan-tan-phu/mua-nha-dat/sai-gon-apartment-prj4685; https://mogi.vn/ho-chi-minh/quan-tan-phu/thue-nha-dat/sai-gon-apartment-prj4685
prj4686,Khu Dân Cư Ninh Giang Riverside,Công ty CP Đầu tư & Phát triển Xây dựng Investco,Quận 2 (TP. Thủ Đức),TPHCM,2018,Từ 1 tỷ 392 triệu,16 - 18 triệu/m2,Đang bán,https://mogi.vn/khu-dan-cu-ninh-giang-riverside-prj4686,https://mogi.vn/ho-chi-minh/quan-2/mua-nha-dat/khu-dan-cu-ninh-giang-riverside-prj4686
prj4687,Saigon Mia,CTY CP ĐẦU TƯ KD ĐỊA ỐC HƯNG THỊNH,Huyện Bình Chánh,TPHCM,2018,,,Đang bán,https://mogi.vn/saigon-mia-prj4687,https://mogi.vn/ho-chi-minh/huyen-binh-chanh/mua-nha-dat/saigon-mia-prj4687
prj4690,The Krista,Tập đoàn CapitaLand,Quận 2 (TP. Thủ Đức),TPHCM,2016,Từ 2 tỷ 520 triệu,36 - 38 triệu/m2,Đang bán,https://mogi.vn/the-krista-prj4690,https://mogi.vn/ho-chi-minh/quan-2/mua-nha-dat/the-krista-prj4690
prj4691,Gateway Thảo Điền,Công ty cổ phần bất động sản SơnKim Land,Quận 2 (TP. Thủ Đức),TPHCM,2017,Từ 3 tỷ 168 triệu,66 - 68 triệu/m2,Đang bán,https://mogi.vn/gateway-thao-dien-prj4691,https://mogi.vn/ho-chi-minh/quan-2/mua-nha-dat/gateway-thao-dien-prj4691
prj4692,Léman Luxury Apartments,Công ty C.T Phương Nam,Quận 3,TPHCM,2016,,,Đang bán; Cho thuê,https://mogi.vn/leman-luxury-apartments-prj4692,https://mogi.vn/ho-chi-minh/quan-3/mua-nha-dat/leman-luxury-apartments-prj4692; https://mogi.vn/ho-chi-minh/quan-3/thue-nha-dat/leman-luxury-apartments-prj4692
prj4693,Grand Riverside,Công ty CP Thương mại & Đầu Tư Hồng Hà,Quận 4,TPHCM,2017,Từ 1 tỷ 715 triệu,35 - 37 triệu/m2,Đang bán; Cho thuê,https://mogi.vn/grand-riverside-prj4693,https://mogi.vn/ho-chi-minh/quan-4/mua-nha-dat/grand-riverside-prj4693; https://mogi.vn/ho-chi-minh/quan-4/thue-nha-dat/grand-riverside-prj4693
prj4695,The CBD Premium Home,CÔNG TY CỔ PHẦN XÂY DỰNG PHƯỚC THÀNH,Quận 2 (TP. Thủ Đức),TPHCM,2016,,,Đang bán,https://mogi.vn/the-cbd-premium-home-prj4695,https://mogi.vn/ho-chi-minh/quan-2/mua-nha-dat/the-cbd-premium-home-prj4695
prj4700,Melody Residences,CTY CP ĐẦU TƯ KD ĐỊA ỐC HƯNG THỊNH,Quận Tân Phú,TPHCM,2017,Từ 1 tỷ 287 triệu,19 triệu/m2,Cho thuê,https://mogi.vn/melody-residences-prj4700,https://mogi.vn/ho-chi-minh/quan-tan-phu/thue-nha-dat/melody-residences-prj4700
prj4702,Lavita Garden,CÔNG TY CỔ PHẦN ĐẦU TƯ KINH DOANH ĐỊA ỐC HƯNG THỊNH,Quận Thủ Đức (TP. Thủ Đức),TPHCM,2018,Từ 950 triệu,19 - 23 triệu/m2,Đang bán,https://mogi.vn/lavita-garden-prj4702,https://mogi.vn/ho-chi-minh/quan-thu-duc/mua-nha-dat/lavita-garden-prj4702
prj4705,Park Riverside Premium,Tập đoàn MIK Corporation,Quận 9 (TP. Thủ Đức),TPHCM,2018,Từ 37 tỷ 500 triệu,500 - 1.000 triệu/m2,Cho thuê,https://mogi.vn/park-riverside-prj4705,https://mogi.vn/ho-chi-minh/quan-9/thue-nha-dat/park-riverside-prj4705
prj4707,The Art,Công ty TNHH Xây dựng - Kinh doanh nhà Gia Hòa,Quận 9 (TP. Thủ Đức),TPHCM,2019,Từ 2 tỷ 6 triệu,34 - 35 triệu/m2,Cho thuê,https://mogi.vn/the-art-prj4707,https://mogi.vn/ho-chi-minh/quan-9/thue-nha-dat/the-art-prj4707
prj4709,Saigon Plaza Tower,Công ty CP Đầu tư Khu Công Nghiệp Dầu khí - IDICO,Quận 7,TPHCM,2017,,,Đang bán,https://mogi.vn/saigon-plaza-tower-prj4709,https://mogi.vn/ho-chi-minh/quan-7/mua-nha-dat/saigon-plaza-tower-prj4709
prj4710,Charmington La Pointe,Công ty CP Địa ốc Sài Gòn Thương Tín,Quận 10,TPHCM,2017,,,Đang bán; Cho thuê,https://mogi.vn/charmington-la-pointe-prj4710,https://mogi.vn/ho-chi-minh/quan-10/mua-nha-dat/charmington-la-pointe-prj4710; https://mogi.vn/ho-chi-minh/quan-10/thue-nha-dat/charmington-la-pointe-prj4710
prj4712,Lotus Residence,CÔNG TY CỔ PHẦN ĐẦU TƯ ANH TUẤN,Quận 7,TPHCM,,,,Đang bán,https://mogi.vn/lotus-residence-prj4712,https://mogi.vn/ho-chi-minh/quan-7/mua-nha-dat/lotus-residence-prj4712
prj4715,Diamond Island,Kusto Home,Quận 2 (TP. Thủ Đức),TPHCM,2018,Từ 4 tỷ 131 triệu,81 - 186 triệu/m2,Đang bán,https://mogi.vn/diamond-island-prj4715,https://mogi.vn/ho-chi-minh/quan-2/mua-nha-dat/diamond-island-prj4715
prj4717,Carillon 5,TTC Land,Quận Tân Phú,TPHCM,2018,Từ 1 tỷ 610 triệu,35 - 36 triệu/m2,Đang bán; Cho thuê,https://mogi.vn/carillon-5-prj4717,https://mogi.vn/ho-chi-minh/quan-tan-phu/mua-nha-dat/carillon-5-prj4717; https://mogi.vn/ho-chi-minh/quan-tan-phu/thue-nha-dat/carillon-5-prj4717
prj4719,Diamond Lotus Lake View,Công ty CP Đầu tư và Xây dựng Phúc Khang,Quận Tân Phú,TPHCM,2022,Từ 1 tỷ 666 triệu,34 - 36 triệu/m2,Đang bán,https://mogi.vn/diamond-lotus-lake-view-prj4719,https://mogi.vn/ho-chi-minh/quan-tan-phu/mua-nha-dat/diamond-lotus-lake-view-prj4719
prj4722,Eco Town,Công ty CP Đầu tư và Xây dựng Phúc Khang,Huyện Hóc Môn,TPHCM,2014,Từ 262 triệu 500 nghìn,3 - 4 triệu/m2,,https://mogi.vn/eco-town-prj4722,
prj4723,Tăng Phú House,Tổng Công ty Cổ phần Phong Phú,Quận 9 (TP. Thủ Đức),TPHCM,,,,,https://mogi.vn/tang-phu-house-prj4723,
prj4724,An Gia Garden,Công ty Cổ phần Nakyco,Quận Tân Phú,TPHCM,2015,Từ 875 triệu,17 - 26 triệu/m2,Đang bán; Cho thuê,https://mogi.vn/an-gia-garden-prj4724,https://mogi.vn/ho-chi-minh/quan-tan-phu/mua-nha-dat/an-gia-garden-prj4724; https://mogi.vn/ho-chi-minh/quan-tan-phu/thue-nha-dat/an-gia-garden-prj4724
prj4725,River City,Công ty CP Đầu tư & Phát triển Bất động sản An Gia,Quận 7,TPHCM,,,,,https://mogi.vn/river-city-prj4725,
prj4730,Samland Riverside,Công ty Cổ phần Địa ốc Sacom,Quận Bình Thạnh,TPHCM,2018,Từ 1 tỷ 410 triệu,30 - 35 triệu/m2,Đang bán,https://mogi.vn/samland-riverside-prj4730,https://mogi.vn/ho-chi-minh/quan-binh-thanh/mua-nha-dat/samland-riverside-prj4730
prj4732,The Navita,Công ty TNHH SX - TM Lan Phương,Quận Thủ Đức (TP. Thủ Đức),TPHCM,2015,Từ 402 triệu,6 - 16 triệu/m2,Đang bán,https://mogi.vn/the-navita-prj4732,https://mogi.vn/ho-chi-minh/quan-thu-duc/mua-nha-dat/the-navita-prj4732
prj4733,An Gia Skyline,An Gia Investment,Quận 7,TPHCM,2017,Từ 1 tỷ 566 triệu,27 - 33 triệu/m2,Đang bán; Cho thuê,https://mogi.vn/an-gia-skyline-prj4733,https://mogi.vn/ho-chi-minh/quan-7/mua-nha-dat/an-gia-skyline-prj4733; https://mogi.vn/ho-chi-minh/quan-7/thue-nha-dat/an-gia-skyline-prj4733
prj4734,An Gia Star,Công ty CP Đầu tư & Phát triển Bất động sản An Gia,Quận Bình Tân,TPHCM,2017,Từ 800 triệu,16 - 20 triệu/m2,Đang bán,https://mogi.vn/an-gia-star-prj4734,https://mogi.vn/ho-chi-minh/quan-binh-tan/mua-nha-dat/an-gia-star-prj4734
prj4735,An Gia Riverside,An Gia Investment,Quận 7,TPHCM,2017,Từ 1 tỷ 428 triệu,28 - 35 triệu/m2,Đang bán,https://mogi.vn/an-gia-riverside-prj4735,https://mogi.vn/ho-chi-minh/quan-7/mua-nha-dat/an-gia-riverside-prj4735
prj4741,Vinhomes Golden River,Tập Đoàn Vingroup - Công ty CP,Quận 1,TPHCM,2017,,,Đang bán; Cho thuê,https://mogi.vn/vinhomes-golden-river-prj4741,https://mogi.vn/ho-chi-minh/quan-1/mua-nha-dat/vinhomes-golden-river-prj4741; https://mogi.vn/ho-chi-minh/quan-1/thue-nha-dat/vinhomes-golden-river-prj4741
prj4742,Sài Gòn Pearl,Công ty TNHH Vietnam Land SSG,Quận Bình Thạnh,TPHCM,2013,Từ 3 tỷ 696 triệu,44 - 55 triệu/m2,Đang bán; Cho thuê,https://mogi.vn/saigon-pearl-prj4742,https://mogi.vn/ho-chi-minh/quan-binh-thanh/mua-nha-dat/saigon-pearl-prj4742; https://mogi.vn/ho-chi-minh/quan-binh-thanh/thue-nha-dat/saigon-pearl-prj4742
prj4748,Căn hộ Luxcity,CÔNG TY CỔ PHẦN TẬP ĐOÀN ĐẤT XANH,Quận 7,TPHCM,,,,Cho thuê,https://mogi.vn/can-ho-luxcity-prj4748,https://mogi.vn/ho-chi-minh/quan-7/thue-nha-dat/can-ho-luxcity-prj4748
prj4750,Viva Riverside,Công ty phát triển triển địa ốc Việt,Quận 6,TPHCM,2018,Từ 1 tỷ 50 triệu,21 - 32 triệu/m2,Đang bán; Cho thuê,https://mogi.vn/viva-riverside-prj4750,https://mogi.vn/ho-chi-minh/quan-6/mua-nha-dat/viva-riverside-prj4750; https://mogi.vn/ho-chi-minh/quan-6/thue-nha-dat/viva-riverside-prj4750
prj4751,Nam Phúc - Le Jardin,Công ty TNHH Phát Triển Phú Mỹ Hưng,Quận 7,TPHCM,,Từ 5 tỷ 520 triệu,60 - 80 triệu/m2,Cho thuê,https://mogi.vn/nam-phuc-le-jardin-prj4751,https://mogi.vn/ho-chi-minh/quan-7/thue-nha-dat/nam-phuc-le-jardin-prj4751
prj4752,Sài Gòn Metro Park,Công ty CP Tổ chức Nhà Quốc Gia,Quận Thủ Đức (TP. Thủ Đức),TPHCM,,Từ 1 tỷ 805 triệu,35 - 40 triệu/m2,Đang bán,https://mogi.vn/sai-gon-metro-park-prj4752,https://mogi.vn/ho-chi-minh/quan-thu-duc/mua-nha-dat/sai-gon-metro-park-prj4752
prj4753,Luxury Home,Công ty CP Địa ốc Sài Gòn Thương Tín,Quận 7,TPHCM,,,,,https://mogi.vn/luxury-home-prj4753,
prj4760,Riva Park,CÔNG TY CỔ PHẦN THƯƠNG MẠI ĐỊA ỐC VIỆT VIETCOMREAL,Quận 4,TPHCM,2017,Từ 1 tỷ 682 triệu,29 - 32 triệu/m2,Cho thuê,https://mogi.vn/riva-park-prj4760,https://mogi.vn/ho-chi-minh/quan-4/thue-nha-dat/riva-park-prj4760
prj4762,Đức Long Golden Land,Công ty CP Tập đoàn Đức Long Gia Lai,Quận 7,TPHCM,2018,Từ 1 tỷ 750 triệu,25 - 27 triệu/m2,Đang bán,https://mogi.vn/duc-long-golden-land-prj4762,https://mogi.vn/ho-chi-minh/quan-7/mua-nha-dat/duc-long-golden-land-prj4762
prj4764,9View Apartment,CÔNG TY CỔ PHẦN ĐẦU TƯ KINH DOANH ĐỊA ỐC HƯNG THỊNH,Quận 9 (TP. Thủ Đức),TPHCM,2018,,,Đang bán,https://mogi.vn/9view-apartment-prj4764,https://mogi.vn/ho-chi-minh/quan-9/mua-nha-dat/9view-apartment-prj4764
prj4766,Samland Airport,Công ty Cổ phần Địa ốc Sacom,Quận Gò Vấp,TPHCM,2017,,,Cho thuê,https://mogi.vn/samland-airport-prj4766,https://mogi.vn/ho-chi-minh/quan-go-vap/thue-nha-dat/samland-airport-prj4766
prj4769,Garden Gate,Novaland Group,Quận Phú Nhuận,TPHCM,2017,Từ 2 tỷ 368 triệu,32 triệu/m2,Đang bán; Cho thuê,https://mogi.vn/garden-gate-prj4769,https://mogi.vn/ho-chi-minh/quan-phu-nhuan/mua-nha-dat/garden-gate-prj4769; https://mogi.vn/ho-chi-minh/quan-phu-nhuan/thue-nha-dat/garden-gate-prj4769
prj4770,Valora Fuji,Công ty CP Đầu tư Nam Long,Quận 9 (TP. Thủ Đức),TPHCM,2018,,,Cho thuê,https://mogi.vn/valora-fuji-prj4770,https://mogi.vn/ho-chi-minh/quan-9/thue-nha-dat/valora-fuji-prj4770
prj4773,Chánh Hưng Apartment,Công ty Cổ phần Địa ốc 8,Quận 8,TPHCM,,Từ 1 tỷ 705 triệu,31 - 38 triệu/m2,,https://mogi.vn/chanh-hung-apartment-prj4773,
prj4774,Vinhomes Central Park,Tập Đoàn Vingroup - Công ty CP,Quận Bình Thạnh,TPHCM,2018,Từ 1 tỷ 380 triệu,34 - 45 triệu/m2,Đang bán,https://mogi.vn/vinhomes-central-park-prj4774,https://mogi.vn/ho-chi-minh/quan-binh-thanh/mua-nha-dat/vinhomes-central-park-prj4774
prj4775,Masteri Millennium,CÔNG TY CỔ PHẦN ĐẦU TƯ THẢO ĐIỀN,Quận 4,TPHCM,2018,Từ 3 tỷ 657 triệu,69 - 71 triệu/m2,Đang bán; Cho thuê,https://mogi.vn/masteri-millennium-prj4775,https://mogi.vn/ho-chi-minh/quan-4/mua-nha-dat/masteri-millennium-prj4775; https://mogi.vn/ho-chi-minh/quan-4/thue-nha-dat/masteri-millennium-prj4775
prj4776,River Gate,Novaland Group,Quận 4,TPHCM,2016,,,Đang bán,https://mogi.vn/river-gate-prj4776,https://mogi.vn/ho-chi-minh/quan-4/mua-nha-dat/river-gate-prj4776
prj4779,Scenic Valley 2,Công Ty TNHH Liên Doanh Phú Mỹ Hưng,Quận 7,TPHCM,2018,Từ 2 tỷ 325 triệu,31 - 37 triệu/m2,Đang bán; Cho thuê,https://mogi.vn/scenic-valley-2-prj4779,https://mogi.vn/ho-chi-minh/quan-7/mua-nha-dat/scenic-valley-2-prj4779; https://mogi.vn/ho-chi-minh/quan-7/thue-nha-dat/scenic-valley-2-prj4779
prj4785,Carillon 3,CÔNG TY CỔ PHẦN MAY TIẾN PHÁT,Quận Tân Bình,TPHCM,2017,Từ 1 tỷ 260 triệu,28 - 33 triệu/m2,Cho thuê,https://mogi.vn/carillon-3-prj4785,https://mogi.vn/ho-chi-minh/quan-tan-binh/thue-nha-dat/carillon-3-prj4785
prj4786,Biệt thự Galleria,Công ty Cổ phần Kiến Á,Huyện Nhà Bè,TPHCM,2016,,,Đang bán,https://mogi.vn/biet-thu-galleria-prj4786,https://mogi.vn/ho-chi-minh/huyen-nha-be/mua-nha-dat/biet-thu-galleria-prj4786
prj4791,Khu căn hộ IDICO Tân Phú,Tổng Công ty Đầu tư phát triển đô thị và KCN Việt Nam - TNHH MTV (IDICO),Quận Tân Phú,TPHCM,2016,,,Đang bán; Cho thuê,https://mogi.vn/khu-can-ho-idico-tan-phu-prj4791,https://mogi.vn/ho-chi-minh/quan-tan-phu/mua-nha-dat/khu-can-ho-idico-tan-phu-prj4791; https://mogi.vn/ho-chi-minh/quan-tan-phu/thue-nha-dat/khu-can-ho-idico-tan-phu-prj4791
prj4794,Camellia Garden,Công ty CP Đầu tư Nam Long,Huyện Bình Chánh,TPHCM,2016,,,Cho thuê,https://mogi.vn/camellia-garden-prj4794,https://mogi.vn/ho-chi-minh/huyen-binh-chanh/thue-nha-dat/camellia-garden-prj4794
prj4795,Hà Đô Centrosa Garden,Tập đoàn Hà Đô,Quận 10,TPHCM,2020,Từ 3 tỷ 55 triệu,65 - 68 triệu/m2,Đang bán; Cho thuê,https://mogi.vn/ha-do-centrosa-garden-prj4795,https://mogi.vn/ho-chi-minh/quan-10/mua-nha-dat/ha-do-centrosa-garden-prj4795; https://mogi.vn/ho-chi-minh/quan-10/thue-nha-dat/ha-do-centrosa-garden-prj4795
prj4796,Citi Soho,Công ty Cổ phần Kiến Á,Quận 2 (TP. Thủ Đức),TPHCM,2017,,,Đang bán,https://mogi.vn/citi-soho-prj4796,https://mogi.vn/ho-chi-minh/quan-2/mua-nha-dat/citi-soho-prj4796
prj4797,KDC Khang Thịnh Town,Công ty CP Xây dựng Bất động sản Khang Thịnh,Quận 12,TPHCM,2016,,,Đang bán,https://mogi.vn/kdc-khang-thinh-town-prj4797,https://mogi.vn/ho-chi-minh/quan-12/mua-nha-dat/kdc-khang-thinh-town-prj4797
prj4798,Citizen Trung Sơn,CÔNG TY CỔ PHẦN ĐẦU TƯ KINH DOANH ĐỊA ỐC HƯNG THỊNH,Huyện Bình Chánh,TPHCM,2018,Từ 2 tỷ 460 triệu,30 - 35 triệu/m2,Cho thuê,https://mogi.vn/citizen-ts-prj4798,https://mogi.vn/ho-chi-minh/huyen-binh-chanh/thue-nha-dat/citizen-ts-prj4798
prj4799,Jamona Golden Silk,Công ty CP Địa ốc Sài Gòn Thương Tín,Quận 7,TPHCM,2017,Từ 5 tỷ 130 triệu,57 - 62 triệu/m2,Cho thuê,https://mogi.vn/jamona-golden-silk-prj4799,https://mogi.vn/ho-chi-minh/quan-7/thue-nha-dat/jamona-golden-silk-prj4799
prj4800,Dự án De Capella Quận 2,Công ty Cổ Phần Quốc Cường Gia Lai,Quận 2 (TP. Thủ Đức),TPHCM,2018,Từ 2 tỷ 520 triệu,45 - 47 triệu/m2,Đang bán,https://mogi.vn/de-capella-prj4800,https://mogi.vn/ho-chi-minh/quan-2/mua-nha-dat/de-capella-prj4800
prj4803,Thái Dương Luxury,Công Ty CP Đầu Tư TMDV Địa Ốc Thái Dương,Quận 9 (TP. Thủ Đức),TPHCM,,Từ 2 tỷ 331 triệu,46 - 52 triệu/m2,,https://mogi.vn/thai-duong-luxury-prj4803,
prj4808,Sarimi Sala,Công ty Cổ phần Đầu tư Địa ốc Đại Quang Minh,Quận 2 (TP. Thủ Đức),TPHCM,2016,Từ 4 tỷ 402 triệu,62 triệu/m2,Cho thuê,https://mogi.vn/samiri-sala-prj4808,https://mogi.vn/ho-chi-minh/quan-2/thue-nha-dat/samiri-sala-prj4808
prj4810,Madison,Novaland Group,Quận 1,TPHCM,2018,Từ 4 tỷ 579 triệu,147 triệu/m2,Cho thuê,https://mogi.vn/madison-prj4810,https://mogi.vn/ho-chi-minh/quan-1/thue-nha-dat/madison-prj4810
prj4811,Harbor City,Novaland Group,Quận 8,TPHCM,,,,,https://mogi.vn/harbor-city-prj4811,
prj4812,Diamond Lotus Phúc Khang,Công ty CP Đầu tư và Xây dựng Phúc Khang,Quận 8,TPHCM,2017,Từ 2 tỷ 501 triệu,51 - 64 triệu/m2,Cho thuê,https://mogi.vn/diamond-lotus-phuc-khang-prj4812,https://mogi.vn/ho-chi-minh/quan-8/thue-nha-dat/diamond-lotus-phuc-khang-prj4812
prj4813,Ascott Waterfront Saigon,Công ty TNHH Tập đoàn MIK Group Việt Nam,Quận 1,TPHCM,2016,,,,https://mogi.vn/ascott-waterfront-saigon-prj4813,
prj4818,Newberry Residence,Novaland Group,Quận Tân Bình,TPHCM,,,,,https://mogi.vn/newberry-residence-prj4818,
prj4821,DƯƠNG HỒNG GARDEN HOUSE,CÔNG TY CỔ PHẦN XÂY DỰNG & KD NHÀ ĐẠI PHÚC,Huyện Bình Chánh,TPHCM,,Từ 7 tỷ 125 triệu,75 - 102 triệu/m2,,https://mogi.vn/khu-dan-cu-cao-cap-duong-hong-garden-house-prj4821,
prj4823,La Bonita,Công ty TNHH Bất động sản Nam Thị,Quận Bình Thạnh,TPHCM,,Từ 2 tỷ 108 triệu,31 - 38 triệu/m2,,https://mogi.vn/la-bonita-prj4823,
prj4824,The Nassim Thảo Điền,Công ty cổ phần bất động sản SơnKim Land,Quận 2 (TP. Thủ Đức),TPHCM,2018,,,Cho thuê,https://mogi.vn/the-nassim-thao-dien-prj4824,https://mogi.vn/ho-chi-minh/quan-2/thue-nha-dat/the-nassim-thao-dien-prj4824
prj4832,Nhà phố thương mại Phú Xuân 4,Công Ty Cổ Phần Dịch Vụ Địa Ốc Hoàng Khang,Huyện Nhà Bè,TPHCM,2014,,,,https://mogi.vn/nha-pho-thuong-mai-phu-xuan-4-prj4832,
prj4833,Nhà phố thương mại Phú Xuân 2,Công Ty Cổ Phần Dịch Vụ Địa Ốc Hoàng Khang,Huyện Nhà Bè,TPHCM,2015,,,,https://mogi.vn/nha-pho-thuong-mai-phu-xuan-2-prj4833,
prj4834,Nhà phố thương mại Phú Xuân 3,Công Ty Cổ Phần Dịch Vụ Địa Ốc Hoàng Khang,Huyện Nhà Bè,TPHCM,,,,,https://mogi.vn/nha-pho-thuong-mai-phu-xuan-3-prj4834,
prj4835,Căn hộ Charmington,Công ty CP Địa ốc Sài Gòn Thương Tín,Quận 5,TPHCM,,,,Đang bán,https://mogi.vn/can-ho-charmington-prj4835,https://mogi.vn/ho-chi-minh/quan-5/mua-nha-dat/can-ho-charmington-prj4835
prj4839,Nhà phố thương mại Phú Xuân 5,Công Ty Cổ Phần Dịch Vụ Địa Ốc Hoàng Khang,Huyện Nhà Bè,TPHCM,2016,,,,https://mogi.vn/nha-pho-thuong-mai-phu-xuan-5-prj4839,
prj4842,Mega Sapphire,Công ty Cổ Phần Đầu Tư và Kinh Doanh nhà Khang Điền,Quận 9 (TP. Thủ Đức),TPHCM,,Từ 1 tỷ 50 triệu,14 - 20 triệu/m2,Cho thuê,https://mogi.vn/mega-sapphire-prj4842,https://mogi.vn/ho-chi-minh/quan-9/thue-nha-dat/mega-sapphire-prj4842
prj4843,Khu Biệt thự Mỹ Kim 3,Công Ty TNHH Liên Doanh Phú Mỹ Hưng,Quận 7,TPHCM,,Từ 5 tỷ 400 triệu,50 - 354 triệu/m2,Đang bán,https://mogi.vn/khu-biet-thu-my-kim-3-prj4843,https://mogi.vn/ho-chi-minh/quan-7/mua-nha-dat/khu-biet-thu-my-kim-3-prj4843
prj4844,Conic Đông Nam Á,Công ty TNHH Đầu tư và Phát triển Lĩnh Phong Conic,Huyện Bình Chánh,TPHCM,,,,,https://mogi.vn/conic-dong-nam-a-prj4844,
prj4851,Sunview 1 & 2,Tập đoàn Đất Xanh,Quận Thủ Đức (TP. Thủ Đức),TPHCM,,Từ 1 tỷ 775 triệu,25 - 31 triệu/m2,Cho thuê,https://mogi.vn/sunview-1-2-prj4851,https://mogi.vn/ho-chi-minh/quan-thu-duc/thue-nha-dat/sunview-1-2-prj4851
prj4855,Senturia Vườn Lài,Công Ty CP Bất Động Sản Tiến Phước,Quận 12,TPHCM,2017,Từ 2 tỷ 399 triệu,25 - 40 triệu/m2,Đang bán,https://mogi.vn/senturia-vuon-lai-prj4855,https://mogi.vn/ho-chi-minh/quan-12/mua-nha-dat/senturia-vuon-lai-prj4855
prj4856,DREAM HOME PALACE,Công ty Cổ phần Đầu tư Căn Nhà Mơ ƯỚC,Quận 8,TPHCM,2017,Từ 790 triệu 500 nghìn,15 - 17 triệu/m2,Đang bán,https://mogi.vn/dream-home-palace-prj4856,https://mogi.vn/ho-chi-minh/quan-8/mua-nha-dat/dream-home-palace-prj4856
prj4859,Khu Biệt Thự Hưng Thái,,Quận 7,TPHCM,,,,Cho thuê,https://mogi.vn/khu-biet-thu-hung-thai-prj4859,https://mogi.vn/ho-chi-minh/quan-7/thue-nha-dat/khu-biet-thu-hung-thai-prj4859
prj4860,Mỹ Khánh 4,Công Ty TNHH Liên Doanh Phú Mỹ Hưng,Quận 7,TPHCM,,Từ 3 tỷ 6 triệu,40 - 60 triệu/m2,Đang bán; Cho thuê,https://mogi.vn/my-khanh-4-prj4860,https://mogi.vn/ho-chi-minh/quan-7/mua-nha-dat/my-khanh-4-prj4860; https://mogi.vn/ho-chi-minh/quan-7/thue-nha-dat/my-khanh-4-prj4860
prj4869,Căn hộ Florita,CÔNG TY CỔ PHẦN ĐẦU TƯ KINH DOANH ĐỊA ỐC HƯNG THỊNH,Quận 7,TPHCM,,Từ 2 tỷ 485 triệu,43 - 51 triệu/m2,Đang bán; Cho thuê,https://mogi.vn/can-ho-florita-prj4869,https://mogi.vn/ho-chi-minh/quan-7/mua-nha-dat/can-ho-florita-prj4869; https://mogi.vn/ho-chi-minh/quan-7/thue-nha-dat/can-ho-florita-prj4869
prj4870,LA ASTORIA,CÔNG TY CỔ PHẦN ĐẦU TƯ XÂY DỰNG AN GIA HƯNG,Quận 2 (TP. Thủ Đức),TPHCM,2016,Từ 1 tỷ 201 triệu,26 triệu/m2,Đang bán; Cho thuê,https://mogi.vn/du-an-la-astoria-prj4870,https://mogi.vn/ho-chi-minh/quan-2/mua-nha-dat/du-an-la-astoria-prj4870; https://mogi.vn/ho-chi-minh/quan-2/thue-nha-dat/du-an-la-astoria-prj4870
prj4871,LIM Tower,Công ty TNHH DV Mai Thành - NH Techcombank,Quận 1,TPHCM,2013,Từ 3 tỷ 600 triệu,24 - 27 triệu/m2,,https://mogi.vn/lim-tower-prj4871,
prj4873,The Sun City Ba Tơ,CÔNG TY TNHH ĐẦU TƯ XÂY DỰNG DỊCH VỤ KINH DOANH ĐỊA ỐC NAM VIỆT,Quận 8,TPHCM,,,,Đang bán,https://mogi.vn/the-sun-city-ba-to-prj4873,https://mogi.vn/ho-chi-minh/quan-8/mua-nha-dat/the-sun-city-ba-to-prj4873
prj4874,Golden King,Công Ty Cổ Phần Phát Triển Đô Thị Đông Dương,Quận 7,TPHCM,2019,Từ 1 tỷ 860 triệu,60 - 62 triệu/m2,Cho thuê,https://mogi.vn/cao-oc-golden-king-prj4874,https://mogi.vn/ho-chi-minh/quan-7/thue-nha-dat/cao-oc-golden-king-prj4874
prj4875,Sophia Garden,Công ty TNHH Tư vấn Đầu tư Bất động sản Yến Phương,Huyện Hóc Môn,TPHCM,2018,Từ,10 triệu/m2,Đang bán,https://mogi.vn/sophia-garden-prj4875,https://mogi.vn/ho-chi-minh/huyen-hoc-mon/mua-nha-dat/sophia-garden-prj4875
prj4877,Opal Garden,Tập đoàn Đất Xanh,Quận Thủ Đức (TP. Thủ Đức),TPHCM,2018,Từ 2 tỷ 301 triệu,39 - 43 triệu/m2,Đang bán,https://mogi.vn/opal-garden-prj4877,https://mogi.vn/ho-chi-minh/quan-thu-duc/mua-nha-dat/opal-garden-prj4877
prj4882,Imperia An Phú,Công ty Cổ phần Kiến Á,Quận 2 (TP. Thủ Đức),TPHCM,2012,Từ 3 tỷ 800 triệu,40 - 42 triệu/m2,Đang bán; Cho thuê,https://mogi.vn/imperia-an-phu-prj4882,https://mogi.vn/ho-chi-minh/quan-2/mua-nha-dat/imperia-an-phu-prj4882; https://mogi.vn/ho-chi-minh/quan-2/thue-nha-dat/imperia-an-phu-prj4882
prj4884,Newton Residence,Novaland Group,Quận Phú Nhuận,TPHCM,2018,Từ 2 tỷ 13 triệu,61 - 90 triệu/m2,Đang bán; Cho thuê,https://mogi.vn/newton-residence-prj4884,https://mogi.vn/ho-chi-minh/quan-phu-nhuan/mua-nha-dat/newton-residence-prj4884; https://mogi.vn/ho-chi-minh/quan-phu-nhuan/thue-nha-dat/newton-residence-prj4884
prj4885,Oriental Plaza Âu Cơ,CÔNG TY TNHH BẤT ĐỘNG SẢN ĐÔNG PHƯƠNG PHÁT,Quận Tân Phú,TPHCM,2017,Từ 2 tỷ 72 triệu,28 triệu/m2,Đang bán; Cho thuê,https://mogi.vn/oriental-plaza-au-co-prj4885,https://mogi.vn/ho-chi-minh/quan-tan-phu/mua-nha-dat/oriental-plaza-au-co-prj4885; https://mogi.vn/ho-chi-minh/quan-tan-phu/thue-nha-dat/oriental-plaza-au-co-prj4885
prj4886,Cao Ốc Screc II Tower,CÔNG TY CP ĐẦU TƯ-XÂY DỰNG VÀ KINH DOANH NHÀ SÀI GÒN,Quận 2 (TP. Thủ Đức),TPHCM,,Từ 3 tỷ 233 triệu,36 - 40 triệu/m2,Đang bán,https://mogi.vn/cao-oc-screc-ii-tower-prj4886,https://mogi.vn/ho-chi-minh/quan-2/mua-nha-dat/cao-oc-screc-ii-tower-prj4886
prj4888,Cao Ốc Phan Huy Ích,Công ty Cổ phần Bất động sản Eximland,Quận Tân Bình,TPHCM,2015,Từ 1 tỷ 407 triệu,21 triệu/m2,Đang bán,https://mogi.vn/cao-oc-phan-huy-ich-prj4888,https://mogi.vn/ho-chi-minh/quan-tan-binh/mua-nha-dat/cao-oc-phan-huy-ich-prj4888
prj4890,Botanica,Novaland Group,Quận Tân Bình,TPHCM,2017,Từ 1 tỷ 643 triệu,31 - 35 triệu/m2,Cho thuê,https://mogi.vn/botanica-prj4890,https://mogi.vn/ho-chi-minh/quan-tan-binh/thue-nha-dat/botanica-prj4890
prj4891,CITI BELLA,,Quận 2 (TP. Thủ Đức),TPHCM,,,,Đang bán,https://mogi.vn/citi-bella-prj4891,https://mogi.vn/ho-chi-minh/quan-2/mua-nha-dat/citi-bella-prj4891
prj4894,Nam Thiên 1,,Quận 7,TPHCM,,,,Cho thuê,https://mogi.vn/nam-thien-1-prj4894,https://mogi.vn/ho-chi-minh/quan-7/thue-nha-dat/nam-thien-1-prj4894
prj4896,Mỹ Phú 1,,Quận 7,TPHCM,,Từ 71 tỷ 357 triệu,285 - 366 triệu/m2,Cho thuê,https://mogi.vn/my-phu-1-prj4896,https://mogi.vn/ho-chi-minh/quan-7/thue-nha-dat/my-phu-1-prj4896
prj4897,Holm Villas Thảo Điền,,Quận 2 (TP. Thủ Đức),TPHCM,2017,,,Đang bán,https://mogi.vn/holm-villas-thao-dien-prj4897,https://mogi.vn/ho-chi-minh/quan-2/mua-nha-dat/holm-villas-thao-dien-prj4897
prj4898,Welife City,Công Ty TNHH IDE Việt Nam,Quận Bình Tân,TPHCM,,,,,https://mogi.vn/welife-city-prj4898,
prj4903,Hoàng Anh Gia Lai 2,CÔNG TY CỔ PHẦN HOÀNG ANH GIA LAI,Quận 7,TPHCM,2008,Từ 1 tỷ 462 triệu,17 - 19 triệu/m2,Cho thuê,https://mogi.vn/hoang-anh-gia-lai-2-prj4903,https://mogi.vn/ho-chi-minh/quan-7/thue-nha-dat/hoang-anh-gia-lai-2-prj4903
prj4904,Hoàng Anh Gia Lai 1,CÔNG TY CỔ PHẦN HOÀNG ANH GIA LAI,Quận 7,TPHCM,2010,Từ,19 - 21 triệu/m2,Cho thuê,https://mogi.vn/hoang-anh-gia-lai-1-prj4904,https://mogi.vn/ho-chi-minh/quan-7/thue-nha-dat/hoang-anh-gia-lai-1-prj4904
prj4907,Mỹ Khánh 2,Công Ty TNHH Liên Doanh Phú Mỹ Hưng,Quận 7,TPHCM,2008,Từ 2 tỷ 790 triệu,31 - 33 triệu/m2,Đang bán; Cho thuê,https://mogi.vn/my-khanh-2-prj4907,https://mogi.vn/ho-chi-minh/quan-7/mua-nha-dat/my-khanh-2-prj4907; https://mogi.vn/ho-chi-minh/quan-7/thue-nha-dat/my-khanh-2-prj4907
prj4909,Green Home Thủ Đức,,Quận Thủ Đức (TP. Thủ Đức),TPHCM,,,,Đang bán,https://mogi.vn/green-home-thu-duc-prj4909,https://mogi.vn/ho-chi-minh/quan-thu-duc/mua-nha-dat/green-home-thu-duc-prj4909
prj4915,Mỹ Gia 1,,Quận 7,TPHCM,,,,Cho thuê,https://mogi.vn/my-gia-1-prj4915,https://mogi.vn/ho-chi-minh/quan-7/thue-nha-dat/my-gia-1-prj4915
prj4916,Nam Thông 3,Công Ty TNHH Liên Doanh Phú Mỹ Hưng,Quận 7,TPHCM,,,,Đang bán,https://mogi.vn/nam-thong-3-prj4916,https://mogi.vn/ho-chi-minh/quan-7/mua-nha-dat/nam-thong-3-prj4916
prj4919,Biệt Thự ChaTeau,,Quận 7,TPHCM,,,,Đang bán,https://mogi.vn/biet-thu-chateau-prj4919,https://mogi.vn/ho-chi-minh/quan-7/mua-nha-dat/biet-thu-chateau-prj4919
prj4921,Conic Lộc Phát,,Quận 8,TPHCM,,Từ 6 tỷ 699 triệu,56 triệu/m2,,https://mogi.vn/conic-loc-phat-prj4921,
prj4922,CITY GATE TOWERS,CÔNG TY CỔ PHẦN ĐẦU TƯ NĂM BẢY BẢY,Quận 8,TPHCM,2017,Từ 1 tỷ 192 triệu,17 - 19 triệu/m2,Đang bán,https://mogi.vn/city-gate-towers-prj4922,https://mogi.vn/ho-chi-minh/quan-8/mua-nha-dat/city-gate-towers-prj4922
prj4926,Chung cư 12 View,,Quận 12,TPHCM,,Từ 1 tỷ 74 triệu,19 - 21 triệu/m2,Cho thuê,https://mogi.vn/chung-cu-12-view-prj4926,https://mogi.vn/ho-chi-minh/quan-12/thue-nha-dat/chung-cu-12-view-prj4926
prj4929,Căn hộ Incomex,,Quận 7,TPHCM,,,,,https://mogi.vn/can-ho-incomex-prj4929,
prj4932,Căn Hộ Minh Thành,,Quận 7,TPHCM,,Từ 968 triệu,11 - 18 triệu/m2,Cho thuê,https://mogi.vn/can-ho-minh-thanh-prj4932,https://mogi.vn/ho-chi-minh/quan-7/thue-nha-dat/can-ho-minh-thanh-prj4932
prj4933,Hưng Phúc – Happy Residence,Công ty TNHH Phát Triển Phú Mỹ Hưng,Quận 7,TPHCM,2020,Từ 3 tỷ 402 triệu,54 - 81 triệu/m2,Đang bán; Cho thuê,https://mogi.vn/hung-phuc-happy-residence-prj4933,https://mogi.vn/ho-chi-minh/quan-7/mua-nha-dat/hung-phuc-happy-residence-prj4933; https://mogi.vn/ho-chi-minh/quan-7/thue-nha-dat/hung-phuc-happy-residence-prj4933
prj4934,Lavila,Công ty Cổ phần Kiến Á,Huyện Nhà Bè,TPHCM,,Từ 6 tỷ 156 triệu,57 triệu/m2,Cho thuê,https://mogi.vn/lavila-prj4934,https://mogi.vn/ho-chi-minh/huyen-nha-be/thue-nha-dat/lavila-prj4934
prj4935,THE STAR VILLAGE,Công Ty Cổ Phần Đầu Tư Kinh Doanh Nhà,Huyện Nhà Bè,TPHCM,2017,Từ 637 triệu 500 nghìn,8 - 11 triệu/m2,Đang bán,https://mogi.vn/the-star-village-prj4935,https://mogi.vn/ho-chi-minh/huyen-nha-be/mua-nha-dat/the-star-village-prj4935
prj4939,Botanica Premier,Novaland Group,Quận Tân Bình,TPHCM,2018,,,Đang bán; Cho thuê,https://mogi.vn/botanica-premier-prj4939,https://mogi.vn/ho-chi-minh/quan-tan-binh/mua-nha-dat/botanica-premier-prj4939; https://mogi.vn/ho-chi-minh/quan-tan-binh/thue-nha-dat/botanica-premier-prj4939
prj4940,Orchard Ggarden,Novaland Group,Quận Phú Nhuận,TPHCM,2016,,,Cho thuê,https://mogi.vn/orchard-ggarden-prj4940,https://mogi.vn/ho-chi-minh/quan-phu-nhuan/thue-nha-dat/orchard-ggarden-prj4940
prj4942,Ehome 3,Công ty CP Đầu tư Nam Long,Quận Bình Tân,TPHCM,2016,,,Đang bán,https://mogi.vn/ehome-3-prj4942,https://mogi.vn/ho-chi-minh/quan-binh-tan/mua-nha-dat/ehome-3-prj4942
prj4943,Ehome S,Công ty CP Đầu tư Nam Long,Quận 9 (TP. Thủ Đức),TPHCM,2017,Từ 628 triệu,15 triệu/m2,Đang bán,https://mogi.vn/ehome-s-prj4943,https://mogi.vn/ho-chi-minh/quan-9/mua-nha-dat/ehome-s-prj4943
prj4944,Flora Kikyo,Công ty CP Đầu tư Nam Long,Quận 9 (TP. Thủ Đức),TPHCM,2018,,,Cho thuê,https://mogi.vn/flora-kikyo-prj4944,https://mogi.vn/ho-chi-minh/quan-9/thue-nha-dat/flora-kikyo-prj4944
prj4945,The Flora Anh Đào,Công ty CP Đầu tư Nam Long,Quận 9 (TP. Thủ Đức),TPHCM,,Từ 1 tỷ 9 triệu,18 - 23 triệu/m2,Đang bán; Cho thuê,https://mogi.vn/the-flora-anh-dao-prj4945,https://mogi.vn/ho-chi-minh/quan-9/mua-nha-dat/the-flora-anh-dao-prj4945; https://mogi.vn/ho-chi-minh/quan-9/thue-nha-dat/the-flora-anh-dao-prj4945
prj4946,Valora Kikyo,Công ty CP Đầu tư Nam Long,Quận 9 (TP. Thủ Đức),TPHCM,2017,,,Đang bán,https://mogi.vn/valora-kikyo-prj4946,https://mogi.vn/ho-chi-minh/quan-9/mua-nha-dat/valora-kikyo-prj4946
prj4949,Chateau,Công Ty TNHH LD Phú Mỹ Hưng,Quận 7,TPHCM,2016,Từ 33.400 đ,0 - 0 triệu/m2,Đang bán; Cho thuê,https://mogi.vn/chateau-prj4949,https://mogi.vn/ho-chi-minh/quan-7/mua-nha-dat/chateau-prj4949; https://mogi.vn/ho-chi-minh/quan-7/thue-nha-dat/chateau-prj4949
prj4950,Midtown Phú Mỹ Hưng,Công ty TNHH Phát Triển Phú Mỹ Hưng,Quận 7,TPHCM,2019,Từ 4 tỷ 500 triệu,75 - 78 triệu/m2,Đang bán; Cho thuê,https://mogi.vn/midtown-prj4950,https://mogi.vn/ho-chi-minh/quan-7/mua-nha-dat/midtown-prj4950; https://mogi.vn/ho-chi-minh/quan-7/thue-nha-dat/midtown-prj4950
prj4951,RiverPark Premier,Công Ty TNHH LD Phú Mỹ Hưng,Quận 7,TPHCM,2016,Từ 5 tỷ 499 triệu,49 - 72 triệu/m2,Đang bán; Cho thuê,https://mogi.vn/riverpark-premier-prj4951,https://mogi.vn/ho-chi-minh/quan-7/mua-nha-dat/riverpark-premier-prj4951; https://mogi.vn/ho-chi-minh/quan-7/thue-nha-dat/riverpark-premier-prj4951
prj4952,Mỹ Văn 2,Công Ty TNHH LD Phú Mỹ Hưng,Quận 7,TPHCM,2015,Từ 18 tỷ 63 triệu,81 triệu/m2,Cho thuê,https://mogi.vn/my-van-2-prj4952,https://mogi.vn/ho-chi-minh/quan-7/thue-nha-dat/my-van-2-prj4952
prj4958,Moonlight Boulevard,CÔNG TY CỔ PHẦN ĐẦU TƯ KINH DOANH ĐỊA ỐC HƯNG THỊNH,Quận Bình Tân,TPHCM,2019,Từ 86 triệu 700 nghìn,1 - 2 triệu/m2,Đang bán; Cho thuê,https://mogi.vn/moonlight-boulevard-prj4958,https://mogi.vn/ho-chi-minh/quan-binh-tan/mua-nha-dat/moonlight-boulevard-prj4958; https://mogi.vn/ho-chi-minh/quan-binh-tan/thue-nha-dat/moonlight-boulevard-prj4958
prj4959,Moonlight Park View,CÔNG TY CỔ PHẦN ĐẦU TƯ KINH DOANH ĐỊA ỐC HƯNG THỊNH,Quận Bình Tân,TPHCM,2019,Từ 1 tỷ 938 triệu,38 - 39 triệu/m2,Đang bán; Cho thuê,https://mogi.vn/moonlight-park-view-prj4959,https://mogi.vn/ho-chi-minh/quan-binh-tan/mua-nha-dat/moonlight-park-view-prj4959; https://mogi.vn/ho-chi-minh/quan-binh-tan/thue-nha-dat/moonlight-park-view-prj4959
prj4962,Richmond City,CÔNG TY CỔ PHẦN ĐẦU TƯ KINH DOANH ĐỊA ỐC HƯNG THỊNH,Quận Bình Thạnh,TPHCM,2020,Từ 3 tỷ 168 triệu,48 - 52 triệu/m2,Đang bán,https://mogi.vn/richmond-city-prj4962,https://mogi.vn/ho-chi-minh/quan-binh-thanh/mua-nha-dat/richmond-city-prj4962
prj4965,Moonlight Residences,CÔNG TY CỔ PHẦN ĐẦU TƯ KINH DOANH ĐỊA ỐC HƯNG THỊNH,Quận Thủ Đức (TP. Thủ Đức),TPHCM,2019,Từ 1 tỷ 323 triệu,27 - 36 triệu/m2,Đang bán,https://mogi.vn/moonlight-residences-prj4965,https://mogi.vn/ho-chi-minh/quan-thu-duc/mua-nha-dat/moonlight-residences-prj4965
prj4966,8X Plus,CÔNG TY CỔ PHẦN ĐẦU TƯ KINH DOANH ĐỊA ỐC HƯNG THỊNH,Quận 12,TPHCM,2018,,,Đang bán; Cho thuê,https://mogi.vn/8x-plus-prj4966,https://mogi.vn/ho-chi-minh/quan-12/mua-nha-dat/8x-plus-prj4966; https://mogi.vn/ho-chi-minh/quan-12/thue-nha-dat/8x-plus-prj4966
prj4970,Sky Symphony,CÔNG TY CỔ PHẦN BẤT ĐỘNG SẢN NGUYỄN KHẢI HOÀN,Huyện Nhà Bè,TPHCM,,,,,https://mogi.vn/sky-symphony-prj4970,
prj4979,SaigonMia,CÔNG TY CỔ PHẦN ĐẦU TƯ KINH DOANH ĐỊA ỐC HƯNG THỊNH,Huyện Bình Chánh,TPHCM,2019,Từ 1 tỷ 650 triệu,33 - 40 triệu/m2,Đang bán,https://mogi.vn/saigonmia-prj4979,https://mogi.vn/ho-chi-minh/huyen-binh-chanh/mua-nha-dat/saigonmia-prj4979
prj4982,Nhà Phố Xanh Kiểu Mới Citibella 2,Công ty Cổ phần Kiến Á,Quận 2 (TP. Thủ Đức),TPHCM,,,,Đang bán,https://mogi.vn/nha-pho-xanh-kieu-moi-citibella-2-prj4982,https://mogi.vn/ho-chi-minh/quan-2/mua-nha-dat/nha-pho-xanh-kieu-moi-citibella-2-prj4982
prj4984,Charmington Iris,TTC Land,Quận 4,TPHCM,2023,Từ 2 tỷ 160 triệu,48 - 50 triệu/m2,Đang bán,https://mogi.vn/charmington-iris-prj4984,https://mogi.vn/ho-chi-minh/quan-4/mua-nha-dat/charmington-iris-prj4984
prj4986,Jamona Heights,CÔNG TY CỔ PHẦN MAY TIẾN PHÁT,Quận 7,TPHCM,2018,Từ 1 tỷ 382 triệu,28 - 56 triệu/m2,Đang bán,https://mogi.vn/jamona-heights-prj4986,https://mogi.vn/ho-chi-minh/quan-7/mua-nha-dat/jamona-heights-prj4986
prj4990,Lux Garden,Tập đoàn Đất Xanh,Quận 7,TPHCM,2018,Từ 1 tỷ 830 triệu,30 - 33 triệu/m2,Đang bán,https://mogi.vn/lux-garden-prj4990,https://mogi.vn/ho-chi-minh/quan-7/mua-nha-dat/lux-garden-prj4990
prj4991,KDC HTReal Ngô Chí Quốc,Công ty Cổ phần Dịch vụ Bất động sản HTReal,Quận Thủ Đức (TP. Thủ Đức),TPHCM,,,,Đang bán,https://mogi.vn/kdc-htreal-ngo-chi-quoc-prj4991,https://mogi.vn/ho-chi-minh/quan-thu-duc/mua-nha-dat/kdc-htreal-ngo-chi-quoc-prj4991
prj4993,KDC HTReal Hoàn Cầu Bình Chiểu,Công ty Cổ phần Dịch vụ Bất động sản HTReal,Quận Thủ Đức (TP. Thủ Đức),TPHCM,,Từ 593 triệu 600 nghìn,11 triệu/m2,Đang bán,https://mogi.vn/kdc-phuong-binh-chieu-prj4993,https://mogi.vn/ho-chi-minh/quan-thu-duc/mua-nha-dat/kdc-phuong-binh-chieu-prj4993
prj4994,KDC HTReal Hoàng Hữu Nam Phường Tân Phú Q.9,,Quận 9 (TP. Thủ Đức),TPHCM,2016,,,Đang bán,https://mogi.vn/kdc-htreal-hoang-huu-nam-phuong-tan-phu-q-9-prj4994,https://mogi.vn/ho-chi-minh/quan-9/mua-nha-dat/kdc-htreal-hoang-huu-nam-phuong-tan-phu-q-9-prj4994
prj4996,HTReal Phú Hữu 898 Nguyễn Duy Trinh,Công ty Cổ phần Dịch vụ Bất động sản HTReal,Quận 9 (TP. Thủ Đức),TPHCM,2016,Từ 1 tỷ 250 triệu,25 - 27 triệu/m2,Đang bán,https://mogi.vn/htreal-phu-huu-898-nguyen-duy-trinh-prj4996,https://mogi.vn/ho-chi-minh/quan-9/mua-nha-dat/htreal-phu-huu-898-nguyen-duy-trinh-prj4996
prj4997,KDC HTReal 160 Lã Xuân Oai Quận 9,Công ty Cổ phần Dịch vụ Bất động sản HTReal,Quận 9 (TP. Thủ Đức),TPHCM,,,,Cho thuê,https://mogi.vn/kdc-htreal-160-la-xuan-oai-quan-9-prj4997,https://mogi.vn/ho-chi-minh/quan-9/thue-nha-dat/kdc-htreal-160-la-xuan-oai-quan-9-prj4997
prj4998,KDC Đường số 9 - Q. Thủ Đức,Công ty Cổ phần Dịch vụ Bất động sản HTReal,Quận Thủ Đức (TP. Thủ Đức),TPHCM,,Từ 1 tỷ 350 triệu,25 - 27 triệu/m2,Đang bán,https://mogi.vn/kdc-duong-so-9-q-thu-duc-prj4998,https://mogi.vn/ho-chi-minh/quan-thu-duc/mua-nha-dat/kdc-duong-so-9-q-thu-duc-prj4998
prj4999,KDC Tân Chánh Hiệp Q.12,Công ty Cổ phần Dịch vụ Bất động sản HTReal,Quận 12,TPHCM,,Từ 1 tỷ 56 triệu,13 triệu/m2,Cho thuê,https://mogi.vn/kdc-tan-chanh-hiep-q-12-prj4999,https://mogi.vn/ho-chi-minh/quan-12/thue-nha-dat/kdc-tan-chanh-hiep-q-12-prj4999
prj5000,KDC Tam Bình Q.Thủ Đức,Công ty Cổ phần Dịch vụ Bất động sản HTReal,Quận Thủ Đức (TP. Thủ Đức),TPHCM,2012,Từ 600 triệu,12 triệu/m2,Đang bán,https://mogi.vn/kdc-tam-binh-q-thu-duc-prj5000,https://mogi.vn/ho-chi-minh/quan-thu-duc/mua-nha-dat/kdc-tam-binh-q-thu-duc-prj5000
prj5001,Jamila Khang Điền,Công ty Cổ Phần Đầu Tư và Kinh Doanh Nhà Khang Điền,Quận 9 (TP. Thủ Đức),TPHCM,2018,Từ 1 tỷ 692 triệu,36 - 38 triệu/m2,Cho thuê,https://mogi.vn/jamila-prj5001,https://mogi.vn/ho-chi-minh/quan-9/thue-nha-dat/jamila-prj5001
prj5002,River Panorama,An Gia Investment,Quận 7,TPHCM,2020,Từ 13 tỷ 440 triệu,240 - 400 triệu/m2,Đang bán; Cho thuê,https://mogi.vn/river-panorama-prj5002,https://mogi.vn/ho-chi-minh/quan-7/mua-nha-dat/river-panorama-prj5002; https://mogi.vn/ho-chi-minh/quan-7/thue-nha-dat/river-panorama-prj5002
prj5003,D-Vela,Công ty Cổ phần Đầu tư Căn Nhà Mơ ƯỚC,Quận 7,TPHCM,2018,Từ 1 tỷ 265 triệu,23 triệu/m2,Cho thuê,https://mogi.vn/d-vela-prj5003,https://mogi.vn/ho-chi-minh/quan-7/thue-nha-dat/d-vela-prj5003
prj5006,The Ascent,Công ty cổ phần Tập đoàn Xây dựng Hòa Bình,Quận 2 (TP. Thủ Đức),TPHCM,2016,,,Cho thuê,https://mogi.vn/the-ascent-prj5006,https://mogi.vn/ho-chi-minh/quan-2/thue-nha-dat/the-ascent-prj5006
prj5017,Tecco Đầm Sen Complex,Công ty Cổ phần Địa ốc Phú Tân,Quận Tân Phú,TPHCM,2021,Từ 1 tỷ 550 triệu,25 - 28 triệu/m2,Cho thuê,https://mogi.vn/tecco-dam-sen-complex-prj5017,https://mogi.vn/ho-chi-minh/quan-tan-phu/thue-nha-dat/tecco-dam-sen-complex-prj5017
prj5018,The Parkland,Công ty TNHH Xây dựng và Thương mại 12,Quận 12,TPHCM,2018,Từ 848 triệu,16 triệu/m2,Cho thuê,https://mogi.vn/the-parkland-prj5018,https://mogi.vn/ho-chi-minh/quan-12/thue-nha-dat/the-parkland-prj5018
prj5030,KHANG AN RESIDENCE,CÔNG TY CỔ PHẦN ĐẦU TƯ ĐỊA ỐC KHANG AN,Quận Bình Tân,TPHCM,2017,,,,https://mogi.vn/khang-an-residence-prj5030,
prj5031,Nam Khang Residence,Công ty TNHH TM-DV Xây dựng Kinh doanh bất động sản Nam Khang,Quận 9 (TP. Thủ Đức),TPHCM,,Từ 675 triệu,13 - 23 triệu/m2,Đang bán,https://mogi.vn/nam-khang-residence-prj5031,https://mogi.vn/ho-chi-minh/quan-9/mua-nha-dat/nam-khang-residence-prj5031
prj5032,Nam Khang Riverside,Công ty TNHH TM-DV Xây dựng Kinh doanh bất động sản Nam Khang,Quận 9 (TP. Thủ Đức),TPHCM,,Từ 702 triệu,13 - 16 triệu/m2,Đang bán,https://mogi.vn/nam-khang-riverside-prj5032,https://mogi.vn/ho-chi-minh/quan-9/mua-nha-dat/nam-khang-riverside-prj5032
prj5033,Zen Tower,Công ty TNHH Sợi Hạ Long,Quận 12,TPHCM,2018,Từ 495 triệu,11 - 13 triệu/m2,Cho thuê,https://mogi.vn/zen-tower-prj5033,https://mogi.vn/ho-chi-minh/quan-12/thue-nha-dat/zen-tower-prj5033
prj5038,Green Town,Công Ty TNHH IDE Việt Nam,Quận Bình Tân,TPHCM,2018,,,Đang bán,https://mogi.vn/green-town-prj5038,https://mogi.vn/ho-chi-minh/quan-binh-tan/mua-nha-dat/green-town-prj5038
prj5039,Empire City Thủ Thiêm,"Keppel Land, Gaw Capital, Tiến Phước, Trần Thái",Quận 2 (TP. Thủ Đức),TPHCM,2021,Từ 3 tỷ 500 triệu,70 - 160 triệu/m2,Cho thuê,https://mogi.vn/empire-city-thu-thiem-prj5039,https://mogi.vn/ho-chi-minh/quan-2/thue-nha-dat/empire-city-thu-thiem-prj5039
prj5040,D'Edge Thảo Điền,Tập đoàn CapitaLand,Quận 2 (TP. Thủ Đức),TPHCM,2020,Từ 5 tỷ 160 triệu,86 - 90 triệu/m2,Đang bán,https://mogi.vn/d-edge-thao-dien-prj5040,https://mogi.vn/ho-chi-minh/quan-2/mua-nha-dat/d-edge-thao-dien-prj5040
prj5042,Marina Bay Thủ Thiêm,Công ty CP đầu tư hạ tầng kỹ thuật TP. Hồ Chí Minh,Quận 2 (TP. Thủ Đức),TPHCM,2018,,,,https://mogi.vn/marina-bay-thu-thiem-prj5042,
prj5043,Terra Royal,Công Ty Cổ Phần Đầu Tư Kinh Doanh Nhà,Quận 3,TPHCM,2019,Từ 4 tỷ 275 triệu,75 triệu/m2,Đang bán; Cho thuê,https://mogi.vn/terra-royal-prj5043,https://mogi.vn/ho-chi-minh/quan-3/mua-nha-dat/terra-royal-prj5043; https://mogi.vn/ho-chi-minh/quan-3/thue-nha-dat/terra-royal-prj5043
prj5046,Sun Village Apartment,Công Ty CP Đầu Tư Tân Tiến,Quận Bình Thạnh,TPHCM,2018,,,Cho thuê,https://mogi.vn/sun-village-apartment-prj5046,https://mogi.vn/ho-chi-minh/quan-binh-thanh/thue-nha-dat/sun-village-apartment-prj5046
prj5047,Central Premium,Công ty Cổ Phần Quốc Cường Gia Lai,Quận 8,TPHCM,2020,Từ 1 tỷ 100 triệu,44 - 46 triệu/m2,Cho thuê,https://mogi.vn/central-premium-prj5047,https://mogi.vn/ho-chi-minh/quan-8/thue-nha-dat/central-premium-prj5047
prj5049,Tân Phước Plaza,Công ty Cổ phần Bất động sản Tân Phước,Quận 11,TPHCM,,,,Cho thuê,https://mogi.vn/tan-phuoc-plaza-prj5049,https://mogi.vn/ho-chi-minh/quan-11/thue-nha-dat/tan-phuoc-plaza-prj5049
prj5050,StarLight Riverside,Công ty Cổ Phần Lắp máy điện nước và xây dựng,Quận 6,TPHCM,2017,Từ 1 tỷ 276 triệu,22 - 32 triệu/m2,Cho thuê,https://mogi.vn/starlight-riverside-prj5050,https://mogi.vn/ho-chi-minh/quan-6/thue-nha-dat/starlight-riverside-prj5050
prj5061,Valora Mizuki,CÔNG TY CỔ PHẦN ĐẦU TƯ NAM LONG,Huyện Bình Chánh,TPHCM,2023,Từ 2 tỷ 240 triệu,40 triệu/m2,Đang bán,https://mogi.vn/valora-mizuki-prj5061,https://mogi.vn/ho-chi-minh/huyen-binh-chanh/mua-nha-dat/valora-mizuki-prj5061
prj5062,Rosita Garden,Công ty Cổ Phần Đầu Tư và Kinh Doanh Nhà Khang Điền,Quận 9 (TP. Thủ Đức),TPHCM,2018,Từ 3 tỷ 621 triệu,42 triệu/m2,Cho thuê,https://mogi.vn/rosita-garden-prj5062,https://mogi.vn/ho-chi-minh/quan-9/thue-nha-dat/rosita-garden-prj5062
prj5063,Lancaster Lincoln,Công ty cổ phần tập đoàn Trung Thủy,Quận 4,TPHCM,2018,,,Đang bán,https://mogi.vn/lancaster-lincoln-prj5063,https://mogi.vn/ho-chi-minh/quan-4/mua-nha-dat/lancaster-lincoln-prj5063
prj5064,Homyland Riverside,Công ty TNHH Nông sản Tân Hoàn Mỹ,Quận 2 (TP. Thủ Đức),TPHCM,,Từ 1 tỷ 664 triệu,40 - 47 triệu/m2,Đang bán,https://mogi.vn/homyland-riverside-prj5064,https://mogi.vn/ho-chi-minh/quan-2/mua-nha-dat/homyland-riverside-prj5064
prj5069,Serenity Sky Villas,Công ty Đầu tư và Phát triển Sơn Kim,Quận 3,TPHCM,2018,,,Đang bán; Cho thuê,https://mogi.vn/serenity-sky-villas-prj5069,https://mogi.vn/ho-chi-minh/quan-3/mua-nha-dat/serenity-sky-villas-prj5069; https://mogi.vn/ho-chi-minh/quan-3/thue-nha-dat/serenity-sky-villas-prj5069
prj5071,Orchard Garden,Novaland Group,Quận Phú Nhuận,TPHCM,2017,Từ 2 tỷ 958 triệu,58 - 61 triệu/m2,Đang bán; Cho thuê,https://mogi.vn/orchard-garden-prj5071,https://mogi.vn/ho-chi-minh/quan-phu-nhuan/mua-nha-dat/orchard-garden-prj5071; https://mogi.vn/ho-chi-minh/quan-phu-nhuan/thue-nha-dat/orchard-garden-prj5071
prj5072,Saigon Royal Residence,Novaland Group,Quận 4,TPHCM,2019,Từ 4 tỷ 505 triệu,85 - 88 triệu/m2,Cho thuê,https://mogi.vn/saigon-royal-residence-prj5072,https://mogi.vn/ho-chi-minh/quan-4/thue-nha-dat/saigon-royal-residence-prj5072
prj5073,Thủ Thiêm Garden,CÔNG TY CỔ PHẦN ĐẦU TƯ THỦ THIÊM,Quận 9 (TP. Thủ Đức),TPHCM,2018,,,Cho thuê,https://mogi.vn/thu-thiem-garden-prj5073,https://mogi.vn/ho-chi-minh/quan-9/thue-nha-dat/thu-thiem-garden-prj5073
prj5077,Waterina Suites,Maeda Corporation,Quận 2 (TP. Thủ Đức),TPHCM,2019,Từ 6 tỷ 972 triệu,83 - 86 triệu/m2,Đang bán,https://mogi.vn/waterina-suites-prj5077,https://mogi.vn/ho-chi-minh/quan-2/mua-nha-dat/waterina-suites-prj5077
prj5078,Topaz Home,Công ty TNHH TM-DV-XD-KD Nhà Vạn Thái,Quận 12,TPHCM,2019,,,Đang bán; Cho thuê,https://mogi.vn/topaz-home-prj5078,https://mogi.vn/ho-chi-minh/quan-12/mua-nha-dat/topaz-home-prj5078; https://mogi.vn/ho-chi-minh/quan-12/thue-nha-dat/topaz-home-prj5078
prj5079,9 View Apartment,Hung Thinh Land,Quận 9 (TP. Thủ Đức),TPHCM,2018,Từ 1 tỷ 194 triệu,20 triệu/m2,Đang bán,https://mogi.vn/9-view-apartment-prj5079,https://mogi.vn/ho-chi-minh/quan-9/mua-nha-dat/9-view-apartment-prj5079
prj5080,Kris Vue,CapitaLand,Quận 2 (TP. Thủ Đức),TPHCM,2018,Từ 1 tỷ 350 triệu,27 - 31 triệu/m2,Cho thuê,https://mogi.vn/kris-vue-prj5080,https://mogi.vn/ho-chi-minh/quan-2/thue-nha-dat/kris-vue-prj5080
prj5081,Republic Plaza,,Quận Tân Bình,TPHCM,2018,,,Đang bán; Cho thuê,https://mogi.vn/republic-plaza-prj5081,https://mogi.vn/ho-chi-minh/quan-tan-binh/mua-nha-dat/republic-plaza-prj5081; https://mogi.vn/ho-chi-minh/quan-tan-binh/thue-nha-dat/republic-plaza-prj5081
prj5085,Citi Home,Công ty Cổ phần Kiến Á,Quận 2 (TP. Thủ Đức),TPHCM,2017,Từ 1 tỷ 400 triệu,28 - 30 triệu/m2,Đang bán,https://mogi.vn/citi-home-prj5085,https://mogi.vn/ho-chi-minh/quan-2/mua-nha-dat/citi-home-prj5085
prj5086,Palm Heights,Công Ty CP Bất Động Sản Tiến Phước,Quận 2 (TP. Thủ Đức),TPHCM,2019,Từ 2 tỷ 204 triệu,29 - 33 triệu/m2,Đang bán; Cho thuê,https://mogi.vn/palm-heights-prj5086,https://mogi.vn/ho-chi-minh/quan-2/mua-nha-dat/palm-heights-prj5086; https://mogi.vn/ho-chi-minh/quan-2/thue-nha-dat/palm-heights-prj5086
prj5092,Golf View Tower,CÔNG TY TNHH MINH NGUYÊN LONG,Quận Tân Bình,TPHCM,,Từ 520 triệu,13 - 25 triệu/m2,,https://mogi.vn/golf-view-tower-prj5092,
prj5093,Estella Heights,CÔNG TY TNHH KEPPEL LAND VIỆT NAM,Quận 2 (TP. Thủ Đức),TPHCM,2019,Từ 4 tỷ 15 triệu,73 - 75 triệu/m2,Cho thuê,https://mogi.vn/estella-heights-prj5093,https://mogi.vn/ho-chi-minh/quan-2/thue-nha-dat/estella-heights-prj5093
prj5094,Safari,Tập đoàn CapitaLand,Quận 2 (TP. Thủ Đức),TPHCM,2018,,,Đang bán,https://mogi.vn/safari-prj5094,https://mogi.vn/ho-chi-minh/quan-2/mua-nha-dat/safari-prj5094
prj5095,Chương Dương Home,CÔNG TY CỔ PHẦN CHƯƠNG DƯƠNG,Quận Thủ Đức (TP. Thủ Đức),TPHCM,2018,,,,https://mogi.vn/chuong-duong-home-prj5095,
prj5097,The Venica,Công ty Cổ Phần Đầu Tư và Kinh Doanh Nhà Khang Điền,Quận 9 (TP. Thủ Đức),TPHCM,2015,,,Đang bán; Cho thuê,https://mogi.vn/the-venica-prj5097,https://mogi.vn/ho-chi-minh/quan-9/mua-nha-dat/the-venica-prj5097; https://mogi.vn/ho-chi-minh/quan-9/thue-nha-dat/the-venica-prj5097
prj5098,Docklands Saigon,,Quận 7,TPHCM,2016,,,Cho thuê,https://mogi.vn/docklands-saigon-prj5098,https://mogi.vn/ho-chi-minh/quan-7/thue-nha-dat/docklands-saigon-prj5098
prj5100,Căn hộ Sunriver,CÔNG TY CỔ PHẦN TẬP ĐOÀN TGT,Quận 7,TPHCM,2017,Từ 115 triệu,2 - 2 triệu/m2,Cho thuê,https://mogi.vn/can-ho-sunriver-prj5100,https://mogi.vn/ho-chi-minh/quan-7/thue-nha-dat/can-ho-sunriver-prj5100
prj5101,HaDo Centrosa Garden,Công ty Cổ phần Tập đoàn Hà Đô,Quận 10,TPHCM,,Từ 3 tỷ 792 triệu,80 - 112 triệu/m2,Đang bán; Cho thuê,https://mogi.vn/hado-centrosa-garden-prj5101,https://mogi.vn/ho-chi-minh/quan-10/mua-nha-dat/hado-centrosa-garden-prj5101; https://mogi.vn/ho-chi-minh/quan-10/thue-nha-dat/hado-centrosa-garden-prj5101
prj5102,Centana Thủ Thiêm,Công Ty Tnhh Xây Dựng & Kinh Doanh Nhà Điền Phúc Thành,Quận 2 (TP. Thủ Đức),TPHCM,2019,Từ 1 tỷ 760 triệu,40 - 43 triệu/m2,Đang bán,https://mogi.vn/centara-thu-thiem-prj5102,https://mogi.vn/ho-chi-minh/quan-2/mua-nha-dat/centara-thu-thiem-prj5102
prj5106,Khu đô thị Sala Thủ Thiêm,Công ty Cổ phần Đầu tư Địa ốc Đại Quang Minh,Quận 2 (TP. Thủ Đức),TPHCM,2018,Từ 900 triệu,15 - 40 triệu/m2,Cho thuê,https://mogi.vn/khu-do-thi-sala-thu-thiem-prj5106,https://mogi.vn/ho-chi-minh/quan-2/thue-nha-dat/khu-do-thi-sala-thu-thiem-prj5106
prj5107,The One Sai Gon,Công Ty CP ĐT Địa Ốc Bến Thành,Quận 1,TPHCM,,,,Đang bán,https://mogi.vn/the-one-sai-gon-prj5107,https://mogi.vn/ho-chi-minh/quan-1/mua-nha-dat/the-one-sai-gon-prj5107
prj5113,M-One Quận 7,CÔNG TY CỔ PHẦN ĐẦU TƯ THẢO ĐIỀN,Quận 7,TPHCM,2017,Từ 2 tỷ 184 triệu,39 - 43 triệu/m2,Đang bán,https://mogi.vn/m-one-nam-sai-gon-prj5113,https://mogi.vn/ho-chi-minh/quan-7/mua-nha-dat/m-one-nam-sai-gon-prj5113
prj5114,Centa Park Tân Bình,Công ty Xuất Nhập Khẩu Thủy sản Sài Gòn SEAPRODEX SÀI GÒN,Quận Tân Bình,TPHCM,2018,Từ 1 tỷ 7 triệu,19 - 22 triệu/m2,Đang bán,https://mogi.vn/centa-park-tan-binh-prj5114,https://mogi.vn/ho-chi-minh/quan-tan-binh/mua-nha-dat/centa-park-tan-binh-prj5114
prj5115,Nam Phát Riverside,Cty TNHH sản xuất kinh doanh Hai Thành,Quận 8,TPHCM,2015,,,,https://mogi.vn/nam-phat-riverside-prj5115,
prj5120,Jamona Apartment,TTC Land,Quận 7,TPHCM,2018,Từ 132 triệu,2 - 2 triệu/m2,Đang bán,https://mogi.vn/jamona-apartment-prj5120,https://mogi.vn/ho-chi-minh/quan-7/mua-nha-dat/jamona-apartment-prj5120
prj5121,Khu dân cư Gia Cát,Công ty Cổ phần Kiến Á,Quận 2 (TP. Thủ Đức),TPHCM,2016,,,Cho thuê,https://mogi.vn/khu-dan-cu-gia-cat-prj5121,https://mogi.vn/ho-chi-minh/quan-2/thue-nha-dat/khu-dan-cu-gia-cat-prj5121
prj5129,LAVIDA PLUS,Công ty Cổ Phần Quốc Cường Gia Lai,Quận 7,TPHCM,2019,Từ 1 tỷ 749 triệu,33 - 40 triệu/m2,Đang bán; Cho thuê,https://mogi.vn/lavida-plus-prj5129,https://mogi.vn/ho-chi-minh/quan-7/mua-nha-dat/lavida-plus-prj5129; https://mogi.vn/ho-chi-minh/quan-7/thue-nha-dat/lavida-plus-prj5129
prj5132,Rivergate Residence,Novaland Group,Quận 4,TPHCM,2017,Từ 3 tỷ 808 triệu,68 - 70 triệu/m2,Cho thuê,https://mogi.vn/river-gate-residence-prj5132,https://mogi.vn/ho-chi-minh/quan-4/thue-nha-dat/river-gate-residence-prj5132
prj5133,Saroma Villa,Công ty Cổ phần Đầu tư Địa ốc Đại Quang Minh,Quận 2 (TP. Thủ Đức),TPHCM,2017,,,Đang bán; Cho thuê,https://mogi.vn/saroma-villa-saroma-villa-prj5133,https://mogi.vn/ho-chi-minh/quan-2/mua-nha-dat/saroma-villa-saroma-villa-prj5133; https://mogi.vn/ho-chi-minh/quan-2/thue-nha-dat/saroma-villa-saroma-villa-prj5133
prj5135,Bella Vida,CÔNG TY CỔ PHẦN ĐẦU TƯ THỦ THIÊM,Quận 2 (TP. Thủ Đức),TPHCM,,,,,https://mogi.vn/bella-vida-prj5135,
prj5136,The Green View,Công ty TNHH MTV Xây dựng Thương mại Sài Gòn 5,Quận 8,TPHCM,2016,Từ 1 tỷ 450 triệu,19 triệu/m2,Đang bán,https://mogi.vn/the-green-view-prj5136,https://mogi.vn/ho-chi-minh/quan-8/mua-nha-dat/the-green-view-prj5136
prj5141,Rio Grande,công ty TNHH Xây dựng & Kinh doanh nhà Điền Phúc Thành,Quận 9 (TP. Thủ Đức),TPHCM,2016,Từ 891 triệu,16 - 25 triệu/m2,Đang bán,https://mogi.vn/rio-grande-prj5141,https://mogi.vn/ho-chi-minh/quan-9/mua-nha-dat/rio-grande-prj5141
prj5142,Landmark 81,Tập Đoàn Vingroup - Công ty CP,Quận Bình Thạnh,TPHCM,2018,Từ 6 tỷ 204 triệu,114 - 196 triệu/m2,Đang bán,https://mogi.vn/landmark-81-prj5142,https://mogi.vn/ho-chi-minh/quan-binh-thanh/mua-nha-dat/landmark-81-prj5142
prj5143,An Hạ Riverside,Công ty CP Đầu tư và Xây dựng Tân Đô,Huyện Bình Chánh,TPHCM,2012,Từ 378 triệu,3 - 6 triệu/m2,Đang bán,https://mogi.vn/an-ha-riverside-prj5143,https://mogi.vn/ho-chi-minh/huyen-binh-chanh/mua-nha-dat/an-ha-riverside-prj5143
prj5145,Căn hộ Hoàng Quốc Việt,CÔNG TY CỔ PHẦN VẠN PHÁT HƯNG,Quận 7,TPHCM,2017,Từ,21 - 23 triệu/m2,Đang bán,https://mogi.vn/can-ho-hoang-quoc-viet-prj5145,https://mogi.vn/ho-chi-minh/quan-7/mua-nha-dat/can-ho-hoang-quoc-viet-prj5145
prj5146,Vinhome Golden River,Tập Đoàn Vingroup - Công ty CP,Quận 1,TPHCM,2018,Từ 1 tỷ 150 triệu,23 - 38 triệu/m2,Cho thuê,https://mogi.vn/vinhome-golden-river-prj5146,https://mogi.vn/ho-chi-minh/quan-1/thue-nha-dat/vinhome-golden-river-prj5146
prj5147,D1 Mension,Tập đoàn CapitaLand,Quận 1,TPHCM,2018,,,Đang bán,https://mogi.vn/d1-mension-prj5147,https://mogi.vn/ho-chi-minh/quan-1/mua-nha-dat/d1-mension-prj5147
prj5148,Horizon Tower,Tổng Công ty Vật liệu xây dựng số 1 - TNHH Một thành viên,Quận 1,TPHCM,2011,Từ 4 tỷ 736 triệu,59 - 71 triệu/m2,Cho thuê,https://mogi.vn/horizon-tower-prj5148,https://mogi.vn/ho-chi-minh/quan-1/thue-nha-dat/horizon-tower-prj5148
prj5154,Cống Quỳnh Plaza,TTC Land,Quận 1,TPHCM,,,,,https://mogi.vn/cong-quynh-plaza-prj5154,
prj5155,Parkland Apartments,Công ty CB Richard Ellis Việt Nam,Quận 2 (TP. Thủ Đức),TPHCM,,,,,https://mogi.vn/parkland-apartments-prj5155,
prj5157,Grand Central,Công ty CP Thương mại & Đầu Tư Hồng Hà,Quận 3,TPHCM,2020,,,Đang bán,https://mogi.vn/grand-central-prj5157,https://mogi.vn/ho-chi-minh/quan-3/mua-nha-dat/grand-central-prj5157
prj5158,C.T Plaza Minh Châu,C.T Group,Quận 3,TPHCM,,Từ 2 tỷ 226 triệu,53 - 62 triệu/m2,,https://mogi.vn/c-t-plaza-minh-chau-prj5158,
prj5162,Cao ốc Sông Đà Tower,công ty CP đầu tư - Phát triển Sông Đà,Quận 3,TPHCM,2009,,,Đang bán; Cho thuê,https://mogi.vn/cao-oc-song-da-tower-prj5162,https://mogi.vn/ho-chi-minh/quan-3/mua-nha-dat/cao-oc-song-da-tower-prj5162; https://mogi.vn/ho-chi-minh/quan-3/thue-nha-dat/cao-oc-song-da-tower-prj5162
prj5164,Tản Đà Court,CTCP Đầu Tư & Dịch Vụ TP.HCM (INVESCO),Quận 5,TPHCM,2008,Từ 2 tỷ 88 triệu,29 - 39 triệu/m2,Đang bán; Cho thuê,https://mogi.vn/tan-da-court-prj5164,https://mogi.vn/ho-chi-minh/quan-5/mua-nha-dat/tan-da-court-prj5164; https://mogi.vn/ho-chi-minh/quan-5/thue-nha-dat/tan-da-court-prj5164
prj5166,Chung cư Tân Thịnh Lợi,Công Ty Cổ Phần Bất Động Sản Điện Lực Sài Gòn Vina,Quận 6,TPHCM,2009,Từ 812 triệu,14 - 19 triệu/m2,Đang bán,https://mogi.vn/chung-cu-tan-thinh-loi-prj5166,https://mogi.vn/ho-chi-minh/quan-6/mua-nha-dat/chung-cu-tan-thinh-loi-prj5166
prj5167,Him Lam Chợ Lớn,CÔNG TY CỔ PHẦN HIM LAM,Quận 6,TPHCM,2018,Từ 2 tỷ 425 triệu,24 triệu/m2,Đang bán,https://mogi.vn/him-lam-cho-lon-prj5167,https://mogi.vn/ho-chi-minh/quan-6/mua-nha-dat/him-lam-cho-lon-prj5167
prj5169,OPC EximLand Building,Công Ty CP BĐS Exim,Quận 6,TPHCM,2013,,,,https://mogi.vn/opc-eximland-building-prj5169,
prj5170,Khu căn hộ Bình Phú,Công Ty Cổ Phần An Phú,Quận 6,TPHCM,2016,,,Đang bán,https://mogi.vn/khu-can-ho-binh-phu-prj5170,https://mogi.vn/ho-chi-minh/quan-6/mua-nha-dat/khu-can-ho-binh-phu-prj5170
prj5171,The Western Capital,Công ty TNHH Quản lý BĐS Hoàng Phúc,Quận 6,TPHCM,2021,Từ 1 tỷ 470 triệu,30 - 36 triệu/m2,Đang bán,https://mogi.vn/the-western-capital-prj5171,https://mogi.vn/ho-chi-minh/quan-6/mua-nha-dat/the-western-capital-prj5171
prj5173,Scenic Valley - Phú Mỹ Hưng,Công ty TNHH Phát Triển Phú Mỹ Hưng,Quận 7,TPHCM,2017,Từ 1 tỷ 950 triệu,30 - 38 triệu/m2,Cho thuê,https://mogi.vn/scenic-valley-phu-my-hung-prj5173,https://mogi.vn/ho-chi-minh/quan-7/thue-nha-dat/scenic-valley-phu-my-hung-prj5173
prj5174,Ngọc Lan Apartment,Công Ty Cổ Phần Bất Động Sản Điện Lực Sài Gòn Vina,Quận 7,TPHCM,2011,,,Đang bán; Cho thuê,https://mogi.vn/ngoc-lan-apartment-prj5174,https://mogi.vn/ho-chi-minh/quan-7/mua-nha-dat/ngoc-lan-apartment-prj5174; https://mogi.vn/ho-chi-minh/quan-7/thue-nha-dat/ngoc-lan-apartment-prj5174
prj5175,Phú Mỹ Apartment,CÔNG TY CỔ PHẦN VẠN PHÁT HƯNG,Quận 7,TPHCM,2009,,,Cho thuê,https://mogi.vn/phu-my-apartment-prj5175,https://mogi.vn/ho-chi-minh/quan-7/thue-nha-dat/phu-my-apartment-prj5175
prj5176,Khu căn hộ Res III,Công ty Cổ Phần Xây dựng & Kinh doanh Địa ốc III,Quận 7,TPHCM,2012,Từ,23 - 24 triệu/m2,Đang bán,https://mogi.vn/khu-can-ho-res-iii-prj5176,https://mogi.vn/ho-chi-minh/quan-7/mua-nha-dat/khu-can-ho-res-iii-prj5176
prj5177,Garden Court I,Công Ty TNHH LD Phú Mỹ Hưng,Quận 7,TPHCM,2009,Từ 4 tỷ 120 triệu,40 - 44 triệu/m2,Cho thuê,https://mogi.vn/garden-court-i-prj5177,https://mogi.vn/ho-chi-minh/quan-7/thue-nha-dat/garden-court-i-prj5177
prj5178,Garden Court II,Công Ty TNHH Liên Doanh Phú Mỹ Hưng,Quận 7,TPHCM,2009,Từ 3 tỷ 724 triệu,38 - 41 triệu/m2,Cho thuê,https://mogi.vn/garden-court-ii-prj5178,https://mogi.vn/ho-chi-minh/quan-7/thue-nha-dat/garden-court-ii-prj5178
prj5179,Green View,Công Ty TNHH LD Phú Mỹ Hưng,Quận 7,TPHCM,2008,Từ 2 tỷ 937 triệu,28 - 35 triệu/m2,Cho thuê,https://mogi.vn/green-view-prj5179,https://mogi.vn/ho-chi-minh/quan-7/thue-nha-dat/green-view-prj5179
prj5180,Mỹ Phát Apartment,Công Ty TNHH LD Phú Mỹ Hưng,Quận 7,TPHCM,2008,Từ 3 tỷ 175 triệu,25 - 47 triệu/m2,Cho thuê,https://mogi.vn/my-phat-apartment-prj5180,https://mogi.vn/ho-chi-minh/quan-7/thue-nha-dat/my-phat-apartment-prj5180
prj5182,Mỹ Phú Riverpark,Công ty Cổ phần Đầu tư Hạ tầng và Đô thị Dầu khí,Quận 7,TPHCM,2011,Từ 5 tỷ 992 triệu,53 - 77 triệu/m2,Đang bán; Cho thuê,https://mogi.vn/my-phu-riverpark-prj5182,https://mogi.vn/ho-chi-minh/quan-7/mua-nha-dat/my-phu-riverpark-prj5182; https://mogi.vn/ho-chi-minh/quan-7/thue-nha-dat/my-phu-riverpark-prj5182
prj5183,Khu căn hộ Lê Văn Lương,CÔNG TY CỔ PHẦN HOÀNG ANH GIA LAI,Quận 7,TPHCM,,Từ 1 tỷ 360 triệu,16 - 18 triệu/m2,Cho thuê,https://mogi.vn/khu-can-ho-le-van-luong-prj5183,https://mogi.vn/ho-chi-minh/quan-7/thue-nha-dat/khu-can-ho-le-van-luong-prj5183
prj5185,Cao ốc BMC Hưng Long,Công ty vật liệu xây dựng và xây lắp thương mại (BMC),Quận 7,TPHCM,2011,,,,https://mogi.vn/cao-oc-bmc-hung-long-prj5185,
prj5188,Căn hộ Topaz Elite,Công ty CP TM – DV – XD – Kinh doanh nhà Vạn Thái,Quận 8,TPHCM,2019,Từ 1 tỷ 100 triệu,20 - 22 triệu/m2,Đang bán,https://mogi.vn/can-ho-topaz-elite-prj5188,https://mogi.vn/ho-chi-minh/quan-8/mua-nha-dat/can-ho-topaz-elite-prj5188
prj5189,The Pega Suite,Công ty Cổ Phần Đầu tư Phương Việt,Quận 8,TPHCM,2018,Từ 1 tỷ 242 triệu,23 - 26 triệu/m2,Cho thuê,https://mogi.vn/the-pega-suite-prj5189,https://mogi.vn/ho-chi-minh/quan-8/thue-nha-dat/the-pega-suite-prj5189
prj5191,Conic Riverside,Công ty TNHH Đầu tư và Phát triển Lĩnh Phong Conic,Quận 8,TPHCM,2020,Từ 1 tỷ 127 triệu,23 - 25 triệu/m2,Cho thuê,https://mogi.vn/conic-riverside-prj5191,https://mogi.vn/ho-chi-minh/quan-8/thue-nha-dat/conic-riverside-prj5191
prj5192,Chánh Hưng Giai Việt,CÔNG TY CỔ PHẦN HOÀNG ANH GIA LAI,Quận 8,TPHCM,2011,Từ 2 tỷ 415 triệu,21 triệu/m2,Đang bán,https://mogi.vn/chanh-hung-giai-viet-prj5192,https://mogi.vn/ho-chi-minh/quan-8/mua-nha-dat/chanh-hung-giai-viet-prj5192
prj5194,Sovrano Plaza,CÔNG TY CỔ PHẦN TƯ VẤN - THƯƠNG MẠI - DỊCH VỤ ĐỊA ỐC HOÀNG QUÂN,Quận 8,TPHCM,2016,,,,https://mogi.vn/sovrano-plaza-prj5194,
prj5197,Phú Lợi 1 Apartment,Cty TNHH sản xuất kinh doanh Hai Thành,Quận 8,TPHCM,,Từ 690 triệu,10 triệu/m2,Đang bán,https://mogi.vn/phu-loi-1-apartment-prj5197,https://mogi.vn/ho-chi-minh/quan-8/mua-nha-dat/phu-loi-1-apartment-prj5197
prj5200,Căn hộ The Avila,Công ty TNHH SX-TM-DV Thái Bảo,Quận 8,TPHCM,2018,Từ 740 triệu,14 triệu/m2,Đang bán,https://mogi.vn/can-ho-the-avila-prj5200,https://mogi.vn/ho-chi-minh/quan-8/mua-nha-dat/can-ho-the-avila-prj5200
prj5201,Khu phức hợp Centermark,Công ty CP Đầu tư Địa ốc Hưng Phú,Quận 9 (TP. Thủ Đức),TPHCM,2017,,,Đang bán,https://mogi.vn/khu-phuc-hop-centermark-prj5201,https://mogi.vn/ho-chi-minh/quan-9/mua-nha-dat/khu-phuc-hop-centermark-prj5201
prj5203,Thiên Nam Apartment,CÔNG TY CỔ PHẦN ĐẦU TƯ KINH DOANH ĐỊA ỐC HƯNG THỊNH,Quận 10,TPHCM,,Từ 2 tỷ 623 triệu,43 - 55 triệu/m2,,https://mogi.vn/thien-nam-apartment-prj5203,
prj5206,The Flemington,Công ty Cổ phần Bảo Gia,Quận 11,TPHCM,2011,,,Đang bán,https://mogi.vn/the-flemington-tower-prj5206,https://mogi.vn/ho-chi-minh/quan-11/mua-nha-dat/the-flemington-tower-prj5206
prj5210,Hà Đô Riverside,Công ty Cổ phần Tập đoàn Hà Đô,Quận 12,TPHCM,2018,,,Cho thuê,https://mogi.vn/ha-do-riverside-prj5210,https://mogi.vn/ho-chi-minh/quan-12/thue-nha-dat/ha-do-riverside-prj5210
prj5211,Nhà ở cán bộ Quân khu 7,Tổng công ty đầu tư phát triển Nhà và Đô thị Bộ Quốc Phòng,Quận 12,TPHCM,2016,Từ 796 triệu 500 nghìn,13 - 21 triệu/m2,Cho thuê,https://mogi.vn/nha-o-can-bo-quan-khu-7-prj5211,https://mogi.vn/ho-chi-minh/quan-12/thue-nha-dat/nha-o-can-bo-quan-khu-7-prj5211
prj5212,Khu dân cư An Sương,Công ty TNHH MTV Phát triển và Kinh doanh nhà,Quận 12,TPHCM,2001,Từ 1 tỷ 440 triệu,20 - 25 triệu/m2,Đang bán,https://mogi.vn/khu-dan-cu-an-suong-prj5212,https://mogi.vn/ho-chi-minh/quan-12/mua-nha-dat/khu-dan-cu-an-suong-prj5212
prj5213,Tecco Green Nest,Công ty cổ phần Tập đoàn Tecco,Quận 12,TPHCM,,Từ 1 tỷ 655 triệu,29 - 34 triệu/m2,Đang bán; Cho thuê,https://mogi.vn/tecco-green-nest-prj5213,https://mogi.vn/ho-chi-minh/quan-12/mua-nha-dat/tecco-green-nest-prj5213; https://mogi.vn/ho-chi-minh/quan-12/thue-nha-dat/tecco-green-nest-prj5213
prj5214,Chung cư First Home Thạnh Lộc,Công ty TNHH Địa Ốc Gia Phú,Quận 12,TPHCM,2016,,,Đang bán,https://mogi.vn/chung-cu-first-home-thanh-loc-prj5214,https://mogi.vn/ho-chi-minh/quan-12/mua-nha-dat/chung-cu-first-home-thanh-loc-prj5214
prj5215,Thái An Apartment,Công Ty TNHH Địa Ốc Đất Lành,Quận 12,TPHCM,2014,Từ 438 triệu,6 - 7 triệu/m2,Cho thuê,https://mogi.vn/thai-an-apartment-prj5215,https://mogi.vn/ho-chi-minh/quan-12/thue-nha-dat/thai-an-apartment-prj5215
prj5216,Võ Đình Apartment,Công Ty TNHH Xây Dựng Võ Đình,Quận 12,TPHCM,2014,Từ 830 triệu,16 triệu/m2,Cho thuê,https://mogi.vn/vo-dinh-apartment-prj5216,https://mogi.vn/ho-chi-minh/quan-12/thue-nha-dat/vo-dinh-apartment-prj5216
prj5217,Kim Tâm Hải Apartment,CÔNG TY CỔ PHẦN KIM TÂM HẢI,Quận 12,TPHCM,,Từ 1 tỷ 384 triệu,21 - 24 triệu/m2,Cho thuê,https://mogi.vn/kim-tam-hai-apartment-prj5217,https://mogi.vn/ho-chi-minh/quan-12/thue-nha-dat/kim-tam-hai-apartment-prj5217
prj5218,Chung cư Đông Hưng,Công ty TNHH MTV Phát triển và Kinh doanh nhà,Quận 12,TPHCM,2010,Từ 612 triệu,12 - 13 triệu/m2,Đang bán,https://mogi.vn/chung-cu-dong-hung-prj5218,https://mogi.vn/ho-chi-minh/quan-12/mua-nha-dat/chung-cu-dong-hung-prj5218
prj5219,Prosper Plaza,Công Ty TNHH Một Thành Viên Đầu Tư Phúc Phúc Yên,Quận 12,TPHCM,2019,Từ 980 triệu,20 - 22 triệu/m2,Đang bán; Cho thuê,https://mogi.vn/prosper-plaza-prj5219,https://mogi.vn/ho-chi-minh/quan-12/mua-nha-dat/prosper-plaza-prj5219; https://mogi.vn/ho-chi-minh/quan-12/thue-nha-dat/prosper-plaza-prj5219
prj5220,PN - Techcons Tower,CÔNG TY CỔ PHẦN THƯƠNG MẠI VÀ DỊCH VỤ TỔNG HỢP AN BÌNH,Quận Phú Nhuận,TPHCM,2011,Từ 2 tỷ 688 triệu,28 triệu/m2,Đang bán,https://mogi.vn/pn-techcons-tower-prj5220,https://mogi.vn/ho-chi-minh/quan-phu-nhuan/mua-nha-dat/pn-techcons-tower-prj5220
prj5221,Đất Phương Nam Tower,Công Ty TNHH XD và TM Đất Phương Nam,Quận Bình Thạnh,TPHCM,2007,Từ 2 tỷ 142 triệu,21 - 23 triệu/m2,Cho thuê,https://mogi.vn/dat-phuong-nam-tower-prj5221,https://mogi.vn/ho-chi-minh/quan-binh-thanh/thue-nha-dat/dat-phuong-nam-tower-prj5221
prj5228,Chung cư Phú Đạt,Công ty Cổ phần Đầu tư và Xây dựng Phú Đạt,Quận Bình Thạnh,TPHCM,2011,Từ 2 tỷ 610 triệu,45 - 51 triệu/m2,Cho thuê,https://mogi.vn/chung-cu-phu-dat-prj5228,https://mogi.vn/ho-chi-minh/quan-binh-thanh/thue-nha-dat/chung-cu-phu-dat-prj5228
prj5230,Green Field 686,Công Ty Cổ Phần Xây Lắp Thương Mại 2,Quận Bình Thạnh,TPHCM,2019,Từ 2 tỷ 128 triệu,38 - 45 triệu/m2,Đang bán,https://mogi.vn/green-field-686-prj5230,https://mogi.vn/ho-chi-minh/quan-binh-thanh/mua-nha-dat/green-field-686-prj5230
prj5231,Chung cư Mỹ Phước,Công Ty Cổ Phần Xây Dựng Số 5,Quận Bình Thạnh,TPHCM,2004,,,Cho thuê,https://mogi.vn/chung-cu-my-phuoc-prj5231,https://mogi.vn/ho-chi-minh/quan-binh-thanh/thue-nha-dat/chung-cu-my-phuoc-prj5231
prj5232,Cao ốc V\_Center,Công ty TNHH Việt Thuận Thành,Quận Bình Thạnh,TPHCM,2015,,,,https://mogi.vn/cao-oc-v-center-prj5232,
prj5233,First Home Premium - Bình Thạnh,Công ty CP tổ chức nhà quốc gia (N.H.O),Quận Bình Thạnh,TPHCM,2016,Từ,0 - 0 triệu/m2,Cho thuê,https://mogi.vn/first-home-premium-binh-thanh-prj5233,https://mogi.vn/ho-chi-minh/quan-binh-thanh/thue-nha-dat/first-home-premium-binh-thanh-prj5233
prj5239,Bàu Cát II,CÔNG TY TNHH ĐẦU TƯ BẤT ĐỘNG SẢN TÂN BÌNH,Quận Tân Bình,TPHCM,2008,Từ 640 triệu,20 - 21 triệu/m2,Đang bán; Cho thuê,https://mogi.vn/bau-cat-ii-prj5239,https://mogi.vn/ho-chi-minh/quan-tan-binh/mua-nha-dat/bau-cat-ii-prj5239; https://mogi.vn/ho-chi-minh/quan-tan-binh/thue-nha-dat/bau-cat-ii-prj5239
prj5240,Sài Gòn Intela,Công ty Cổ phần Bắc Phước Kiển,Huyện Bình Chánh,TPHCM,,Từ 1 tỷ 702 triệu,26 - 29 triệu/m2,Đang bán,https://mogi.vn/saigon-intela-prj5240,https://mogi.vn/ho-chi-minh/huyen-binh-chanh/mua-nha-dat/saigon-intela-prj5240
prj5241,Valeo Đầm Sen,CÔNG TY TNHH MỘT THÀNH VIÊN XÂY DỰNG VÀ KINH DOANH NHÀ PHÚ NHUẬN,Quận Tân Phú,TPHCM,2017,Từ 2 tỷ 625 triệu,35 - 40 triệu/m2,Đang bán; Cho thuê,https://mogi.vn/valeo-dam-sen-prj5241,https://mogi.vn/ho-chi-minh/quan-tan-phu/mua-nha-dat/valeo-dam-sen-prj5241; https://mogi.vn/ho-chi-minh/quan-tan-phu/thue-nha-dat/valeo-dam-sen-prj5241
prj5242,Phú Thạnh Apartment,CÔNG TY CỔ PHẦN XÂY DỰNG CÔNG TRÌNH 585,Quận Tân Phú,TPHCM,2011,Từ 720 triệu,16 - 18 triệu/m2,Đang bán; Cho thuê,https://mogi.vn/phu-thanh-apartment-prj5242,https://mogi.vn/ho-chi-minh/quan-tan-phu/mua-nha-dat/phu-thanh-apartment-prj5242; https://mogi.vn/ho-chi-minh/quan-tan-phu/thue-nha-dat/phu-thanh-apartment-prj5242
prj5243,Quang Thái Tower,CÔNG TY TNHH ĐẦU TƯ - XÂY DỰNG - THƯƠNG MẠI - ĐỊA ỐC QUANG THÁI,Quận Tân Phú,TPHCM,2012,,,Đang bán,https://mogi.vn/quang-thai-tower-prj5243,https://mogi.vn/ho-chi-minh/quan-tan-phu/mua-nha-dat/quang-thai-tower-prj5243
prj5249,Căn hộ Khuông Việt,Công ty Cổ phần Địa ốc Tân Bình (Tan Binh Res),Quận Tân Phú,TPHCM,2017,Từ 1 tỷ 150 triệu,25 - 30 triệu/m2,Đang bán; Cho thuê,https://mogi.vn/can-ho-khuong-viet-prj5249,https://mogi.vn/ho-chi-minh/quan-tan-phu/mua-nha-dat/can-ho-khuong-viet-prj5249; https://mogi.vn/ho-chi-minh/quan-tan-phu/thue-nha-dat/can-ho-khuong-viet-prj5249
prj5250,Nhà liền kề Z751B,Công ty Cổ phần Tập đoàn Hà Đô,Quận Gò Vấp,TPHCM,2009,,,,https://mogi.vn/nha-lien-ke-z751b-prj5250,
prj5253,Green Park Residences,Tập đoàn Hà Đô,Quận Gò Vấp,TPHCM,2012,,,,https://mogi.vn/green-park-residences-prj5253,
prj5261,Dream Home 2,Công ty Cổ phần Đầu tư Căn Nhà Mơ ƯỚC,Quận Gò Vấp,TPHCM,2017,,,Cho thuê,https://mogi.vn/dream-home-2-prj5261,https://mogi.vn/ho-chi-minh/quan-go-vap/thue-nha-dat/dream-home-2-prj5261
prj5262,Hà Đô Green View (Hà Đô Nguyễn Văn Công),Công ty Cổ phần Tập đoàn Hà Đô,Quận Gò Vấp,TPHCM,2014,Từ 1 tỷ 217 triệu,17 triệu/m2,Cho thuê,https://mogi.vn/ha-do-green-view-ha-do-nguyen-van-cong-prj5262,https://mogi.vn/ho-chi-minh/quan-go-vap/thue-nha-dat/ha-do-green-view-ha-do-nguyen-van-cong-prj5262
prj5263,Lavita Charm,Tập đoàn Hưng Thịnh,Quận Thủ Đức (TP. Thủ Đức),TPHCM,2020,Từ 1 tỷ 896 triệu,38 - 45 triệu/m2,Đang bán,https://mogi.vn/lavita-charm-prj5263,https://mogi.vn/ho-chi-minh/quan-thu-duc/mua-nha-dat/lavita-charm-prj5263
prj5267,Gia Phú Hưng,Công ty TNHH Địa Ốc Gia Phú,Quận Thủ Đức (TP. Thủ Đức),TPHCM,2011,Từ 756 triệu,14 - 18 triệu/m2,,https://mogi.vn/gia-phu-hung-prj5267,
prj5273,Viethome,Công ty TNHH Tư vấn & Kinh doanh nhà Đạt Gia,Quận Thủ Đức (TP. Thủ Đức),TPHCM,2017,,,Đang bán,https://mogi.vn/viethome-prj5273,https://mogi.vn/ho-chi-minh/quan-thu-duc/mua-nha-dat/viethome-prj5273
prj5274,Căn hộ Vĩnh Tường,Công ty cổ phần Vĩnh Tường,Quận Bình Tân,TPHCM,2010,,,,https://mogi.vn/can-ho-vinh-tuong-prj5274,
prj5277,Green Town Bình Tân,Công Ty TNHH IDE Việt Nam,Quận Bình Tân,TPHCM,2018,Từ 784 triệu,16 - 18 triệu/m2,Đang bán,https://mogi.vn/green-town-binh-tan-prj5277,https://mogi.vn/ho-chi-minh/quan-binh-tan/mua-nha-dat/green-town-binh-tan-prj5277
prj5278,Green Hills Bình Tân,Công Ty TNHH IDE Việt Nam,Quận Bình Tân,TPHCM,2015,Từ 967 triệu 50 nghìn,15 triệu/m2,Đang bán,https://mogi.vn/green-hills-binh-tan-prj5278,https://mogi.vn/ho-chi-minh/quan-binh-tan/mua-nha-dat/green-hills-binh-tan-prj5278
prj5286,Cụm cao ốc Khu đô thị Tên Lửa,Cty TNHH sản xuất kinh doanh Hai Thành,Quận Bình Tân,TPHCM,2012,Từ 1 tỷ 323 triệu,13 triệu/m2,Đang bán,https://mogi.vn/cum-cao-oc-khu-do-thi-ten-lua-prj5286,https://mogi.vn/ho-chi-minh/quan-binh-tan/mua-nha-dat/cum-cao-oc-khu-do-thi-ten-lua-prj5286
prj5287,13C Aview,Công ty CP Đầu tư Xây dựng Tân Bình - Tan Binh ICC,Huyện Bình Chánh,TPHCM,,,,Cho thuê,https://mogi.vn/13c-aview-prj5287,https://mogi.vn/ho-chi-minh/huyen-binh-chanh/thue-nha-dat/13c-aview-prj5287
prj5288,Conic - Đông Nam Á,Công ty TNHH Đầu tư và Phát triển Lĩnh Phong Conic,Huyện Bình Chánh,TPHCM,2006,Từ 819 triệu,13 - 15 triệu/m2,Cho thuê,https://mogi.vn/conic-dong-nam-a-prj5288,https://mogi.vn/ho-chi-minh/huyen-binh-chanh/thue-nha-dat/conic-dong-nam-a-prj5288
prj5291,Skyland Residence,Công ty TNHH Đầu tư và Phát triển Lĩnh Phong Conic,Huyện Bình Chánh,TPHCM,,Từ 620 triệu 100 nghìn,11 triệu/m2,Đang bán; Cho thuê,https://mogi.vn/skyland-residence-prj5291,https://mogi.vn/ho-chi-minh/huyen-binh-chanh/mua-nha-dat/skyland-residence-prj5291; https://mogi.vn/ho-chi-minh/huyen-binh-chanh/thue-nha-dat/skyland-residence-prj5291
prj5292,Lavila Kiến Á - Nhà Bè,Công ty Cổ phần Kiến Á,Huyện Nhà Bè,TPHCM,2019,,,Cho thuê,https://mogi.vn/lavila-kien-a-nha-be-prj5292,https://mogi.vn/ho-chi-minh/huyen-nha-be/thue-nha-dat/lavila-kien-a-nha-be-prj5292
prj5294,Park Premier,CÔNG TY TNHH DỊCH VỤ THƯƠNG MẠI-SẢN XUẤT-XÂY DỰNG ĐÔNG MÊ KÔNG,Huyện Nhà Bè,TPHCM,2016,,,Đang bán,https://mogi.vn/park-premier-prj5294,https://mogi.vn/ho-chi-minh/huyen-nha-be/mua-nha-dat/park-premier-prj5294
prj5295,Anh Tuấn Aparment,CÔNG TY CỔ PHẦN ĐẦU TƯ ANH TUẤN,Huyện Nhà Bè,TPHCM,2013,Từ 671 triệu,11 - 14 triệu/m2,Cho thuê,https://mogi.vn/anh-tuan-aparment-prj5295,https://mogi.vn/ho-chi-minh/huyen-nha-be/thue-nha-dat/anh-tuan-aparment-prj5295
prj5296,Hoàng Anh Gold House,CÔNG TY CỔ PHẦN HOÀNG ANH GIA LAI,Huyện Nhà Bè,TPHCM,2014,Từ 2 tỷ 256 triệu,24 - 26 triệu/m2,Đang bán,https://mogi.vn/hoang-anh-golden-house-prj5296,https://mogi.vn/ho-chi-minh/huyen-nha-be/mua-nha-dat/hoang-anh-golden-house-prj5296
prj5298,Căn hộ Kenton Node,Công ty TNHH Xây Dựng - Sản Xuất - Thương Mại Tài Nguyên,Huyện Nhà Bè,TPHCM,2018,Từ 1 tỷ 950 triệu,39 - 46 triệu/m2,Đang bán,https://mogi.vn/can-ho-kenton-node-prj5298,https://mogi.vn/ho-chi-minh/huyen-nha-be/mua-nha-dat/can-ho-kenton-node-prj5298
prj5299,Khu đô thị mới Xuân Thới Sơn,Công ty Cổ phần Đầu tư Hạ tầng và Đô thị Dầu khí,Huyện Hóc Môn,TPHCM,2012,Từ 210 triệu,3 - 4 triệu/m2,Đang bán,https://mogi.vn/khu-do-thi-moi-xuan-thoi-son-prj5299,https://mogi.vn/ho-chi-minh/huyen-hoc-mon/mua-nha-dat/khu-do-thi-moi-xuan-thoi-son-prj5299
prj5301,Khu dân cư Phước Kiểng,Công ty cổ phần Phát triển Nam Sài Gòn,Huyện Nhà Bè,TPHCM,2018,Từ 180 triệu,1 - 26 triệu/m2,Đang bán,https://mogi.vn/khu-dan-cu-phuoc-kieng-prj5301,https://mogi.vn/ho-chi-minh/huyen-nha-be/mua-nha-dat/khu-dan-cu-phuoc-kieng-prj5301
prj5306,Khu dân cư Bình Hưng,Công ty CP Đầu tư Xây dựng Bình Chánh (BCCI),Huyện Bình Chánh,TPHCM,2000,Từ 1 tỷ 800 triệu,22 - 23 triệu/m2,Đang bán,https://mogi.vn/khu-dan-cu-binh-hung-prj5306,https://mogi.vn/ho-chi-minh/huyen-binh-chanh/mua-nha-dat/khu-dan-cu-binh-hung-prj5306
prj5307,Đại Phúc Town,CÔNG TY CỔ PHẦN XÂY DỰNG & KD NHÀ ĐẠI PHÚC,Huyện Bình Chánh,TPHCM,,,,Đang bán; Cho thuê,https://mogi.vn/dai-phuc-town-prj5307,https://mogi.vn/ho-chi-minh/huyen-binh-chanh/mua-nha-dat/dai-phuc-town-prj5307; https://mogi.vn/ho-chi-minh/huyen-binh-chanh/thue-nha-dat/dai-phuc-town-prj5307
prj5311,Newlife Bình Chánh,Công ty CP Tập đoàn Đầu tư và Thương mại Thăng Long,Huyện Bình Chánh,TPHCM,,Từ 390 triệu,7 triệu/m2,,https://mogi.vn/newlife-binh-chanh-prj5311,
prj5312,Saigon Home,CÔNG TY CP ĐẦU TƯ-XÂY DỰNG VÀ KINH DOANH NHÀ SÀI GÒN,Huyện Bình Chánh,TPHCM,2015,Từ 580 triệu,5 triệu/m2,Đang bán,https://mogi.vn/saigon-home-prj5312,https://mogi.vn/ho-chi-minh/huyen-binh-chanh/mua-nha-dat/saigon-home-prj5312
prj5314,The Elysium Tower,Công ty CP Tập đoàn Đức Long Gia Lai,Quận 7,TPHCM,2018,Từ 1 tỷ 100 triệu,22 - 25 triệu/m2,Cho thuê,https://mogi.vn/the-elysium-tower-prj5314,https://mogi.vn/ho-chi-minh/quan-7/thue-nha-dat/the-elysium-tower-prj5314
prj5317,Diamon Island,Kusto Home,Quận 2 (TP. Thủ Đức),TPHCM,2018,Từ 2 tỷ 596 triệu,47 - 54 triệu/m2,Đang bán,https://mogi.vn/diamon-island-prj5317,https://mogi.vn/ho-chi-minh/quan-2/mua-nha-dat/diamon-island-prj5317
prj5339,Tecco Town Bình Tân,Công ty cổ phần đầu tư xây dựng và ứng dụng công nghệ mới Tecco,Quận Bình Tân,TPHCM,2017,Từ 624 triệu,13 - 20 triệu/m2,Đang bán,https://mogi.vn/tecco-town-binh-tan-prj5339,https://mogi.vn/ho-chi-minh/quan-binh-tan/mua-nha-dat/tecco-town-binh-tan-prj5339
prj5342,One Verandah Quận 2,Công ty TNHH Quản Lý Tư Vấn Mapletree Việt Nam,Quận 2 (TP. Thủ Đức),TPHCM,2019,Từ 2 tỷ 250 triệu,45 - 55 triệu/m2,Đang bán; Cho thuê,https://mogi.vn/one-verandah-quan-2-prj5342,https://mogi.vn/ho-chi-minh/quan-2/mua-nha-dat/one-verandah-quan-2-prj5342; https://mogi.vn/ho-chi-minh/quan-2/thue-nha-dat/one-verandah-quan-2-prj5342
prj5344,Khu căn hộ Vĩnh Lộc,Công ty Cổ phần Sông Đà An Nhân,Huyện Bình Chánh,TPHCM,2018,Từ 462 triệu,13 triệu/m2,Đang bán,https://mogi.vn/khu-can-ho-vinh-loc-prj5344,https://mogi.vn/ho-chi-minh/huyen-binh-chanh/mua-nha-dat/khu-can-ho-vinh-loc-prj5344
prj5346,Heart Land Linh Đông,Công ty TNHH đầu tư phát triển bất động sản Nam Việt Homes,Quận Thủ Đức (TP. Thủ Đức),TPHCM,,Từ 3 tỷ 300 triệu,55 - 83 triệu/m2,Đang bán,https://mogi.vn/heart-land-linh-dong-prj5346,https://mogi.vn/ho-chi-minh/quan-thu-duc/mua-nha-dat/heart-land-linh-dong-prj5346
prj5351,New City Thủ Thiêm,Công ty TNHH Xây dựng - Thương mại Thuận Việt,Quận 2 (TP. Thủ Đức),TPHCM,2017,Từ 2 tỷ 537 triệu,59 - 60 triệu/m2,Đang bán; Cho thuê,https://mogi.vn/new-city-thu-thiem-prj5351,https://mogi.vn/ho-chi-minh/quan-2/mua-nha-dat/new-city-thu-thiem-prj5351; https://mogi.vn/ho-chi-minh/quan-2/thue-nha-dat/new-city-thu-thiem-prj5351
prj5357,Tara Residence,Công ty TNHH May Song Ngọc,Quận 8,TPHCM,2018,Từ 900 triệu,18 - 21 triệu/m2,Đang bán,https://mogi.vn/tara-residence-prj5357,https://mogi.vn/ho-chi-minh/quan-8/mua-nha-dat/tara-residence-prj5357
prj5358,Sunshine Avenue,CÔNG TY CỔ PHẦN DỊCH VỤ VÀ ĐẦU TƯ ĐẤT XANH ĐÔNG NAM BỘ,Quận 8,TPHCM,2019,Từ 1 tỷ 298 triệu,26 - 26 triệu/m2,Đang bán,https://mogi.vn/sunshine-avenue-prj5358,https://mogi.vn/ho-chi-minh/quan-8/mua-nha-dat/sunshine-avenue-prj5358
prj5359,Lovera Park,CÔNG TY CỔ PHẦN ĐẦU TƯ KINH DOANH BẤT ĐỘNG SẢN THUẬN PHÁT,Huyện Bình Chánh,TPHCM,,Từ 5 tỷ 400 triệu,72 - 104 triệu/m2,Đang bán,https://mogi.vn/lovera-park-prj5359,https://mogi.vn/ho-chi-minh/huyen-binh-chanh/mua-nha-dat/lovera-park-prj5359
prj5367,Đất Nam Riverside,Công ty CP Đầu tư và Xây dựng Địa Ốc Đất Nam,Huyện Bình Chánh,TPHCM,2018,Từ 385 triệu,7 - 12 triệu/m2,Đang bán,https://mogi.vn/dat-nam-riverside-prj5367,https://mogi.vn/ho-chi-minh/huyen-binh-chanh/mua-nha-dat/dat-nam-riverside-prj5367
prj5378,Căn hộ HausNeo,Công ty Cổ phần Đầu tư & Phát triển EZ Land Việt Nam,Quận 9 (TP. Thủ Đức),TPHCM,2019,Từ 1 tỷ 56 triệu,22 - 25 triệu/m2,Cho thuê,https://mogi.vn/can-ho-hausneo-prj5378,https://mogi.vn/ho-chi-minh/quan-9/thue-nha-dat/can-ho-hausneo-prj5378
prj5381,High Intela,Tập đoàn Đất Xanh,Quận 8,TPHCM,2022,Từ 1 tỷ 856 triệu,29 - 30 triệu/m2,Đang bán,https://mogi.vn/high-intela-prj5381,https://mogi.vn/ho-chi-minh/quan-8/mua-nha-dat/high-intela-prj5381
prj5383,Ascent Lakeside,CÔNG TY CỔ PHẦN ĐẦU TƯ ĐỊA ỐC TIẾN PHÁT,Quận 7,TPHCM,2021,Từ 2 tỷ 752 triệu,43 - 45 triệu/m2,Đang bán,https://mogi.vn/ascent-lakeside-prj5383,https://mogi.vn/ho-chi-minh/quan-7/mua-nha-dat/ascent-lakeside-prj5383
prj5385,Hiệp Thành Buildings,CÔNG TY TNHH THƯƠNG MẠI ĐÌNH KHIÊM,Quận 12,TPHCM,,Từ 1 tỷ 420 triệu,25 - 28 triệu/m2,Cho thuê,https://mogi.vn/hiep-thanh-buildings-prj5385,https://mogi.vn/ho-chi-minh/quan-12/thue-nha-dat/hiep-thanh-buildings-prj5385
prj5387,Biệt thự đảo Valora ( Valora Island ),Công Ty Cổ Phần Đầu Tư Nam Long,Huyện Bình Chánh,TPHCM,,,,,https://mogi.vn/biet-thu-dao-valora-valora-island-prj5387,
prj5388,Nhà phố Valora (Valora Mizuki),Công Ty Cổ Phần Đầu Tư Nam Long,Huyện Bình Chánh,TPHCM,,,,Đang bán,https://mogi.vn/nha-pho-valora-valora-mizuki-prj5388,https://mogi.vn/ho-chi-minh/huyen-binh-chanh/mua-nha-dat/nha-pho-valora-valora-mizuki-prj5388
prj5389,Flora Mizuki,Công Ty Cổ Phần Đầu Tư Nam Long,Huyện Bình Chánh,TPHCM,,,,Cho thuê,https://mogi.vn/flora-mizuki-prj5389,https://mogi.vn/ho-chi-minh/huyen-binh-chanh/thue-nha-dat/flora-mizuki-prj5389
prj5391,KDC Phú Mỹ - Vạn Phát Hưng,CÔNG TY CỔ PHẦN VẠN PHÁT HƯNG,Quận 7,TPHCM,,,,Cho thuê,https://mogi.vn/kdc-phu-my-van-phat-hung-prj5391,https://mogi.vn/ho-chi-minh/quan-7/thue-nha-dat/kdc-phu-my-van-phat-hung-prj5391
prj5397,Căn hộ Gem Riverside,Công ty CP DV XD & Địa Ốc Đất Xanh,Quận 2 (TP. Thủ Đức),TPHCM,2020,Từ 1 tỷ 715 triệu,35 - 38 triệu/m2,Đang bán,https://mogi.vn/can-ho-gem-riverside-prj5397,https://mogi.vn/ho-chi-minh/quan-2/mua-nha-dat/can-ho-gem-riverside-prj5397
prj5398,Q7 Saigon Riverside Complex,,Quận 7,TPHCM,2021,,,Đang bán; Cho thuê,https://mogi.vn/q7-saigon-riverside-complex-prj5398,https://mogi.vn/ho-chi-minh/quan-7/mua-nha-dat/q7-saigon-riverside-complex-prj5398; https://mogi.vn/ho-chi-minh/quan-7/thue-nha-dat/q7-saigon-riverside-complex-prj5398
prj5404,Green Star Sky Garden,Công ty CP đầu tư Hưng Lộc Phát,Quận 7,TPHCM,2023,Từ 2 tỷ 275 triệu,35 - 36 triệu/m2,Cho thuê,https://mogi.vn/green-star-sky-garden-prj5404,https://mogi.vn/ho-chi-minh/quan-7/thue-nha-dat/green-star-sky-garden-prj5404
prj5405,Pearl Plaza,CTCP Tập Đoàn SSG,Quận Bình Thạnh,TPHCM,2015,,,Cho thuê,https://mogi.vn/pearl-plaza-prj5405,https://mogi.vn/ho-chi-minh/quan-binh-thanh/thue-nha-dat/pearl-plaza-prj5405
prj5407,Trường Lưu Super Star,,Quận 9 (TP. Thủ Đức),TPHCM,,Từ 2 tỷ 320 triệu,29 - 34 triệu/m2,Đang bán,https://mogi.vn/truong-luu-super-star-prj5407,https://mogi.vn/ho-chi-minh/quan-9/mua-nha-dat/truong-luu-super-star-prj5407
prj5408,VIN OFFICE,,Quận Bình Thạnh,TPHCM,,,,,https://mogi.vn/vin-office-prj5408,
prj5412,Akari City,CÔNG TY CỔ PHẦN ĐẦU TƯ NAM LONG,Quận Bình Tân,TPHCM,2021,Từ 1 tỷ 728 triệu,32 - 35 triệu/m2,Đang bán; Cho thuê,https://mogi.vn/can-ho-akari-city-prj5412,https://mogi.vn/ho-chi-minh/quan-binh-tan/mua-nha-dat/can-ho-akari-city-prj5412; https://mogi.vn/ho-chi-minh/quan-binh-tan/thue-nha-dat/can-ho-akari-city-prj5412
prj5415,Saigon Avenue,,Quận Thủ Đức (TP. Thủ Đức),TPHCM,,,,Đang bán,https://mogi.vn/www-saigonavenue-com-vn-prj5415,https://mogi.vn/ho-chi-minh/quan-thu-duc/mua-nha-dat/www-saigonavenue-com-vn-prj5415
prj5416,The Residence 1,CÔNG TY CỔ PHẦN KIM TÂM HẢI,Huyện Củ Chi,TPHCM,,Từ 1 tỷ 190 triệu,14 triệu/m2,Đang bán,https://mogi.vn/the-residence-1-prj5416,https://mogi.vn/ho-chi-minh/huyen-cu-chi/mua-nha-dat/the-residence-1-prj5416
prj5419,Căn hộ TERRA MIA,CÔNG TY CỔ PHẦN ĐẦU TƯ ĐỊA ỐC KHANG NAM,Huyện Bình Chánh,TPHCM,,,,Đang bán,https://mogi.vn/can-ho-terra-mia-prj5419,https://mogi.vn/ho-chi-minh/huyen-binh-chanh/mua-nha-dat/can-ho-terra-mia-prj5419
prj5420,South Gate Tower,,Quận 7,TPHCM,2020,Từ 1 tỷ 917 triệu,35 triệu/m2,Đang bán,https://mogi.vn/southgate-tower-prj5420,https://mogi.vn/ho-chi-minh/quan-7/mua-nha-dat/southgate-tower-prj5420
prj5423,Vinhomes Grand Park,Tập Đoàn Vingroup - Công ty CP,Quận 9 (TP. Thủ Đức),TPHCM,,,,Đang bán; Cho thuê,https://mogi.vn/vincity-grand-park-prj5423,https://mogi.vn/ho-chi-minh/quan-9/mua-nha-dat/vincity-grand-park-prj5423; https://mogi.vn/ho-chi-minh/quan-9/thue-nha-dat/vincity-grand-park-prj5423
prj5431,Khu dân cư Nam Long,Công Ty Cổ Phần Đầu Tư Nam Long,Quận 12,TPHCM,2001,,,Đang bán,https://mogi.vn/khu-dan-cu-nam-long-prj5431,https://mogi.vn/ho-chi-minh/quan-12/mua-nha-dat/khu-dan-cu-nam-long-prj5431
prj5433,Tô Ký Tower,Công ty CP Đầu tư và Xây dựng Công trình 557,Quận 12,TPHCM,,,,Cho thuê,https://mogi.vn/to-ky-tower-prj5433,https://mogi.vn/ho-chi-minh/quan-12/thue-nha-dat/to-ky-tower-prj5433
prj5436,Anh Minh Tower,,Quận 1,TPHCM,2019,,,Đang bán,https://mogi.vn/anh-minh-tower-prj5436,https://mogi.vn/ho-chi-minh/quan-1/mua-nha-dat/anh-minh-tower-prj5436
prj5441,Dự án CitiAlto,Công ty Cổ phần Kiến Á,Quận 2 (TP. Thủ Đức),TPHCM,2021,,,Đang bán,https://mogi.vn/du-an-citialto-prj5441,https://mogi.vn/ho-chi-minh/quan-2/mua-nha-dat/du-an-citialto-prj5441
prj5453,Richlane Residences,Công ty cổ phần Phát triển Nam Sài Gòn,Quận 7,TPHCM,2018,Từ 2 tỷ 10 triệu,44 - 57 triệu/m2,Cho thuê,https://mogi.vn/richlane-residences-prj5453,https://mogi.vn/ho-chi-minh/quan-7/thue-nha-dat/richlane-residences-prj5453
prj5454,Kingsway Tower,Công ty TNHH Siêu Thành,Quận Bình Tân,TPHCM,2019,,,Đang bán,https://mogi.vn/kingsway-tower-prj5454,https://mogi.vn/ho-chi-minh/quan-binh-tan/mua-nha-dat/kingsway-tower-prj5454
prj5464,Saigon Asiana,Công ty TNHH Gotec Việt Nam,Quận 6,TPHCM,,Từ 1 tỷ 432 triệu,26 - 86 triệu/m2,Đang bán,https://mogi.vn/saigon-asiana-prj5464,https://mogi.vn/ho-chi-minh/quan-6/mua-nha-dat/saigon-asiana-prj5464
prj5467,The Victoria Village,Novaland Group,Quận 2 (TP. Thủ Đức),TPHCM,,Từ 2 tỷ 808 triệu,54 - 252 triệu/m2,Đang bán; Cho thuê,https://mogi.vn/the-victoria-village-prj5467,https://mogi.vn/ho-chi-minh/quan-2/mua-nha-dat/the-victoria-village-prj5467; https://mogi.vn/ho-chi-minh/quan-2/thue-nha-dat/the-victoria-village-prj5467
prj5470,Simcity Premier Homes,,Quận 9 (TP. Thủ Đức),TPHCM,,Từ 4 tỷ 989 triệu,62 - 74 triệu/m2,Cho thuê,https://mogi.vn/simcity-premier-homes-prj5470,https://mogi.vn/ho-chi-minh/quan-9/thue-nha-dat/simcity-premier-homes-prj5470
prj5474,PiCity High Park,Tập đoàn Pi Group,Quận 12,TPHCM,2022,Từ 1 tỷ 960 triệu,40 - 42 triệu/m2,Cho thuê,https://mogi.vn/picity-high-park-prj5474,https://mogi.vn/ho-chi-minh/quan-12/thue-nha-dat/picity-high-park-prj5474
prj5476,Cityland Park Hills,Công ty TNHH Đầu tư Địa ốc Thành Phố,Quận Gò Vấp,TPHCM,2019,Từ 1 tỷ 389 triệu,30 - 387 triệu/m2,Đang bán; Cho thuê,https://mogi.vn/cityland-park-hills-prj5476,https://mogi.vn/ho-chi-minh/quan-go-vap/mua-nha-dat/cityland-park-hills-prj5476; https://mogi.vn/ho-chi-minh/quan-go-vap/thue-nha-dat/cityland-park-hills-prj5476
prj5477,Q7 Boulevard,CÔNG TY CỔ PHẦN ĐẦU TƯ KINH DOANH ĐỊA ỐC HƯNG THỊNH,Quận 7,TPHCM,2022,Từ 2 tỷ,40 - 44 triệu/m2,Đang bán; Cho thuê,https://mogi.vn/q7-boulevard-prj5477,https://mogi.vn/ho-chi-minh/quan-7/mua-nha-dat/q7-boulevard-prj5477; https://mogi.vn/ho-chi-minh/quan-7/thue-nha-dat/q7-boulevard-prj5477
prj5488,Verosa Park Khang Điền,Công ty Cổ Phần Đầu Tư và Kinh Doanh nhà Khang Điền,Quận 9 (TP. Thủ Đức),TPHCM,,Từ 7 tỷ 500 triệu,100 - 200 triệu/m2,Cho thuê,https://mogi.vn/verosa-khang-dien-prj5488,https://mogi.vn/ho-chi-minh/quan-9/thue-nha-dat/verosa-khang-dien-prj5488
prj5503,Ascent Garden Homes,CÔNG TY CỔ PHẦN ĐẦU TƯ ĐỊA ỐC TIẾN PHÁT,Quận 7,TPHCM,2022,Từ 2 tỷ 440 triệu,40 - 45 triệu/m2,,https://mogi.vn/ascent-garden-homes-prj5503,
prj5504,Thăng Long Home Thủ Đức,Công ty Cổ Phần Địa Ốc Thăng Long,Quận Thủ Đức (TP. Thủ Đức),TPHCM,2018,Từ 7 tỷ 417 triệu,74 - 90 triệu/m2,Đang bán,https://mogi.vn/thang-long-home-thu-duc-prj5504,https://mogi.vn/ho-chi-minh/quan-thu-duc/mua-nha-dat/thang-long-home-thu-duc-prj5504
prj5518,Citi Grand,Công ty Cổ phần Kiến Á,Quận 2 (TP. Thủ Đức),TPHCM,2022,Từ 1 tỷ 840 triệu,40 - 44 triệu/m2,Đang bán,https://mogi.vn/citi-grand-prj5518,https://mogi.vn/ho-chi-minh/quan-2/mua-nha-dat/citi-grand-prj5518
prj5520,La Partenza,Khải Hoàn Land,Huyện Nhà Bè,TPHCM,2022,Từ 1 tỷ 170 triệu,26 - 30 triệu/m2,Đang bán,https://mogi.vn/la-partenza-prj5520,https://mogi.vn/ho-chi-minh/huyen-nha-be/mua-nha-dat/la-partenza-prj5520
prj5521,Homyland 3,Công Ty Cổ Phần Xây Dựng- Giao Thông - Thương Mại Bảo Sơn,Quận 2 (TP. Thủ Đức),TPHCM,2019,Từ 2 tỷ 925 triệu,39 - 44 triệu/m2,Cho thuê,https://mogi.vn/homyland-3-prj5521,https://mogi.vn/ho-chi-minh/quan-2/thue-nha-dat/homyland-3-prj5521
prj5522,The Botanica,Novaland Group,Quận Tân Bình,TPHCM,2017,Từ 2 tỷ 934 triệu,55 - 63 triệu/m2,Đang bán; Cho thuê,https://mogi.vn/the-botanica-prj5522,https://mogi.vn/ho-chi-minh/quan-tan-binh/mua-nha-dat/the-botanica-prj5522; https://mogi.vn/ho-chi-minh/quan-tan-binh/thue-nha-dat/the-botanica-prj5522
prj5529,Felisa Riverside,CÔNG TY CỔ PHẦN ĐỊA ỐC CHỢ LỚN,Quận 8,TPHCM,,Từ 1 tỷ 887 triệu,41 - 45 triệu/m2,Cho thuê,https://mogi.vn/felisa-riverside-prj5529,https://mogi.vn/ho-chi-minh/quan-8/thue-nha-dat/felisa-riverside-prj5529
prj5534,Precia Apartment,Công Ty Tnhh Xây Dựng & Kinh Doanh Nhà Điền Phúc Thành,Quận 2 (TP. Thủ Đức),TPHCM,2022,Từ 2 tỷ 352 triệu,49 - 52 triệu/m2,Đang bán; Cho thuê,https://mogi.vn/can-ho-precia-prj5534,https://mogi.vn/ho-chi-minh/quan-2/mua-nha-dat/can-ho-precia-prj5534; https://mogi.vn/ho-chi-minh/quan-2/thue-nha-dat/can-ho-precia-prj5534
prj5540,Lovera Vista,Công ty CP Đầu tư và Xây dựng Phúc Khang,Huyện Bình Chánh,TPHCM,2021,Từ 1 tỷ 530 triệu,30 - 32 triệu/m2,Cho thuê,https://mogi.vn/lovera-vista-prj5540,https://mogi.vn/ho-chi-minh/huyen-binh-chanh/thue-nha-dat/lovera-vista-prj5540
prj5551,Saigon West Broadway,,Quận Bình Tân,TPHCM,,,,Đang bán,https://mogi.vn/saigon-west-broadway-prj5551,https://mogi.vn/ho-chi-minh/quan-binh-tan/mua-nha-dat/saigon-west-broadway-prj5551
prj5556,Q-Mama House,,Huyện Nhà Bè,TPHCM,,,,,https://mogi.vn/q-mama-house-prj5556,
prj5563,Urban Hill,Công ty TNHH Phát Triển Phú Mỹ Hưng,Quận 7,TPHCM,2020,Từ 4 tỷ 200 triệu,60 - 61 triệu/m2,Đang bán; Cho thuê,https://mogi.vn/urban-hill-phu-my-hung-prj5563,https://mogi.vn/ho-chi-minh/quan-7/mua-nha-dat/urban-hill-phu-my-hung-prj5563; https://mogi.vn/ho-chi-minh/quan-7/thue-nha-dat/urban-hill-phu-my-hung-prj5563
prj5565,Celesta Rise,CÔNG TY TNHH KEPPEL LAND VIỆT NAM,Huyện Nhà Bè,TPHCM,2021,Từ 2 tỷ 500 triệu,50 - 55 triệu/m2,Đang bán; Cho thuê,https://mogi.vn/celesta-rise-prj5565,https://mogi.vn/ho-chi-minh/huyen-nha-be/mua-nha-dat/celesta-rise-prj5565; https://mogi.vn/ho-chi-minh/huyen-nha-be/thue-nha-dat/celesta-rise-prj5565
prj5566,Ricca,Công ty TNHH Xây Dựng - Thương Mại - Dịch vụ Tân Phú,Quận 9 (TP. Thủ Đức),TPHCM,2021,Từ 1 tỷ 350 triệu,30 - 32 triệu/m2,Cho thuê,https://mogi.vn/ricca-prj5566,https://mogi.vn/ho-chi-minh/quan-9/thue-nha-dat/ricca-prj5566
prj5567,Hưng Phúc Premier,Công ty TNHH Phát Triển Phú Mỹ Hưng,Quận 7,TPHCM,2020,Từ 3 tỷ 658 triệu,59 - 61 triệu/m2,Đang bán; Cho thuê,https://mogi.vn/hung-phuc-premier-prj5567,https://mogi.vn/ho-chi-minh/quan-7/mua-nha-dat/hung-phuc-premier-prj5567; https://mogi.vn/ho-chi-minh/quan-7/thue-nha-dat/hung-phuc-premier-prj5567
prj5574,The Antonia,Công ty TNHH Phát Triển Phú Mỹ Hưng,Quận 7,TPHCM,2022,Từ 4 tỷ 940 triệu,65 - 67 triệu/m2,Đang bán; Cho thuê,https://mogi.vn/the-antonia-prj5574,https://mogi.vn/ho-chi-minh/quan-7/mua-nha-dat/the-antonia-prj5574; https://mogi.vn/ho-chi-minh/quan-7/thue-nha-dat/the-antonia-prj5574
prj5580,Safira Khang Điền,Công ty Cổ Phần Đầu Tư và Kinh Doanh Nhà Khang Điền,Quận 9 (TP. Thủ Đức),TPHCM,2020,Từ 1 tỷ 750 triệu,35 - 38 triệu/m2,Đang bán,https://mogi.vn/safira-khang-dien-prj5580,https://mogi.vn/ho-chi-minh/quan-9/mua-nha-dat/safira-khang-dien-prj5580
prj5582,Riviera Point,CÔNG TY TNHH KEPPEL LAND VIỆT NAM,Quận 7,TPHCM,,Từ 2 tỷ 585 triệu,47 - 49 triệu/m2,Đang bán; Cho thuê,https://mogi.vn/riviera-point-prj5582,https://mogi.vn/ho-chi-minh/quan-7/mua-nha-dat/riviera-point-prj5582; https://mogi.vn/ho-chi-minh/quan-7/thue-nha-dat/riviera-point-prj5582
prj5583,One Verandah,Công ty TNHH Quản Lý Tư Vấn Mapletree Việt Nam,Quận 2 (TP. Thủ Đức),TPHCM,2020,Từ 3 tỷ 510 triệu,65 - 70 triệu/m2,Đang bán,https://mogi.vn/one-verandah-prj5583,https://mogi.vn/ho-chi-minh/quan-2/mua-nha-dat/one-verandah-prj5583
prj5584,Sunshine Diamond River,CÔNG TY CỔ PHẦN TẬP ĐOÀN SUNSHINE,Quận 7,TPHCM,2021,Từ 2 tỷ 784 triệu,58 - 62 triệu/m2,Đang bán,https://mogi.vn/sunshine-diamond-river-prj5584,https://mogi.vn/ho-chi-minh/quan-7/mua-nha-dat/sunshine-diamond-river-prj5584
prj5585,The Gold View,CÔNG TY CỔ PHẦN MAY DIÊM SÀI GÒN,Quận 4,TPHCM,2017,Từ 2 tỷ 850 triệu,57 - 68 triệu/m2,Đang bán; Cho thuê,https://mogi.vn/the-gold-view-prj5585,https://mogi.vn/ho-chi-minh/quan-4/mua-nha-dat/the-gold-view-prj5585; https://mogi.vn/ho-chi-minh/quan-4/thue-nha-dat/the-gold-view-prj5585
prj5586,Palm Garden,CÔNG TY TNHH KEPPEL LAND VIỆT NAM,Quận 2 (TP. Thủ Đức),TPHCM,2024,Từ 2 tỷ 530 triệu,55 - 58 triệu/m2,Đang bán,https://mogi.vn/palm-garden-prj5586,https://mogi.vn/ho-chi-minh/quan-2/mua-nha-dat/palm-garden-prj5586
prj5587,Masteri Centre Point,Masterise Homes,Quận 9 (TP. Thủ Đức),TPHCM,2022,Từ 2 tỷ 805 triệu,55 - 60 triệu/m2,Cho thuê,https://mogi.vn/masteri-centre-point-prj5587,https://mogi.vn/ho-chi-minh/quan-9/thue-nha-dat/masteri-centre-point-prj5587
prj5588,Him Lam Phú An,CÔNG TY CỔ PHẦN HIM LAM,Quận 9 (TP. Thủ Đức),TPHCM,2018,Từ 2 tỷ 176 triệu,32 - 35 triệu/m2,Đang bán,https://mogi.vn/him-lam-phu-an-prj5588,https://mogi.vn/ho-chi-minh/quan-9/mua-nha-dat/him-lam-phu-an-prj5588
prj5590,Masteri Thảo Điền,CÔNG TY CỔ PHẦN ĐẦU TƯ THẢO ĐIỀN,Quận 2 (TP. Thủ Đức),TPHCM,2017,Từ 2 tỷ 475 triệu,55 - 60 triệu/m2,Đang bán; Cho thuê,https://mogi.vn/masteri-thao-dien-prj5590,https://mogi.vn/ho-chi-minh/quan-2/mua-nha-dat/masteri-thao-dien-prj5590; https://mogi.vn/ho-chi-minh/quan-2/thue-nha-dat/masteri-thao-dien-prj5590
prj5591,Sunshine City Sài Gòn,CÔNG TY CỔ PHẦN TẬP ĐOÀN SUNSHINE,Quận 7,TPHCM,2020,Từ 4 tỷ 140 triệu,60 - 65 triệu/m2,Đang bán,https://mogi.vn/sunshine-city-sai-gon-prj5591,https://mogi.vn/ho-chi-minh/quan-7/mua-nha-dat/sunshine-city-sai-gon-prj5591
prj5593,EcoGreen Sài Gòn,Công ty CP Đầu tư và Xây dựng Xuân Mai,Quận 7,TPHCM,2021,Từ 3 tỷ 10 triệu,57 - 102 triệu/m2,Đang bán,https://mogi.vn/eco-green-sai-gon-prj5593,https://mogi.vn/ho-chi-minh/quan-7/mua-nha-dat/eco-green-sai-gon-prj5593
prj5594,Flora Novia,CÔNG TY CỔ PHẦN ĐẦU TƯ NAM LONG,Quận Thủ Đức (TP. Thủ Đức),TPHCM,2019,Từ 2 tỷ 128 triệu,38 - 40 triệu/m2,Đang bán,https://mogi.vn/flora-novia-prj5594,https://mogi.vn/ho-chi-minh/quan-thu-duc/mua-nha-dat/flora-novia-prj5594
prj5596,Feliz En Vista,Tập đoàn CapitaLand,Quận 2 (TP. Thủ Đức),TPHCM,2020,Từ 3 tỷ 770 triệu,65 - 68 triệu/m2,Cho thuê,https://mogi.vn/feliz-en-vista-prj5596,https://mogi.vn/ho-chi-minh/quan-2/thue-nha-dat/feliz-en-vista-prj5596
prj5598,Mizuki Park,CÔNG TY CỔ PHẦN ĐẦU TƯ NAM LONG,Huyện Bình Chánh,TPHCM,2019,Từ 2 tỷ 16 triệu,36 - 38 triệu/m2,Đang bán,https://mogi.vn/mizuki-park-prj5598,https://mogi.vn/ho-chi-minh/huyen-binh-chanh/mua-nha-dat/mizuki-park-prj5598
prj5599,Eco Green Sài Gòn,Công ty CP Đầu tư và Xây dựng Xuân Mai,Quận 7,TPHCM,2021,Từ 2 tỷ 808 triệu,54 - 58 triệu/m2,Đang bán,https://mogi.vn/ecogreen-sai-gon-prj5599,https://mogi.vn/ho-chi-minh/quan-7/mua-nha-dat/ecogreen-sai-gon-prj5599
prj5603,D'lusso Emerald,Công Ty Tnhh Xây Dựng & Kinh Doanh Nhà Điền Phúc Thành,Quận 2 (TP. Thủ Đức),TPHCM,2022,Từ 2 tỷ 385 triệu,53 - 57 triệu/m2,Cho thuê,https://mogi.vn/d-lusso-emerald-prj5603,https://mogi.vn/ho-chi-minh/quan-2/thue-nha-dat/d-lusso-emerald-prj5603
prj5604,Imperial Place,Công ty Cổ phần Tổ chức Nhà Quốc Gia,Quận Bình Tân,TPHCM,2020,Từ 1 tỷ 440 triệu,30 - 32 triệu/m2,Đang bán,https://mogi.vn/imperial-place-prj5604,https://mogi.vn/ho-chi-minh/quan-binh-tan/mua-nha-dat/imperial-place-prj5604
prj5605,Kingdom 101,Công Ty Cổ Phần Phát Triển Đô Thị Đông Dương,Quận 10,TPHCM,2019,Từ 3 tỷ 264 triệu,68 - 80 triệu/m2,Đang bán; Cho thuê,https://mogi.vn/kingdom-101-prj5605,https://mogi.vn/ho-chi-minh/quan-10/mua-nha-dat/kingdom-101-prj5605; https://mogi.vn/ho-chi-minh/quan-10/thue-nha-dat/kingdom-101-prj5605
prj5606,Sunwah Pearl,Tập đoàn Sunwah Group,Quận Bình Thạnh,TPHCM,2020,Từ 4 tỷ 80 triệu,80 - 83 triệu/m2,Đang bán,https://mogi.vn/sunwah-pearl-prj5606,https://mogi.vn/ho-chi-minh/quan-binh-thanh/mua-nha-dat/sunwah-pearl-prj5606
prj5608,The Park Residence,Công ty CP Phú Hoàng Anh,Huyện Nhà Bè,TPHCM,2017,Từ 1 tỷ 196 triệu,23 - 28 triệu/m2,Đang bán; Cho thuê,https://mogi.vn/the-park-residence-prj5608,https://mogi.vn/ho-chi-minh/huyen-nha-be/mua-nha-dat/the-park-residence-prj5608; https://mogi.vn/ho-chi-minh/huyen-nha-be/thue-nha-dat/the-park-residence-prj5608
prj5609,Saigon South Residences,Công ty TNHH Phát Triển Phú Mỹ Hưng,Huyện Nhà Bè,TPHCM,2019,Từ 2 tỷ 730 triệu,42 - 46 triệu/m2,Đang bán,https://mogi.vn/saigon-south-residence-prj5609,https://mogi.vn/ho-chi-minh/huyen-nha-be/mua-nha-dat/saigon-south-residence-prj5609
prj5610,The Marq,Hongkong Land,Quận 1,TPHCM,2022,Từ 7 tỷ 425 triệu,165 - 190 triệu/m2,Đang bán; Cho thuê,https://mogi.vn/the-marq-prj5610,https://mogi.vn/ho-chi-minh/quan-1/mua-nha-dat/the-marq-prj5610; https://mogi.vn/ho-chi-minh/quan-1/thue-nha-dat/the-marq-prj5610
prj5611,The River Thủ Thiêm,Công ty Cổ phần Bất động sản Refico,Quận 2 (TP. Thủ Đức),TPHCM,2021,Từ 6 tỷ 750 triệu,125 - 135 triệu/m2,Cho thuê,https://mogi.vn/the-river-thu-thiem-prj5611,https://mogi.vn/ho-chi-minh/quan-2/thue-nha-dat/the-river-thu-thiem-prj5611
prj5613,D - Homme,DHA Corporation,Quận 6,TPHCM,2023,Từ 3 tỷ 60 triệu,60 - 63 triệu/m2,Đang bán; Cho thuê,https://mogi.vn/d-homme-prj5613,https://mogi.vn/ho-chi-minh/quan-6/mua-nha-dat/d-homme-prj5613; https://mogi.vn/ho-chi-minh/quan-6/thue-nha-dat/d-homme-prj5613
prj5614,Westgate,An Gia Investment,Huyện Bình Chánh,TPHCM,2023,Từ 2 tỷ 124 triệu,36 - 39 triệu/m2,Đang bán,https://mogi.vn/westgate-prj5614,https://mogi.vn/ho-chi-minh/huyen-binh-chanh/mua-nha-dat/westgate-prj5614
prj5616,Metro Star,CT Group,Quận 9 (TP. Thủ Đức),TPHCM,2021,Từ 2 tỷ 240 triệu,40 - 43 triệu/m2,Đang bán,https://mogi.vn/metro-star-prj5616,https://mogi.vn/ho-chi-minh/quan-9/mua-nha-dat/metro-star-prj5616
prj5617,Fresca Riverside,Công Ty Cổ Phần Bất Động Sản Seaholdings,Quận Thủ Đức (TP. Thủ Đức),TPHCM,2020,Từ 1 tỷ 440 triệu,30 - 33 triệu/m2,Đang bán,https://mogi.vn/fresca-riverside-prj5617,https://mogi.vn/ho-chi-minh/quan-thu-duc/mua-nha-dat/fresca-riverside-prj5617
prj5618,Sunshine Horizon,CÔNG TY CỔ PHẦN TẬP ĐOÀN SUNSHINE,Quận 4,TPHCM,2022,Từ 3 tỷ 960 triệu,88 - 90 triệu/m2,Cho thuê,https://mogi.vn/sunshine-horizon-prj5618,https://mogi.vn/ho-chi-minh/quan-4/thue-nha-dat/sunshine-horizon-prj5618
prj5619,King Crown Infinity,Cty TNHH Đầu tư Thương mại Dịch vụ Gia Khang,Quận Thủ Đức (TP. Thủ Đức),TPHCM,2023,Từ 4 tỷ 60 triệu,70 - 75 triệu/m2,Đang bán,https://mogi.vn/king-crown-infinity-prj5619,https://mogi.vn/ho-chi-minh/quan-thu-duc/mua-nha-dat/king-crown-infinity-prj5619
prj5620,St Moritz Thủ Đức,Tập đoàn Đất Xanh,Quận Thủ Đức (TP. Thủ Đức),TPHCM,2021,Từ 3 tỷ 850 triệu,55 - 60 triệu/m2,Cho thuê,https://mogi.vn/st-moritz-thu-duc-prj5620,https://mogi.vn/ho-chi-minh/quan-thu-duc/thue-nha-dat/st-moritz-thu-duc-prj5620
prj5622,Sunshine Continental,CÔNG TY CỔ PHẦN TẬP ĐOÀN SUNSHINE,Quận 10,TPHCM,2023,Từ 4 tỷ 300 triệu,86 - 90 triệu/m2,Đang bán,https://mogi.vn/sunshine-continental-prj5622,https://mogi.vn/ho-chi-minh/quan-10/mua-nha-dat/sunshine-continental-prj5622
prj5623,Masteri Lumiere Riverside,Masterise Homes,Quận 2 (TP. Thủ Đức),TPHCM,2023,Từ 4 tỷ 410 triệu,90 - 115 triệu/m2,Đang bán; Cho thuê,https://mogi.vn/masteri-lumiere-riverside-prj5623,https://mogi.vn/ho-chi-minh/quan-2/mua-nha-dat/masteri-lumiere-riverside-prj5623; https://mogi.vn/ho-chi-minh/quan-2/thue-nha-dat/masteri-lumiere-riverside-prj5623
prj5624,Q2 Thảo Điền,Fraser Property Viet Nam,Quận 2 (TP. Thủ Đức),TPHCM,2021,Từ 3 tỷ 500 triệu,70 - 80 triệu/m2,Cho thuê,https://mogi.vn/q2-thao-dien-prj5624,https://mogi.vn/ho-chi-minh/quan-2/thue-nha-dat/q2-thao-dien-prj5624
prj5625,De La Sol,Tập đoàn CapitaLand,Quận 4,TPHCM,2021,Từ 3 tỷ 300 triệu,60 - 65 triệu/m2,Đang bán,https://mogi.vn/de-la-sol-prj5625,https://mogi.vn/ho-chi-minh/quan-4/mua-nha-dat/de-la-sol-prj5625
prj5627,Chung cư Sky 89,Công ty CP Đầu tư và Phát triển Bất động sản An Gia,Quận 7,TPHCM,2021,Từ 2 tỷ 200 triệu,40 - 42 triệu/m2,Đang bán,https://mogi.vn/sky-89-prj5627,https://mogi.vn/ho-chi-minh/quan-7/mua-nha-dat/sky-89-prj5627
prj5628,Sài Gòn Gateway,Công ty Cổ phần Bất động sản Hiệp Phú Land,Quận 9 (TP. Thủ Đức),TPHCM,2019,Từ 1 tỷ 484 triệu,28 - 29 triệu/m2,Cho thuê,https://mogi.vn/sai-gon-gateway-prj5628,https://mogi.vn/ho-chi-minh/quan-9/thue-nha-dat/sai-gon-gateway-prj5628
prj5629,Carillon 7,TTC Land,Quận Tân Phú,TPHCM,2021,Từ 1 tỷ 530 triệu,34 - 39 triệu/m2,Đang bán; Cho thuê,https://mogi.vn/carillon-7-prj5629,https://mogi.vn/ho-chi-minh/quan-tan-phu/mua-nha-dat/carillon-7-prj5629; https://mogi.vn/ho-chi-minh/quan-tan-phu/thue-nha-dat/carillon-7-prj5629
prj5633,Diamond Brilliant,CÔNG TY CỔ PHẦN GAMUDA LAND VIỆT NAM,Quận Tân Phú,TPHCM,2022,Từ 4 tỷ 500 triệu,50 - 55 triệu/m2,Cho thuê,https://mogi.vn/diamond-brilliant-prj5633,https://mogi.vn/ho-chi-minh/quan-tan-phu/thue-nha-dat/diamond-brilliant-prj5633
prj5634,Prosper Phố Đông,Công ty TNHH Đầu tư Xây dựng Thương mại Dịch vụ Minh Hưng,Quận Thủ Đức (TP. Thủ Đức),TPHCM,2022,Từ 1 tỷ 484 triệu,28 - 43 triệu/m2,Đang bán,https://mogi.vn/prosper-pho-dong-prj5634,https://mogi.vn/ho-chi-minh/quan-thu-duc/mua-nha-dat/prosper-pho-dong-prj5634
prj5635,LDG River,CÔNG TY CỔ PHẦN ĐẦU TƯ LDG,Quận Thủ Đức (TP. Thủ Đức),TPHCM,2023,Từ 2 tỷ 880 triệu,45 - 50 triệu/m2,Đang bán,https://mogi.vn/ldg-river-prj5635,https://mogi.vn/ho-chi-minh/quan-thu-duc/mua-nha-dat/ldg-river-prj5635
prj5636,Lux City,Tập đoàn Đất Xanh,Quận 7,TPHCM,2017,Từ 2 tỷ 210 triệu,34 - 37 triệu/m2,Đang bán,https://mogi.vn/lux-city-prj5636,https://mogi.vn/ho-chi-minh/quan-7/mua-nha-dat/lux-city-prj5636
prj5637,Grand Marina,Masterise Homes,Quận 1,TPHCM,2023,Từ 16 tỷ,320 - 360 triệu/m2,Đang bán,https://mogi.vn/grand-marina-prj5637,https://mogi.vn/ho-chi-minh/quan-1/mua-nha-dat/grand-marina-prj5637
prj5639,Sarica,Công ty Cổ phần Đầu tư Địa ốc Đại Quang Minh,Quận 2 (TP. Thủ Đức),TPHCM,2017,Từ 10 tỷ 100 triệu,100 - 115 triệu/m2,Đang bán,https://mogi.vn/sarica-prj5639,https://mogi.vn/ho-chi-minh/quan-2/mua-nha-dat/sarica-prj5639
prj5640,Mozac Thảo Điền,Công ty TNHH Oxley Mk Thảo Điền,Quận 2 (TP. Thủ Đức),TPHCM,2022,Từ 3 tỷ 440 triệu,80 - 90 triệu/m2,Cho thuê,https://mogi.vn/mozac-thao-dien-prj5640,https://mogi.vn/ho-chi-minh/quan-2/thue-nha-dat/mozac-thao-dien-prj5640
prj5641,The Grand Manhattan,Novaland Group,Quận 1,TPHCM,2022,Từ 10 tỷ 50 triệu,150 - 180 triệu/m2,Đang bán,https://mogi.vn/the-grand-manhattan-prj5641,https://mogi.vn/ho-chi-minh/quan-1/mua-nha-dat/the-grand-manhattan-prj5641
prj5642,Viva Plaza,CÔNG TY CỔ PHẦN ĐẦU TƯ BẤT ĐỘNG SẢN VIỆT NAM,Quận 7,TPHCM,2021,Từ 1 tỷ 710 triệu,38 - 40 triệu/m2,Cho thuê,https://mogi.vn/viva-plaza-prj5642,https://mogi.vn/ho-chi-minh/quan-7/thue-nha-dat/viva-plaza-prj5642
prj5643,Paris Hoàng Kim,Công ty TNHH xây dựng và kinh doanh nhà Khởi Thành,Quận 2 (TP. Thủ Đức),TPHCM,2021,Từ 4 tỷ 161 triệu,73 - 75 triệu/m2,Đang bán,https://mogi.vn/paris-hoang-kim-prj5643,https://mogi.vn/ho-chi-minh/quan-2/mua-nha-dat/paris-hoang-kim-prj5643
prj5644,Define Capitaland,Tập đoàn CapitaLand,Quận 2 (TP. Thủ Đức),TPHCM,2023,Từ 17 tỷ 72 triệu,88 - 90 triệu/m2,Cho thuê,https://mogi.vn/define-capitaland-prj5644,https://mogi.vn/ho-chi-minh/quan-2/thue-nha-dat/define-capitaland-prj5644
prj5645,Saigon Broadway,Novaland Group,Quận 2 (TP. Thủ Đức),TPHCM,2023,Từ 4 tỷ 200 triệu,100 - 140 triệu/m2,,https://mogi.vn/sai-gon-broadway-prj5645,
prj5646,Laimian City,CÔNG TY TNHH MỘT THÀNH VIÊN PHÁT TRIỂN & KINH DOANH NHÀ,Quận 2 (TP. Thủ Đức),TPHCM,2021,Từ 3 tỷ 430 triệu,70 - 75 triệu/m2,Đang bán,https://mogi.vn/laimian-city-prj5646,https://mogi.vn/ho-chi-minh/quan-2/mua-nha-dat/laimian-city-prj5646
prj5647,Sunshine Venicia,CÔNG TY CỔ PHẦN TẬP ĐOÀN SUNSHINE,Quận 2 (TP. Thủ Đức),TPHCM,2022,Từ 8 tỷ 100 triệu,135 - 140 triệu/m2,,https://mogi.vn/sunshine-venicia-prj5647,
prj5648,La Premier,CÔNG TY CỔ PHẦN ĐẦU TƯ XÂY DỰNG THƯƠNG MẠI HẬU GIANG,Quận 2 (TP. Thủ Đức),TPHCM,2021,Từ 1 tỷ 598 triệu,34 - 36 triệu/m2,,https://mogi.vn/la-premier-prj5648,
prj5649,D-Aqua,DHA Corporation,Quận 8,TPHCM,2024,Từ 1 tỷ 824 triệu,38 - 40 triệu/m2,Đang bán,https://mogi.vn/d-aqua-prj5649,https://mogi.vn/ho-chi-minh/quan-8/mua-nha-dat/d-aqua-prj5649
prj5650,Royal Park Riverside,,Quận 8,TPHCM,2023,Từ 1 tỷ 598 triệu,34 - 35 triệu/m2,,https://mogi.vn/royal-park-riverside-prj5650,
prj5651,Asahi Tower,Công ty cổ phần đầu tư 577,Quận 8,TPHCM,2023,Từ 1 tỷ 300 triệu,25 - 27 triệu/m2,Đang bán,https://mogi.vn/asahi-tower-prj5651,https://mogi.vn/ho-chi-minh/quan-8/mua-nha-dat/asahi-tower-prj5651
prj5652,Bình An Riverside,Tập đoàn Hà Đô,Quận 8,TPHCM,2020,Từ 1 tỷ 456 triệu,28 - 30 triệu/m2,,https://mogi.vn/binh-an-riverside-prj5652,
prj5654,The Venus,CÔNG TY CỔ PHẦN THƯƠNG MẠI ĐỊA ỐC VIỆT VIETCOMREAL,Quận 8,TPHCM,2019,Từ 1 tỷ 300 triệu,25 - 29 triệu/m2,Đang bán,https://mogi.vn/the-venus-prj5654,https://mogi.vn/ho-chi-minh/quan-8/mua-nha-dat/the-venus-prj5654
prj5655,Aurora Residences,Công ty Cổ phần Địa Ốc An Phú Long,Quận 8,TPHCM,2021,Từ 110 triệu 400 nghìn,2 - 25 triệu/m2,Đang bán,https://mogi.vn/aurora-residences-prj5655,https://mogi.vn/ho-chi-minh/quan-8/mua-nha-dat/aurora-residences-prj5655
prj5657,The Penta,CÔNG TY CỔ PHẦN ĐẦU TƯ ĐỊA ỐC TIẾN PHÁT,Quận Bình Thạnh,TPHCM,2022,Từ 1 tỷ 824 triệu,38 - 40 triệu/m2,Đang bán,https://mogi.vn/the-penta-prj5657,https://mogi.vn/ho-chi-minh/quan-binh-thanh/mua-nha-dat/the-penta-prj5657
prj5658,Marina Park,An Gia Investment,Quận 7,TPHCM,2023,Từ 4 tỷ 250 triệu,50 - 60 triệu/m2,,https://mogi.vn/marina-park-prj5658,
prj5659,The Signature,Công ty TNHH Phát Triển Phú Mỹ Hưng,Quận 7,TPHCM,2020,Từ 4 tỷ 380 triệu,60 - 65 triệu/m2,Cho thuê,https://mogi.vn/the-signature-prj5659,https://mogi.vn/ho-chi-minh/quan-7/thue-nha-dat/the-signature-prj5659
prj5660,Lux Riverview,Tập đoàn Đất Xanh,Quận 7,TPHCM,2022,Từ 1 tỷ 950 triệu,30 - 35 triệu/m2,Đang bán,https://mogi.vn/lux-riverview-prj5660,https://mogi.vn/ho-chi-minh/quan-7/mua-nha-dat/lux-riverview-prj5660
prj5661,The Blue Star,Công ty CP đầu tư Hưng Lộc Phát,Quận 7,TPHCM,2022,Từ 2 tỷ 100 triệu,35 - 39 triệu/m2,,https://mogi.vn/the-blue-star-prj5661,
prj5662,Cardinal Court,Công ty TNHH Phát Triển Phú Mỹ Hưng,Quận 7,TPHCM,2023,Từ 5 tỷ 168 triệu,68 - 70 triệu/m2,Đang bán; Cho thuê,https://mogi.vn/cardinal-court-prj5662,https://mogi.vn/ho-chi-minh/quan-7/mua-nha-dat/cardinal-court-prj5662; https://mogi.vn/ho-chi-minh/quan-7/thue-nha-dat/cardinal-court-prj5662
prj5663,Cosmo city,Công ty Cổ phần Bảo Gia,Quận 7,TPHCM,2020,Từ 2 tỷ 709 triệu,43 - 45 triệu/m2,Đang bán; Cho thuê,https://mogi.vn/cosmo-city-prj5663,https://mogi.vn/ho-chi-minh/quan-7/mua-nha-dat/cosmo-city-prj5663; https://mogi.vn/ho-chi-minh/quan-7/thue-nha-dat/cosmo-city-prj5663
prj5664,Babylon Garden,Công ty TNHH Phát Triển Phú Mỹ Hưng,Quận 7,TPHCM,2023,Từ 2 tỷ 750 triệu,55 - 75 triệu/m2,,https://mogi.vn/babylon-garden-prj5664,
prj5666,Topaz Home 2,,Quận 9 (TP. Thủ Đức),TPHCM,,,,Đang bán,https://mogi.vn/topaz-home-2-prj5666,https://mogi.vn/ho-chi-minh/quan-9/mua-nha-dat/topaz-home-2-prj5666
prj5668,Citi Esto,Công ty Cổ phần Kiến Á,Quận 2 (TP. Thủ Đức),TPHCM,2021,,,Cho thuê,https://mogi.vn/citi-esto-prj5668,https://mogi.vn/ho-chi-minh/quan-2/thue-nha-dat/citi-esto-prj5668
prj5679,Khu dân cư 13A Hồng Quang,,Huyện Bình Chánh,TPHCM,,,,Đang bán,https://mogi.vn/khu-dan-cu-13a-hong-quang-prj5679,https://mogi.vn/ho-chi-minh/huyen-binh-chanh/mua-nha-dat/khu-dan-cu-13a-hong-quang-prj5679
prj5696,Res Green,Công ty Cổ phần Địa ốc 11,Quận Tân Phú,TPHCM,2020,,,Cho thuê,https://mogi.vn/https-resgreentower-com-prj5696,https://mogi.vn/ho-chi-minh/quan-tan-phu/thue-nha-dat/https-resgreentower-com-prj5696
prj5697,Rich Star,Novaland Group,Quận Tân Phú,TPHCM,2018,,,Cho thuê,https://mogi.vn/https-www-novaland-com-vn-richstar-prj5697,https://mogi.vn/ho-chi-minh/quan-tan-phu/thue-nha-dat/https-www-novaland-com-vn-richstar-prj5697
prj5698,Chung cư 155 Nguyễn Chí Thanh,,Quận 5,TPHCM,2012,,,Đang bán,https://mogi.vn/chung-cu-155-nguyen-chi-thanh-prj5698,https://mogi.vn/ho-chi-minh/quan-5/mua-nha-dat/chung-cu-155-nguyen-chi-thanh-prj5698
prj5699,Goldora Plaza,,Huyện Nhà Bè,TPHCM,2019,,,Cho thuê,https://mogi.vn/goldora-plaza-prj5699,https://mogi.vn/ho-chi-minh/huyen-nha-be/thue-nha-dat/goldora-plaza-prj5699
prj5700,Dragon Hill Residence and Suites 2,Công ty Cổ phần Địa ốc Phú Long,Huyện Nhà Bè,TPHCM,2017,,,Đang bán,https://mogi.vn/dragon-hill-residence-and-suites-2-prj5700,https://mogi.vn/ho-chi-minh/huyen-nha-be/mua-nha-dat/dragon-hill-residence-and-suites-2-prj5700
prj5702,CT Home Bình Thạnh,,Quận Bình Thạnh,TPHCM,,,,Đang bán,https://mogi.vn/ct-home-binh-thanh-prj5702,https://mogi.vn/ho-chi-minh/quan-binh-thanh/mua-nha-dat/ct-home-binh-thanh-prj5702
prj5703,HaDo Green Lane,Tập đoàn Hà Đô,Quận 8,TPHCM,,,,,https://mogi.vn/hado-green-lane-prj5703,
prj5704,The Pegasuite 3,Công ty Cổ Phần Đầu tư Phương Việt,Quận 7,TPHCM,2022,,,Đang bán,https://mogi.vn/the-pegasuite-3-prj5704,https://mogi.vn/ho-chi-minh/quan-7/mua-nha-dat/the-pegasuite-3-prj5704
prj5705,Centum Wealth,,Quận 9 (TP. Thủ Đức),TPHCM,2019,,,Cho thuê,https://mogi.vn/centum-wealth-prj5705,https://mogi.vn/ho-chi-minh/quan-9/thue-nha-dat/centum-wealth-prj5705
prj5706,Chung cư Bộ Công An,,Quận 2 (TP. Thủ Đức),TPHCM,,,,Cho thuê,https://mogi.vn/chung-cu-bo-cong-an-prj5706,https://mogi.vn/ho-chi-minh/quan-2/thue-nha-dat/chung-cu-bo-cong-an-prj5706
prj5707,CT Plaza Nguyên Hồng,C.T Group,Quận Gò Vấp,TPHCM,,,,Đang bán,https://mogi.vn/ct-plaza-nguyen-hong-prj5707,https://mogi.vn/ho-chi-minh/quan-go-vap/mua-nha-dat/ct-plaza-nguyen-hong-prj5707
prj5708,Dragon Sky View Thủ Đức,Công ty CP Đầu tư Địa ốc Hưng Phú,Quận Thủ Đức (TP. Thủ Đức),TPHCM,2022,,,,https://mogi.vn/dragon-sky-view-thu-duc-prj5708,
prj5709,I-Home,C.T Group,Quận Gò Vấp,TPHCM,2015,,,Cho thuê,https://mogi.vn/i-home-prj5709,https://mogi.vn/ho-chi-minh/quan-go-vap/thue-nha-dat/i-home-prj5709
prj5710,Kikyo Residence,Công Ty Cổ Phần Đầu Tư Nam Long,Quận 9 (TP. Thủ Đức),TPHCM,2018,,,Cho thuê,https://mogi.vn/kikyo-residence-prj5710,https://mogi.vn/ho-chi-minh/quan-9/thue-nha-dat/kikyo-residence-prj5710
prj5712,The Metropole Thủ Thiêm,Công ty Đầu tư và Phát triển Sơn Kim,Quận 2 (TP. Thủ Đức),TPHCM,,,,Đang bán,https://mogi.vn/metropole-thu-thiem-prj5712,https://mogi.vn/ho-chi-minh/quan-2/mua-nha-dat/metropole-thu-thiem-prj5712
prj5714,Osimi Tower,công ty CP đầu tư - Phát triển Sông Đà,Quận Gò Vấp,TPHCM,2018,,,Đang bán,https://mogi.vn/osimi-tower-prj5714,https://mogi.vn/ho-chi-minh/quan-go-vap/mua-nha-dat/osimi-tower-prj5714
prj5716,Cư xá Đài Ra Đa,,Quận 6,TPHCM,,,,Cho thuê,https://mogi.vn/cu-xa-dai-ra-da-prj5716,https://mogi.vn/ho-chi-minh/quan-6/thue-nha-dat/cu-xa-dai-ra-da-prj5716
prj5720,Masteri An Phú,,Quận 2 (TP. Thủ Đức),TPHCM,,,,Đang bán; Cho thuê,https://mogi.vn/masteri-an-phu-prj5720,https://mogi.vn/ho-chi-minh/quan-2/mua-nha-dat/masteri-an-phu-prj5720; https://mogi.vn/ho-chi-minh/quan-2/thue-nha-dat/masteri-an-phu-prj5720
prj5723,Chung cư PARKLEGEND,,Quận Tân Bình,TPHCM,,,,Cho thuê,https://mogi.vn/chung-cu-parklegend-prj5723,https://mogi.vn/ho-chi-minh/quan-tan-binh/thue-nha-dat/chung-cu-parklegend-prj5723
prj5729,The Global City,,Quận 2 (TP. Thủ Đức),TPHCM,,,,Đang bán,https://mogi.vn/the-global-city-prj5729,https://mogi.vn/ho-chi-minh/quan-2/mua-nha-dat/the-global-city-prj5729
prj5736,Green River,,Quận 8,TPHCM,,,,Đang bán,https://mogi.vn/du-an-green-river-prj5736,https://mogi.vn/ho-chi-minh/quan-8/mua-nha-dat/du-an-green-river-prj5736
prj5740,Khu dân cư Bộ Công An,,Huyện Nhà Bè,TPHCM,,,,Đang bán,https://mogi.vn/khu-dan-cu-bo-cong-an-prj5740,https://mogi.vn/ho-chi-minh/huyen-nha-be/mua-nha-dat/khu-dan-cu-bo-cong-an-prj5740
prj5742,Shizen Home,,Quận 7,TPHCM,,,,Đang bán,https://mogi.vn/shizen-home-prj5742,https://mogi.vn/ho-chi-minh/quan-7/mua-nha-dat/shizen-home-prj5742
prj5754,Chung cư Đại Thành,,Quận Tân Phú,TPHCM,,,,Đang bán; Cho thuê,https://mogi.vn/chung-cu-dai-thanh-prj5754,https://mogi.vn/ho-chi-minh/quan-tan-phu/mua-nha-dat/chung-cu-dai-thanh-prj5754; https://mogi.vn/ho-chi-minh/quan-tan-phu/thue-nha-dat/chung-cu-dai-thanh-prj5754
prj5757,Resco An Hội 3,,Quận Gò Vấp,TPHCM,,,,Đang bán,https://mogi.vn/resco-an-hoi-3-prj5757,https://mogi.vn/ho-chi-minh/quan-go-vap/mua-nha-dat/resco-an-hoi-3-prj5757
prj5760,Chung cư SOHO Residence,,Quận 1,TPHCM,,,,Đang bán,https://mogi.vn/chung-cu-soho-residence-prj5760,https://mogi.vn/ho-chi-minh/quan-1/mua-nha-dat/chung-cu-soho-residence-prj5760
prj5762,Khu dân cư Anh Tuấn Green Riverside,,Huyện Nhà Bè,TPHCM,,,,Đang bán,https://mogi.vn/khu-dan-cu-anh-tuan-green-riverside-prj5762,https://mogi.vn/ho-chi-minh/huyen-nha-be/mua-nha-dat/khu-dan-cu-anh-tuan-green-riverside-prj5762
prj5764,D2eight Capitaland,,Quận 2 (TP. Thủ Đức),TPHCM,,,,Đang bán,https://mogi.vn/d2-eight-capital-land-prj5764,https://mogi.vn/ho-chi-minh/quan-2/mua-nha-dat/d2-eight-capital-land-prj5764
prj5767,Chung cư Vĩnh Hội,,Quận 4,TPHCM,,,,Cho thuê,https://mogi.vn/chung-cu-vinh-hoi-prj5767,https://mogi.vn/ho-chi-minh/quan-4/thue-nha-dat/chung-cu-vinh-hoi-prj5767
prj5773,Dự án The Peak Garden,,Quận 7,TPHCM,,,,Cho thuê,https://mogi.vn/du-an-the-peak-garden-prj5773,https://mogi.vn/ho-chi-minh/quan-7/thue-nha-dat/du-an-the-peak-garden-prj5773
prj5776,Khu dân cư Tên Lửa Lê Cơ Nam Hùng Vương,,Quận Bình Tân,TPHCM,,,,Đang bán,https://mogi.vn/khu-dan-cu-ten-lua-le-co-nam-hung-vuong-prj5776,https://mogi.vn/ho-chi-minh/quan-binh-tan/mua-nha-dat/khu-dan-cu-ten-lua-le-co-nam-hung-vuong-prj5776
prj5778,Chung cư The Ascentia,,Quận 7,TPHCM,,,,Cho thuê,https://mogi.vn/chung-cu-the-ascentia-prj5778,https://mogi.vn/ho-chi-minh/quan-7/thue-nha-dat/chung-cu-the-ascentia-prj5778
prj5780,Dự án Dream Home Riverside,,Quận 8,TPHCM,,,,Đang bán,https://mogi.vn/du-an-dream-home-riverside-prj5780,https://mogi.vn/ho-chi-minh/quan-8/mua-nha-dat/du-an-dream-home-riverside-prj5780
prj5781,Dự án Chung cư 90 Riverside,,Quận Bình Thạnh,TPHCM,,,,Đang bán,https://mogi.vn/du-an-chung-cu-90-riverside-prj5781,https://mogi.vn/ho-chi-minh/quan-binh-thanh/mua-nha-dat/du-an-chung-cu-90-riverside-prj5781
prj5785,Dự án Classia Khang Điền,,Quận 9 (TP. Thủ Đức),TPHCM,,,,Đang bán,https://mogi.vn/du-an-classia-khang-dien-prj5785,https://mogi.vn/ho-chi-minh/quan-9/mua-nha-dat/du-an-classia-khang-dien-prj5785
prj5788,Mystery Hưng Thịnh,CÔNG TY CỔ PHẦN ĐẦU TƯ KINH DOANH ĐỊA ỐC HƯNG THỊNH,Quận 2 (TP. Thủ Đức),TPHCM,,Từ 16 tỷ 750 triệu,167 - 355 triệu/m2,Đang bán; Cho thuê,https://mogi.vn/mystery-hung-thinh-prj5788,https://mogi.vn/ho-chi-minh/quan-2/mua-nha-dat/mystery-hung-thinh-prj5788; https://mogi.vn/ho-chi-minh/quan-2/thue-nha-dat/mystery-hung-thinh-prj5788
prj5789,Thủ Thiêm Lake View,Công ty CP đầu tư hạ tầng kỹ thuật TP. Hồ Chí Minh,Quận 2 (TP. Thủ Đức),TPHCM,,,,Cho thuê,https://mogi.vn/thu-thiem-lake-view-prj5789,https://mogi.vn/ho-chi-minh/quan-2/thue-nha-dat/thu-thiem-lake-view-prj5789
prj5800,Darlington Apartment,,Quận Tân Bình,TPHCM,,,,,https://mogi.vn/darlington-apartment-prj5800,
prj5812,Dự Án River Park,,Quận 9 (TP. Thủ Đức),TPHCM,,,,Cho thuê,https://mogi.vn/du-an-river-park-prj5812,https://mogi.vn/ho-chi-minh/quan-9/thue-nha-dat/du-an-river-park-prj5812
prj5813,M-One Gia Định,Masterise Homes,Quận Gò Vấp,TPHCM,,Từ 1 tỷ 519 triệu,31 - 69 triệu/m2,Cho thuê,https://mogi.vn/m-one-gia-dinh-prj5813,https://mogi.vn/ho-chi-minh/quan-go-vap/thue-nha-dat/m-one-gia-dinh-prj5813
prj5814,Thảo Điền Green,,Quận 2 (TP. Thủ Đức),TPHCM,,,,Cho thuê,https://mogi.vn/thao-dien-green-prj5814,https://mogi.vn/ho-chi-minh/quan-2/thue-nha-dat/thao-dien-green-prj5814
prj5815,Dự Án KDC Đại học Bách Khoa,,Quận 9 (TP. Thủ Đức),TPHCM,2018,,,Đang bán,https://mogi.vn/du-an-kdc-da-i-ho-c-ba-ch-khoa-prj5815,https://mogi.vn/ho-chi-minh/quan-9/mua-nha-dat/du-an-kdc-da-i-ho-c-ba-ch-khoa-prj5815
prj5830,Vincom Financial Tower,,Quận 1,TPHCM,,,,,https://mogi.vn/vincom-financial-tower-prj5830,
prj5832,Lancaster Legacy,Công ty cổ phần tập đoàn Trung Thủy,Quận 1,TPHCM,,,,Đang bán,https://mogi.vn/lancaster-legacy-prj5832,https://mogi.vn/ho-chi-minh/quan-1/mua-nha-dat/lancaster-legacy-prj5832
prj5833,IFC One Saigon,,Quận 1,TPHCM,,,,,https://mogi.vn/ifc-one-saigon-prj5833,
prj5835,Sacomreal – Generalimex,,Quận 1,TPHCM,,,,,https://mogi.vn/sacomreal-generalimex-prj5835,
prj5837,Packsimex Building,,Quận 1,TPHCM,,,,,https://mogi.vn/packsimex-building-prj5837,
prj5838,Saigon Land Building,,Quận 1,TPHCM,,,,,https://mogi.vn/saigon-land-building-prj5838,
prj5839,IBC Building,,Quận 1,TPHCM,,,,,https://mogi.vn/ibc-building-prj5839,
prj5840,Compass Living Park View,### Dự án tại TPHCM,Quận 1,TPHCM,,,,,https://mogi.vn/compass-living-park-view-prj5840,
prj5841,V&D Building,,Quận 1,TPHCM,,,,,https://mogi.vn/v-d-building-prj5841,
prj5842,Mai Hồng Quế Building,,Quận 1,TPHCM,,,,,https://mogi.vn/mai-hong-que-building-prj5842,
prj5843,Thái Sơn Building,### Dự án tại TPHCM,Quận 1,TPHCM,,,,,https://mogi.vn/thai-son-building-prj5843,
prj5844,Căn Hộ Zenity,CapitaLand (Việt Nam),Quận 1,TPHCM,,,,Đang bán,https://mogi.vn/zenity-prj5844,https://mogi.vn/ho-chi-minh/quan-1/mua-nha-dat/zenity-prj5844
prj5845,Alpha City,,Quận 1,TPHCM,,,,,https://mogi.vn/alpha-city-prj5845,
prj5847,Centennial Ba Son,,Quận 1,TPHCM,,,,,https://mogi.vn/centennial-ba-son-prj5847,
prj5848,One Central Saigon,,Quận 1,TPHCM,,,,,https://mogi.vn/one-central-saigon-prj5848,
prj5849,The Nexus,,Quận 1,TPHCM,,,,,https://mogi.vn/the-nexus-prj5849,
prj5850,Dự Án The Front,,Quận 1,TPHCM,,,,,https://mogi.vn/du-an-the-front-prj5850,
prj5851,Sunny Thủ Thiêm,,Quận 2 (TP. Thủ Đức),TPHCM,,,,,https://mogi.vn/sunny-thu-thiem-prj5851,
prj5852,Detesco Lương Định Của,,Quận 2 (TP. Thủ Đức),TPHCM,,Từ 1 tỷ 755 triệu,39 - 312 triệu/m2,,https://mogi.vn/detesco-luong-dinh-cua-prj5852,
prj5853,Lan Anh Village,,Quận 2 (TP. Thủ Đức),TPHCM,,Từ 43 tỷ 500 triệu,250 - 350 triệu/m2,,https://mogi.vn/lan-anh-village-prj5853,
prj5854,Chung cư An Cư,,Quận 2 (TP. Thủ Đức),TPHCM,,,,,https://mogi.vn/chung-cu-an-cu-prj5854,
prj5855,Biệt thự Hà Đô,,Quận 2 (TP. Thủ Đức),TPHCM,,Từ 21 tỷ 420 triệu,140 - 315 triệu/m2,Đang bán,https://mogi.vn/biet-thu-ha-do-prj5855,https://mogi.vn/ho-chi-minh/quan-2/mua-nha-dat/biet-thu-ha-do-prj5855
prj5856,Thủ Thiêm Sky,CÔNG TY CỔ PHẦN ĐẦU TƯ THỦ THIÊM,Quận 2 (TP. Thủ Đức),TPHCM,,Từ,39 - 43 triệu/m2,Đang bán,https://mogi.vn/thu-thiem-sky-prj5856,https://mogi.vn/ho-chi-minh/quan-2/mua-nha-dat/thu-thiem-sky-prj5856
prj5858,Sarah Thảo Điền,Công ty TNHH Hoàn Cầu,Quận 2 (TP. Thủ Đức),TPHCM,,,,,https://mogi.vn/sarah-thao-dien-prj5858,
prj5859,Palm City,"Keppel Land, Gaw Capital, Tiến Phước, Trần Thái",Quận 2 (TP. Thủ Đức),TPHCM,,Từ,60 - 220 triệu/m2,,https://mogi.vn/palm-city-prj5859,
prj5860,Vinhomes Thủ Thiêm,,Quận 2 (TP. Thủ Đức),TPHCM,,,,,https://mogi.vn/vinhomes-thu-thiem-prj5860,
prj5861,The Water Bay,,Quận 2 (TP. Thủ Đức),TPHCM,,Từ 3 tỷ 290 triệu,70 - 80 triệu/m2,,https://mogi.vn/the-water-bay-prj5861,
prj5862,Lancaster Eden,Tập đoàn Trung Thuỷ (TTG Holdings),Quận 2 (TP. Thủ Đức),TPHCM,,Từ 72 tỷ 600 triệu,150 triệu/m2,,https://mogi.vn/lancaster-eden-prj5862,
prj5863,Blue Sky Tower,,Quận 2 (TP. Thủ Đức),TPHCM,,Từ 1 tỷ 440 triệu,30 - 35 triệu/m2,Cho thuê,https://mogi.vn/blue-sky-tower-prj5863,https://mogi.vn/ho-chi-minh/quan-2/thue-nha-dat/blue-sky-tower-prj5863
prj5864,Thủ Thiêm Dragon,CÔNG TY CỔ PHẦN ĐẦU TƯ THỦ THIÊM,Quận 2 (TP. Thủ Đức),TPHCM,2020,Từ 1 tỷ 872 triệu,39 - 46 triệu/m2,Đang bán,https://mogi.vn/thu-thiem-dragon-prj5864,https://mogi.vn/ho-chi-minh/quan-2/mua-nha-dat/thu-thiem-dragon-prj5864
prj5865,Galaxy Bình An,,Quận 2 (TP. Thủ Đức),TPHCM,,Từ 9 tỷ 500 triệu,95 - 160 triệu/m2,,https://mogi.vn/galaxy-binh-an-prj5865,
prj5866,Datxanhhomes Riverside,CÔNG TY CỔ PHẦN TẬP ĐOÀN ĐẤT XANH,Quận 2 (TP. Thủ Đức),TPHCM,,Từ 3 tỷ 185 triệu,65 - 70 triệu/m2,,https://mogi.vn/datxanhhomes-riverside-prj5866,
prj5869,The Palace Residence,Novaland Group,Quận 2 (TP. Thủ Đức),TPHCM,,Từ 4 tỷ 180 triệu,55 triệu/m2,,https://mogi.vn/the-palace-residence-prj5869,
prj5870,Sadora Sala,Công ty Cổ phần Đầu tư Địa ốc Đại Quang Minh,Quận 2 (TP. Thủ Đức),TPHCM,,Từ 8 tỷ 232 triệu,98 - 163 triệu/m2,Đang bán; Cho thuê,https://mogi.vn/sadora-sala-prj5870,https://mogi.vn/ho-chi-minh/quan-2/mua-nha-dat/sadora-sala-prj5870; https://mogi.vn/ho-chi-minh/quan-2/thue-nha-dat/sadora-sala-prj5870
prj5871,Thành Công Land 3,,Quận 2 (TP. Thủ Đức),TPHCM,,Từ 1 tỷ 800 triệu,30 - 49 triệu/m2,,https://mogi.vn/thanh-cong-land-3-prj5871,
prj5872,Eco Smart City,,Quận 2 (TP. Thủ Đức),TPHCM,,,,,https://mogi.vn/eco-smart-city-prj5872,
prj5873,Chung cư Golden Grand,CÔNG TY CỔ PHẦN ĐẦU TƯ PHÁT TRIỂN BẤT ĐỘNG SẢN ĐÔNG DƯƠNG,Quận 2 (TP. Thủ Đức),TPHCM,,Từ 1 tỷ 960 triệu,28 - 32 triệu/m2,,https://mogi.vn/chung-cu-golden-grand-prj5873,
prj5874,KDC Bái Tử Long Bình Trưng Đông,,Quận 2 (TP. Thủ Đức),TPHCM,,,,,https://mogi.vn/kdc-bai-tu-long-binh-trung-dong-prj5874,
prj5875,Sari Town,,Quận 2 (TP. Thủ Đức),TPHCM,,Từ 49 tỷ 123 triệu,438 - 866 triệu/m2,Cho thuê,https://mogi.vn/sari-town-prj5875,https://mogi.vn/ho-chi-minh/quan-2/thue-nha-dat/sari-town-prj5875
prj5876,An Phú New City,Công ty TNHH MTV Xây dựng và Kinh doanh Nhà Phú Nhuận,Quận 2 (TP. Thủ Đức),TPHCM,,Từ 27 tỷ 881 triệu,221 - 393 triệu/m2,Đang bán,https://mogi.vn/an-phu-new-city-prj5876,https://mogi.vn/ho-chi-minh/quan-2/mua-nha-dat/an-phu-new-city-prj5876
prj5877,Sarica Condominium,Công ty Cổ phần Đầu tư Địa ốc Đại Quang Minh,Quận 2 (TP. Thủ Đức),TPHCM,,Từ 12 tỷ 600 triệu,126 - 176 triệu/m2,Cho thuê,https://mogi.vn/sarica-condominium-prj5877,https://mogi.vn/ho-chi-minh/quan-2/thue-nha-dat/sarica-condominium-prj5877
prj5878,Senturia An Phú,,Quận 2 (TP. Thủ Đức),TPHCM,,,,,https://mogi.vn/senturia-an-phu-prj5878,
prj5879,Căn hộ The Albany,Công Ty ĐTPT BĐS Tiến Phước,Quận 2 (TP. Thủ Đức),TPHCM,,Từ 19 tỷ 800 triệu,100 - 207 triệu/m2,Đang bán,https://mogi.vn/can-ho-the-albany-prj5879,https://mogi.vn/ho-chi-minh/quan-2/mua-nha-dat/can-ho-the-albany-prj5879
prj5880,The Crest Residence,,Quận 2 (TP. Thủ Đức),TPHCM,,,,Đang bán,https://mogi.vn/the-crest-residence-prj5880,https://mogi.vn/ho-chi-minh/quan-2/mua-nha-dat/the-crest-residence-prj5880
prj5881,The Opera Residence,,Quận 2 (TP. Thủ Đức),TPHCM,,,,Đang bán,https://mogi.vn/the-opera-residence-prj5881,https://mogi.vn/ho-chi-minh/quan-2/mua-nha-dat/the-opera-residence-prj5881
prj5882,Thủ Thiêm Zeit River,,Quận 2 (TP. Thủ Đức),TPHCM,,,,Cho thuê,https://mogi.vn/thu-thiem-zeit-river-prj5882,https://mogi.vn/ho-chi-minh/quan-2/thue-nha-dat/thu-thiem-zeit-river-prj5882
prj5883,Khu biệt thự Sol Villas,,Quận 2 (TP. Thủ Đức),TPHCM,,,,Đang bán,https://mogi.vn/khu-biet-thu-sol-villas-prj5883,https://mogi.vn/ho-chi-minh/quan-2/mua-nha-dat/khu-biet-thu-sol-villas-prj5883
prj5884,The Global City,,Quận 2 (TP. Thủ Đức),TPHCM,,,,Đang bán,https://mogi.vn/the-global-city-prj5884,https://mogi.vn/ho-chi-minh/quan-2/mua-nha-dat/the-global-city-prj5884
prj5885,The Berkley Thảo Điền,,Quận 2 (TP. Thủ Đức),TPHCM,,,,Đang bán,https://mogi.vn/the-berkley-thao-dien-prj5885,https://mogi.vn/ho-chi-minh/quan-2/mua-nha-dat/the-berkley-thao-dien-prj5885
prj5886,Clarita Khang Điền,CÔNG TY TNHH KEPPEL LAND VIỆT NAM,Quận 2 (TP. Thủ Đức),TPHCM,,Từ 3 tỷ 250 triệu,65 - 160 triệu/m2,Đang bán,https://mogi.vn/clarita-khang-dien-prj5886,https://mogi.vn/ho-chi-minh/quan-2/mua-nha-dat/clarita-khang-dien-prj5886
prj5887,The OpusK Residence,,Quận 2 (TP. Thủ Đức),TPHCM,,Từ 13 tỷ 920 triệu,240 - 450 triệu/m2,,https://mogi.vn/the-opusk-residence-prj5887,
prj5888,Vivian Le Jardin Thảo Điền,,Quận 2 (TP. Thủ Đức),TPHCM,,Từ 71 tỷ 300 triệu,310 triệu/m2,,https://mogi.vn/vivian-le-jardin-prj5888,
prj5889,Thạnh Mỹ Lợi Villas,Công ty TNHH MTV Xây dựng và Kinh doanh Nhà Phú Nhuận,Quận 2 (TP. Thủ Đức),TPHCM,,,,Đang bán,https://mogi.vn/thanh-my-loi-villas-prj5889,https://mogi.vn/ho-chi-minh/quan-2/mua-nha-dat/thanh-my-loi-villas-prj5889
prj5890,Eaton Park,CÔNG TY CỔ PHẦN GAMUDA LAND VIỆT NAM,Quận 2 (TP. Thủ Đức),TPHCM,,Từ 5 tỷ 900 triệu,118 - 328 triệu/m2,Đang bán,https://mogi.vn/eaton-park-prj5890,https://mogi.vn/ho-chi-minh/quan-2/mua-nha-dat/eaton-park-prj5890
prj5892,Palm Residence,,Quận 2 (TP. Thủ Đức),TPHCM,,Từ,181 - 225 triệu/m2,Cho thuê,https://mogi.vn/palm-residence-prj5892,https://mogi.vn/ho-chi-minh/quan-2/thue-nha-dat/palm-residence-prj5892
prj5893,Skypark Atria Saigon,,Quận 2 (TP. Thủ Đức),TPHCM,,,,,https://mogi.vn/skypark-atria-saigon-prj5893,
prj5894,New Pearl Residence,,Quận 3,TPHCM,,,,,https://mogi.vn/new-pearl-residence-prj5894,
prj5895,DB Court,,Quận 3,TPHCM,,,,,https://mogi.vn/db-court-prj5895,
prj5896,PVC Sai Gon Building,,Quận 3,TPHCM,,,,,https://mogi.vn/pvc-sai-gon-building-prj5896,
prj5897,Pjico Building,### Dự án tại TPHCM,Quận 3,TPHCM,,,,,https://mogi.vn/pjico-building-prj5897,
prj5898,Bitexco Nam Long Building,,Quận 3,TPHCM,,,,,https://mogi.vn/bitexco-nam-long-building-prj5898,
prj5899,Pasteur Tower,,Quận 3,TPHCM,,,,,https://mogi.vn/pasteur-tower-prj5899,
prj5900,Kỳ Đồng Tower,,Quận 3,TPHCM,,,,Cho thuê,https://mogi.vn/ky-dong-tower-prj5900,https://mogi.vn/ho-chi-minh/quan-3/thue-nha-dat/ky-dong-tower-prj5900
prj5901,Four Square,,Quận 4,TPHCM,,,,,https://mogi.vn/four-square-prj5901,
prj5903,Tòa nhà D4 BVD,,Quận 4,TPHCM,,,,,https://mogi.vn/toa-nha-d4-bvd-prj5903,
prj5904,Tòa nhà Hà Phan,### Dự án tại TPHCM,Quận 5,TPHCM,,,,,https://mogi.vn/toa-nha-ha-phan-prj5904,
prj5905,Lottery Tower,,Quận 5,TPHCM,,,,,https://mogi.vn/lottery-tower-prj5905,
prj5906,Venus Luxury,CÔNG TY CỔ PHẦN THƯƠNG MẠI ĐỊA ỐC VIỆT VIETCOMREAL,Quận 5,TPHCM,,,,,https://mogi.vn/venus-luxury-prj5906,
prj5907,Tam Đức Plaza Apartment,,Quận 5,TPHCM,,,,,https://mogi.vn/tam-duc-plaza-apartment-prj5907,
prj5908,Stella Residence,,Quận 5,TPHCM,,,,Đang bán,https://mogi.vn/stella-residence-prj5908,https://mogi.vn/ho-chi-minh/quan-5/mua-nha-dat/stella-residence-prj5908
prj5909,Remax Plaza,Công Ty TNHH Sài Gòn Remax,Quận 6,TPHCM,,Từ,28 - 35 triệu/m2,Cho thuê,https://mogi.vn/remax-plaza-prj5909,https://mogi.vn/ho-chi-minh/quan-6/thue-nha-dat/remax-plaza-prj5909
prj5910,Asiana Capella,Công ty TNHH Một Thành Viên Gotec Land,Quận 6,TPHCM,,Từ 1 tỷ 849 triệu,43 - 54 triệu/m2,Đang bán,https://mogi.vn/asiana-capella-prj5910,https://mogi.vn/ho-chi-minh/quan-6/mua-nha-dat/asiana-capella-prj5910
prj5911,Ny'ah Bình Tây,### Dự án tại TPHCM,Quận 6,TPHCM,,,,,https://mogi.vn/ny-ah-bi-nh-tay-prj5911,
prj5912,Bình An Apartment,Công ty Cổ Phần địa ốc Vĩnh Tiến,Quận 7,TPHCM,,,,,https://mogi.vn/binh-an-apartment-prj5912,
prj5915,Chung cư Nam Khang,Công ty TNHH Phát Triển Phú Mỹ Hưng,Quận 7,TPHCM,,,,Cho thuê,https://mogi.vn/chung-cu-nam-khang-prj5915,https://mogi.vn/ho-chi-minh/quan-7/thue-nha-dat/chung-cu-nam-khang-prj5915
prj5916,Khu dân cư Savimex,Công ty CP hợp tác Kinh tế - XNK Savimex,Quận 7,TPHCM,,Từ,66 - 72 triệu/m2,Đang bán,https://mogi.vn/khu-dan-cu-savimex-prj5916,https://mogi.vn/ho-chi-minh/quan-7/mua-nha-dat/khu-dan-cu-savimex-prj5916
prj5917,KDC Thiên Phú Gia,,Quận 7,TPHCM,,,,,https://mogi.vn/kdc-thien-phu-gia-prj5917,
prj5918,KDC Nam Long Phú Thuận,CÔNG TY CỔ PHẦN TẬP ĐOÀN NAM LONG,Quận 7,TPHCM,,Từ 6 tỷ 648 triệu,83 - 110 triệu/m2,Cho thuê,https://mogi.vn/kdc-nam-long-phu-thuan-prj5918,https://mogi.vn/ho-chi-minh/quan-7/thue-nha-dat/kdc-nam-long-phu-thuan-prj5918
prj5919,Khu Biệt thự Lam Thiên Lục Địa,,Quận 7,TPHCM,,,,Cho thuê,https://mogi.vn/khu-biet-thu-lam-thien-luc-dia-prj5919,https://mogi.vn/ho-chi-minh/quan-7/thue-nha-dat/khu-biet-thu-lam-thien-luc-dia-prj5919
prj5920,The Grande,,Quận 7,TPHCM,,,,Đang bán,https://mogi.vn/the-grande-prj5920,https://mogi.vn/ho-chi-minh/quan-7/mua-nha-dat/the-grande-prj5920
prj5921,Citadel Residence,,Quận 7,TPHCM,,,,,https://mogi.vn/citadel-residence-prj5921,
prj5922,Vincity quận 7,,Quận 7,TPHCM,,,,,https://mogi.vn/vincity-quan-7-prj5922,
prj5924,Nhà phố Thuận Phát,,Quận 7,TPHCM,,,,,https://mogi.vn/nha-pho-thuan-phat-prj5924,
prj5926,City House,,Quận 7,TPHCM,,,,,https://mogi.vn/city-house-prj5926,
prj5927,The Peak,,Quận 7,TPHCM,,,,Cho thuê,https://mogi.vn/the-peak-prj5927,https://mogi.vn/ho-chi-minh/quan-7/thue-nha-dat/the-peak-prj5927
prj5928,Sunshine Sky City,,Quận 7,TPHCM,,,,Đang bán,https://mogi.vn/sunshine-sky-city-prj5928,https://mogi.vn/ho-chi-minh/quan-7/mua-nha-dat/sunshine-sky-city-prj5928
prj5930,Venica Garden,,Quận 7,TPHCM,,,,,https://mogi.vn/venica-garden-prj5930,
prj5931,Sunshine Royal Garden Sky Villa,,Quận 7,TPHCM,,,,,https://mogi.vn/sunshine-royal-garden-sky-villa-prj5931,
prj5932,Khu nhà ở và nghỉ ngơi giải trí Tân Phong,,Quận 7,TPHCM,,,,Đang bán,https://mogi.vn/khu-nha-o-va-nghi-ngoi-giai-tri-tan-phong-prj5932,https://mogi.vn/ho-chi-minh/quan-7/mua-nha-dat/khu-nha-o-va-nghi-ngoi-giai-tri-tan-phong-prj5932
prj5933,The Horizon,Công ty TNHH Phát Triển Phú Mỹ Hưng,Quận 7,TPHCM,2024,Từ 6 tỷ 784 triệu,128 - 176 triệu/m2,Đang bán; Cho thuê,https://mogi.vn/the-horizon-prj5933,https://mogi.vn/ho-chi-minh/quan-7/mua-nha-dat/the-horizon-prj5933; https://mogi.vn/ho-chi-minh/quan-7/thue-nha-dat/the-horizon-prj5933
prj5934,RCL Tạ Quang Bửu,CÔNG TY CỔ PHẦN ĐỊA ỐC CHỢ LỚN,Quận 8,TPHCM,,,,,https://mogi.vn/rcl-ta-quang-buu-prj5934,
prj5935,Căn hộ Khang Gia,CTCP ĐT&PT Địa Ốc Khang Gia,Quận 8,TPHCM,,,,Đang bán,https://mogi.vn/can-ho-khang-gia-prj5935,https://mogi.vn/ho-chi-minh/quan-8/mua-nha-dat/can-ho-khang-gia-prj5935
prj5936,Samland Giai Việt,Công ty Cổ phần Địa ốc Sacom,Quận 8,TPHCM,,,,Đang bán; Cho thuê,https://mogi.vn/samland-giai-viet-prj5936,https://mogi.vn/ho-chi-minh/quan-8/mua-nha-dat/samland-giai-viet-prj5936; https://mogi.vn/ho-chi-minh/quan-8/thue-nha-dat/samland-giai-viet-prj5936
prj5937,Chung Cư Số 51,,Quận 8,TPHCM,,,,Đang bán,https://mogi.vn/chung-cu-so-51-prj5937,https://mogi.vn/ho-chi-minh/quan-8/mua-nha-dat/chung-cu-so-51-prj5937
prj5938,Khu dân cư VHome,,Quận 8,TPHCM,,,,,https://mogi.vn/khu-dan-cu-vhome-prj5938,
prj5939,Chung Cư Bình Đông Xanh,Công ty TNHH MTV Xây dựng Thương mại Sài Gòn 5,Quận 8,TPHCM,,Từ,33 - 33 triệu/m2,Cho thuê,https://mogi.vn/chung-cu-binh-dong-xanh-prj5939,https://mogi.vn/ho-chi-minh/quan-8/thue-nha-dat/chung-cu-binh-dong-xanh-prj5939
prj5942,Đức Long Newland,,Quận 8,TPHCM,,,,,https://mogi.vn/duc-long-newland-prj5942,
prj5943,Saigon Skyview,,Quận 8,TPHCM,,,,,https://mogi.vn/saigon-skyview-prj5943,
prj5944,The Pegasuite 2,,Quận 8,TPHCM,,,,Đang bán,https://mogi.vn/the-pegasuite-2-prj5944,https://mogi.vn/ho-chi-minh/quan-8/mua-nha-dat/the-pegasuite-2-prj5944
prj5945,Khu dân cư An Phước,,Quận 8,TPHCM,,,,,https://mogi.vn/khu-dan-cu-an-phuoc-prj5945,
prj5947,Phước Bình Home,### Dự án tại TPHCM,Quận 8,TPHCM,,,,,https://mogi.vn/phuoc-binh-home-prj5947,
prj5948,Jamona Eco,,Quận 8,TPHCM,,,,,https://mogi.vn/jamona-eco-prj5948,
prj5949,Bình Tiên Riverside,,Quận 8,TPHCM,,,,,https://mogi.vn/binh-tien-riverside-prj5949,
prj5950,MT Eastmark City,công ty TNHH Xây dựng & Kinh doanh nhà Điền Phúc Thành,Quận 9 (TP. Thủ Đức),TPHCM,2024,Từ 1 tỷ 620 triệu,36 - 46 triệu/m2,Đang bán; Cho thuê,https://mogi.vn/mt-eastmark-city-prj5950,https://mogi.vn/ho-chi-minh/quan-9/mua-nha-dat/mt-eastmark-city-prj5950; https://mogi.vn/ho-chi-minh/quan-9/thue-nha-dat/mt-eastmark-city-prj5950
prj5951,TDH - Phúc Thịnh Đức,,Quận 9 (TP. Thủ Đức),TPHCM,,,,,https://mogi.vn/tdh-phuc-thinh-duc-prj5951,
prj5952,Green Building,,Quận 9 (TP. Thủ Đức),TPHCM,,Từ 1 tỷ 146 triệu,24 - 37 triệu/m2,,https://mogi.vn/green-building-prj5952,
prj5953,Phúc An Viên,,Quận 9 (TP. Thủ Đức),TPHCM,,,,Đang bán,https://mogi.vn/phuc-an-vien-prj5953,https://mogi.vn/ho-chi-minh/quan-9/mua-nha-dat/phuc-an-vien-prj5953
prj5954,Ehome 2,,Quận 9 (TP. Thủ Đức),TPHCM,,Từ 1 tỷ 167 triệu,26 - 30 triệu/m2,Đang bán,https://mogi.vn/ehome-2-prj5954,https://mogi.vn/ho-chi-minh/quan-9/mua-nha-dat/ehome-2-prj5954
prj5955,Cao ốc Bình Minh,,Quận 9 (TP. Thủ Đức),TPHCM,,,,,https://mogi.vn/cao-oc-binh-minh-prj5955,
prj5956,Khu dân cư C.T.C,,Quận 9 (TP. Thủ Đức),TPHCM,,,,,https://mogi.vn/khu-dan-cu-c-t-c-prj5956,
prj5957,Khu dân cư Thanh Trúc,,Quận 9 (TP. Thủ Đức),TPHCM,,,,,https://mogi.vn/khu-dan-cu-thanh-truc-prj5957,
prj5958,KDC Khang Điền - Intresco,Công ty Cổ Phần Đầu Tư và Kinh Doanh Nhà Khang Điền,Quận 9 (TP. Thủ Đức),TPHCM,,Từ 7 tỷ 560 triệu,63 - 100 triệu/m2,Đang bán,https://mogi.vn/kdc-khang-dien-intresco-prj5958,https://mogi.vn/ho-chi-minh/quan-9/mua-nha-dat/kdc-khang-dien-intresco-prj5958
prj5959,Peach Garden,,Quận 9 (TP. Thủ Đức),TPHCM,,,,,https://mogi.vn/peach-garden-prj5959,
prj5960,Dự án Trí Minh,### Dự án tại TPHCM,Quận 9 (TP. Thủ Đức),TPHCM,,,,,https://mogi.vn/du-an-tri-minh-prj5960,
prj5961,Khu dân cư Phước Thiện,Công Ty CP Đầu Tư TMDV Địa Ốc Thái Dương,Quận 9 (TP. Thủ Đức),TPHCM,,,,Đang bán,https://mogi.vn/khu-dan-cu-phuoc-thien-prj5961,https://mogi.vn/ho-chi-minh/quan-9/mua-nha-dat/khu-dan-cu-phuoc-thien-prj5961
prj5962,Green Home Riverside,,Quận 9 (TP. Thủ Đức),TPHCM,,,,,https://mogi.vn/green-home-riverside-prj5962,
prj5963,KDC Chợ Long Trường Mới,,Quận 9 (TP. Thủ Đức),TPHCM,,,,Đang bán,https://mogi.vn/kdc-cho-long-truong-moi-prj5963,https://mogi.vn/ho-chi-minh/quan-9/mua-nha-dat/kdc-cho-long-truong-moi-prj5963
prj5964,KDC Thái Dương Xanh,,Quận 9 (TP. Thủ Đức),TPHCM,,Từ 2 tỷ 763 triệu,51 - 56 triệu/m2,,https://mogi.vn/kdc-tha-i-duong-xanh-prj5964,
prj5965,Valencia Riverside,,Quận 9 (TP. Thủ Đức),TPHCM,,,,Đang bán,https://mogi.vn/valencia-riverside-prj5965,https://mogi.vn/ho-chi-minh/quan-9/mua-nha-dat/valencia-riverside-prj5965
prj5967,Tăng Long River View,,Quận 9 (TP. Thủ Đức),TPHCM,,,,Đang bán,https://mogi.vn/tang-long-river-view-prj5967,https://mogi.vn/ho-chi-minh/quan-9/mua-nha-dat/tang-long-river-view-prj5967
prj5968,Việt Nhân Villa Riverside,,Quận 9 (TP. Thủ Đức),TPHCM,,,,Đang bán,https://mogi.vn/viet-nhan-villa-riverside-prj5968,https://mogi.vn/ho-chi-minh/quan-9/mua-nha-dat/viet-nhan-villa-riverside-prj5968
prj5969,I-Home Xa Lộ Hà Nội,,Quận 9 (TP. Thủ Đức),TPHCM,,,,,https://mogi.vn/i-home-xa-lo-ha-noi-prj5969,
prj5970,Samsung Village,,Quận 9 (TP. Thủ Đức),TPHCM,,,,,https://mogi.vn/samsung-village-prj5970,
prj5971,TDL Residence,,Quận 9 (TP. Thủ Đức),TPHCM,,,,,https://mogi.vn/tdl-residence-prj5971,
prj5972,Tháp Mười Merita,,Quận 9 (TP. Thủ Đức),TPHCM,,,,Đang bán,https://mogi.vn/thap-muoi-merita-prj5972,https://mogi.vn/ho-chi-minh/quan-9/mua-nha-dat/thap-muoi-merita-prj5972
prj5973,Camland Garden,,Quận 9 (TP. Thủ Đức),TPHCM,,,,,https://mogi.vn/camland-garden-prj5973,
prj5974,Liên Phường Star,,Quận 9 (TP. Thủ Đức),TPHCM,,,,,https://mogi.vn/lien-phuong-star-prj5974,
prj5975,Centana City Điền Phúc Thành,,Quận 9 (TP. Thủ Đức),TPHCM,,Từ 5 tỷ 256 triệu,43 - 104 triệu/m2,Đang bán,https://mogi.vn/centana-city-dien-phuc-thanh-prj5975,https://mogi.vn/ho-chi-minh/quan-9/mua-nha-dat/centana-city-dien-phuc-thanh-prj5975
prj5977,KDC Vườn Lan,,Quận 9 (TP. Thủ Đức),TPHCM,,,,,https://mogi.vn/kdc-vuon-lan-prj5977,
prj5978,Singa City,### Dự án tại TPHCM,Quận 9 (TP. Thủ Đức),TPHCM,,,,,https://mogi.vn/singa-city-prj5978,
prj5979,Blue Diamond Riverside,,Quận 9 (TP. Thủ Đức),TPHCM,,,,Đang bán,https://mogi.vn/blue-diamond-riverside-prj5979,https://mogi.vn/ho-chi-minh/quan-9/mua-nha-dat/blue-diamond-riverside-prj5979
prj5980,Harbor View Tân Cảng,,Quận 9 (TP. Thủ Đức),TPHCM,,,,,https://mogi.vn/harbor-view-tan-cang-prj5980,
prj5981,Đại Phúc Green Stone,,Quận 9 (TP. Thủ Đức),TPHCM,,,,Đang bán,https://mogi.vn/dai-phuc-green-stone-prj5981,https://mogi.vn/ho-chi-minh/quan-9/mua-nha-dat/dai-phuc-green-stone-prj5981
prj5982,Ginza Tam Đa,,Quận 9 (TP. Thủ Đức),TPHCM,,,,,https://mogi.vn/ginza-tam-da-prj5982,
prj5983,Rio Vista,,Quận 9 (TP. Thủ Đức),TPHCM,,,,Đang bán,https://mogi.vn/rio-vista-prj5983,https://mogi.vn/ho-chi-minh/quan-9/mua-nha-dat/rio-vista-prj5983
prj5984,Rio Casa,,Quận 9 (TP. Thủ Đức),TPHCM,,,,,https://mogi.vn/rio-casa-prj5984,
prj5985,Quang Trung Diamond,,Quận 9 (TP. Thủ Đức),TPHCM,,,,,https://mogi.vn/quang-trung-diamond-prj5985,
prj5986,Tam Đa BCR,,Quận 9 (TP. Thủ Đức),TPHCM,,,,Đang bán,https://mogi.vn/tam-da-bcr-prj5986,https://mogi.vn/ho-chi-minh/quan-9/mua-nha-dat/tam-da-bcr-prj5986
prj5987,Rio Porto,,Quận 9 (TP. Thủ Đức),TPHCM,,,,,https://mogi.vn/rio-porto-prj5987,
prj5988,Diamond Island Quận 9,,Quận 9 (TP. Thủ Đức),TPHCM,,Từ 1 tỷ 932 triệu,34 - 51 triệu/m2,Đang bán,https://mogi.vn/diamond-island-quan-9-prj5988,https://mogi.vn/ho-chi-minh/quan-9/mua-nha-dat/diamond-island-quan-9-prj5988
prj5989,Tăng Long Garden,,Quận 9 (TP. Thủ Đức),TPHCM,,,,Đang bán,https://mogi.vn/tang-long-garden-prj5989,https://mogi.vn/ho-chi-minh/quan-9/mua-nha-dat/tang-long-garden-prj5989
prj5990,Khu dân cư Long Thuận,### Dự án tại TPHCM,Quận 9 (TP. Thủ Đức),TPHCM,,,,,https://mogi.vn/khu-dan-cu-long-thuan-prj5990,
prj5991,Phố Đông Residences,,Quận 9 (TP. Thủ Đức),TPHCM,,,,,https://mogi.vn/pho-dong-residences-prj5991,
prj5992,Rio Centro Gò Cát,,Quận 9 (TP. Thủ Đức),TPHCM,,,,,https://mogi.vn/rio-centro-go-cat-prj5992,
prj5993,Dragon Riverside,,Quận 9 (TP. Thủ Đức),TPHCM,,,,,https://mogi.vn/dragon-riverside-prj5993,
prj5994,Khu Dân Cư Gò Cát 2,,Quận 9 (TP. Thủ Đức),TPHCM,,,,,https://mogi.vn/khu-dan-cu-go-cat-2-prj5994,
prj5995,Dragon Village,,Quận 9 (TP. Thủ Đức),TPHCM,,,,Cho thuê,https://mogi.vn/dragon-village-prj5995,https://mogi.vn/ho-chi-minh/quan-9/thue-nha-dat/dragon-village-prj5995
prj5996,KDC Thương Mại Thịnh Vượng,,Quận 9 (TP. Thủ Đức),TPHCM,,,,,https://mogi.vn/kdc-thuong-mai-thinh-vuong-prj5996,
prj5997,Việt Nhân SHTP Open,,Quận 9 (TP. Thủ Đức),TPHCM,,,,,https://mogi.vn/viet-nhan-shtp-open-prj5997,
prj5998,Tín Hưng Villa,,Quận 9 (TP. Thủ Đức),TPHCM,,,,,https://mogi.vn/tin-hung-villa-prj5998,
prj5999,Khu biệt thự Phú Vinh,,Quận 9 (TP. Thủ Đức),TPHCM,,,,,https://mogi.vn/khu-biet-thu-phu-vinh-prj5999,
prj6001,Khu Dân Cư An Việt,,Quận 9 (TP. Thủ Đức),TPHCM,,,,,https://mogi.vn/khu-dan-cu-an-viet-prj6001,
prj6002,PTM Hoàng Hữu Nam,,Quận 9 (TP. Thủ Đức),TPHCM,,,,,https://mogi.vn/ptm-hoang-huu-nam-prj6002,
prj6003,Căn Hộ Citrine Apartment,,Quận 9 (TP. Thủ Đức),TPHCM,,,,Đang bán,https://mogi.vn/can-ho-citrine-apartment-prj6003,https://mogi.vn/ho-chi-minh/quan-9/mua-nha-dat/can-ho-citrine-apartment-prj6003
prj6004,Khu dân cư Việt Nhân,,Quận 9 (TP. Thủ Đức),TPHCM,,,,,https://mogi.vn/khu-dan-cu-viet-nhan-prj6004,
prj6005,Việt Nhân Eco.2,,Quận 9 (TP. Thủ Đức),TPHCM,,,,Đang bán,https://mogi.vn/viet-nhan-eco-2-prj6005,https://mogi.vn/ho-chi-minh/quan-9/mua-nha-dat/viet-nhan-eco-2-prj6005
prj6006,Vanda Luxury Housing,,Quận 9 (TP. Thủ Đức),TPHCM,,,,,https://mogi.vn/vanda-luxury-housing-prj6006,
prj6007,TDH - Tocontap,,Quận 9 (TP. Thủ Đức),TPHCM,,,,Đang bán,https://mogi.vn/tdh-tocontap-prj6007,https://mogi.vn/ho-chi-minh/quan-9/mua-nha-dat/tdh-tocontap-prj6007
prj6008,Green Town 2,### Dự án tại TPHCM,Quận 9 (TP. Thủ Đức),TPHCM,,,,,https://mogi.vn/green-town-2-prj6008,
prj6009,Khu dân cư Đại Việt II,,Quận 9 (TP. Thủ Đức),TPHCM,,,,,https://mogi.vn/khu-dan-cu-dai-viet-ii-prj6009,
prj6010,New City Lò Lu,,Quận 9 (TP. Thủ Đức),TPHCM,,,,,https://mogi.vn/new-city-lo-lu-prj6010,
prj6011,Khu Dân Cư Đảo Thịnh Vượng,,Quận 9 (TP. Thủ Đức),TPHCM,,,,Đang bán,https://mogi.vn/khu-dan-cu-dao-thinh-vuong-prj6011,https://mogi.vn/ho-chi-minh/quan-9/mua-nha-dat/khu-dan-cu-dao-thinh-vuong-prj6011
prj6012,Long Trường Riverside,,Quận 9 (TP. Thủ Đức),TPHCM,,,,,https://mogi.vn/long-truong-riverside-prj6012,
prj6014,Homy Garden,,Quận 9 (TP. Thủ Đức),TPHCM,,,,,https://mogi.vn/homy-garden-prj6014,
prj6015,Long Thuận Riverside,,Quận 9 (TP. Thủ Đức),TPHCM,,,,,https://mogi.vn/long-thuan-riverside-prj6015,
prj6016,Tecco Vina Garden,,Quận 9 (TP. Thủ Đức),TPHCM,,,,,https://mogi.vn/tecco-vina-garden-prj6016,
prj6017,Golden Mall Quận 9,,Quận 9 (TP. Thủ Đức),TPHCM,,,,,https://mogi.vn/golden-mall-quan-9-prj6017,
prj6018,Red Star - TP11,,Quận 9 (TP. Thủ Đức),TPHCM,,,,,https://mogi.vn/red-star-tp11-prj6018,
prj6019,Chung cư Elysian,CÔNG TY CỔ PHẦN GAMUDA LAND VIỆT NAM,Quận 9 (TP. Thủ Đức),TPHCM,,Từ 1 tỷ 802 triệu,53 - 72 triệu/m2,Đang bán,https://mogi.vn/chung-cu-elysian-prj6019,https://mogi.vn/ho-chi-minh/quan-9/mua-nha-dat/chung-cu-elysian-prj6019
prj6020,Phú Thành Riverside,### Dự án tại TPHCM,Quận 9 (TP. Thủ Đức),TPHCM,,,,,https://mogi.vn/phu-thanh-riverside-prj6020,
prj6021,River Town Trí Kiệt,,Quận 9 (TP. Thủ Đức),TPHCM,,,,Đang bán,https://mogi.vn/river-town-tri-kiet-prj6021,https://mogi.vn/ho-chi-minh/quan-9/mua-nha-dat/river-town-tri-kiet-prj6021
prj6022,Saigon Garden Riverside Village,,Quận 9 (TP. Thủ Đức),TPHCM,,,,,https://mogi.vn/saigon-garden-riverside-village-prj6022,
prj6023,Khu đô thị Palm Marina,,Quận 9 (TP. Thủ Đức),TPHCM,,,,,https://mogi.vn/khu-do-thi-palm-marina-prj6023,
prj6024,River Park Tower,,Quận 9 (TP. Thủ Đức),TPHCM,,,,,https://mogi.vn/river-park-tower-prj6024,
prj6025,Việt Nhân SHTP Riverside,,Quận 9 (TP. Thủ Đức),TPHCM,,,,Đang bán,https://mogi.vn/viet-nhan-shtp-riverside-prj6025,https://mogi.vn/ho-chi-minh/quan-9/mua-nha-dat/viet-nhan-shtp-riverside-prj6025
prj6026,The 9 Stellars,,Quận 9 (TP. Thủ Đức),TPHCM,,,,,https://mogi.vn/the-9-stellars-prj6026,
prj6027,Khu Dân Cư Tân Cảng Phú Hữu,,Quận 9 (TP. Thủ Đức),TPHCM,,,,Đang bán,https://mogi.vn/khu-dan-cu-tan-cang-phu-huu-prj6027,https://mogi.vn/ho-chi-minh/quan-9/mua-nha-dat/khu-dan-cu-tan-cang-phu-huu-prj6027
prj6028,The Origami - Vinhomes Grand Park,Tập Đoàn Vingroup - Công ty CP,Quận 9 (TP. Thủ Đức),TPHCM,,Từ 1 tỷ 94 triệu,40 - 247 triệu/m2,Cho thuê,https://mogi.vn/the-origami-vinhomes-grand-park-prj6028,https://mogi.vn/ho-chi-minh/quan-9/thue-nha-dat/the-origami-vinhomes-grand-park-prj6028
prj6029,The Manhattan - Vinhomes Grand Park,Tập Đoàn Vingroup - Công ty CP,Quận 9 (TP. Thủ Đức),TPHCM,,,,Cho thuê,https://mogi.vn/the-manhattan-vinhomes-grand-park-prj6029,https://mogi.vn/ho-chi-minh/quan-9/thue-nha-dat/the-manhattan-vinhomes-grand-park-prj6029
prj6030,The Beverly - Vinhomes Grand Park,Tập Đoàn Vingroup - Công ty CP,Quận 9 (TP. Thủ Đức),TPHCM,,Từ 1 tỷ 540 triệu,55 - 110 triệu/m2,Cho thuê,https://mogi.vn/the-beverly-vinhomes-grand-park-prj6030,https://mogi.vn/ho-chi-minh/quan-9/thue-nha-dat/the-beverly-vinhomes-grand-park-prj6030
prj6032,Dinh thự The Rivus Elie Saab,,Quận 9 (TP. Thủ Đức),TPHCM,,,,Đang bán,https://mogi.vn/dinh-thu-the-rivus-elie-saab-prj6032,https://mogi.vn/ho-chi-minh/quan-9/mua-nha-dat/dinh-thu-the-rivus-elie-saab-prj6032
prj6033,Lumiere Boulevard,,Quận 9 (TP. Thủ Đức),TPHCM,,,,Cho thuê,https://mogi.vn/lumiere-boulevard-prj6033,https://mogi.vn/ho-chi-minh/quan-9/thue-nha-dat/lumiere-boulevard-prj6033
prj6034,Long Bình New Township,,Quận 9 (TP. Thủ Đức),TPHCM,,,,,https://mogi.vn/long-binh-new-township-prj6034,
prj6035,Happy Home Long Phước,,Quận 9 (TP. Thủ Đức),TPHCM,,,,,https://mogi.vn/happy-home-long-phuoc-prj6035,
prj6036,Dự án Nhà ở xã hội phường Long Trường,,Quận 9 (TP. Thủ Đức),TPHCM,,,,,https://mogi.vn/du-an-nha-o-xa-hoi-phuong-long-truong-prj6036,
prj6037,Glory Heights - Vinhomes Grand Park,CÔNG TY CỔ PHẦN VINHOMES,Quận 9 (TP. Thủ Đức),TPHCM,,Từ 1.188 đ,0 - 0 triệu/m2,Cho thuê,https://mogi.vn/glory-heights-vinhomes-grand-park-prj6037,https://mogi.vn/ho-chi-minh/quan-9/thue-nha-dat/glory-heights-vinhomes-grand-park-prj6037
prj6038,The Rainbow - Vinhomes Grand Park,Tập Đoàn Vingroup - Công ty CP,Quận 9 (TP. Thủ Đức),TPHCM,,Từ 1 tỷ 50 triệu,35 - 42 triệu/m2,Cho thuê,https://mogi.vn/the-rainbow-vinhomes-grand-park-prj6038,https://mogi.vn/ho-chi-minh/quan-9/thue-nha-dat/the-rainbow-vinhomes-grand-park-prj6038
prj6040,Cụm chung cư Ấn Quang,,Quận 10,TPHCM,,,,,https://mogi.vn/cum-chung-cu-an-quang-prj6040,
prj6041,Samco Building,,Quận 10,TPHCM,,,,,https://mogi.vn/samco-building-prj6041,
prj6042,Chung Cư Đào Duy Từ,,Quận 10,TPHCM,,Từ 1 tỷ 221 triệu,42 - 47 triệu/m2,Đang bán,https://mogi.vn/chung-cu-dao-duy-tu-prj6042,https://mogi.vn/ho-chi-minh/quan-10/mua-nha-dat/chung-cu-dao-duy-tu-prj6042
prj6043,Viettel Complex,,Quận 10,TPHCM,,,,Cho thuê,https://mogi.vn/viettel-complex-prj6043,https://mogi.vn/ho-chi-minh/quan-10/thue-nha-dat/viettel-complex-prj6043
prj6044,Khu Căn Hộ Thuận Việt,,Quận 11,TPHCM,,Từ 2 tỷ 364 triệu,38 - 42 triệu/m2,Cho thuê,https://mogi.vn/khu-can-ho-thuan-viet-prj6044,https://mogi.vn/ho-chi-minh/quan-11/thue-nha-dat/khu-can-ho-thuan-viet-prj6044
prj6045,Hoa Sen - Lotus Apartment,TỔNG CÔNG TY THƯƠNG MẠI SÀI GÒN - TNHH MỘT THÀNH VIÊN,Quận 11,TPHCM,,Từ 2 tỷ 457 triệu,39 - 47 triệu/m2,Đang bán; Cho thuê,https://mogi.vn/hoa-sen-lotus-apartment-prj6045,https://mogi.vn/ho-chi-minh/quan-11/mua-nha-dat/hoa-sen-lotus-apartment-prj6045; https://mogi.vn/ho-chi-minh/quan-11/thue-nha-dat/hoa-sen-lotus-apartment-prj6045
prj6046,Bigemco Building,,Quận 11,TPHCM,,Từ 2 tỷ 442 triệu,37 - 47 triệu/m2,Cho thuê,https://mogi.vn/bigemco-building-prj6046,https://mogi.vn/ho-chi-minh/quan-11/thue-nha-dat/bigemco-building-prj6046
prj6047,Khu căn hộ Khải Hoàn,,Quận 11,TPHCM,,,,Cho thuê,https://mogi.vn/khu-can-ho-khai-hoan-prj6047,https://mogi.vn/ho-chi-minh/quan-11/thue-nha-dat/khu-can-ho-khai-hoan-prj6047
prj6048,Chung cư Cây Mai,,Quận 11,TPHCM,,,,Đang bán,https://mogi.vn/chung-cu-cay-mai-prj6048,https://mogi.vn/ho-chi-minh/quan-11/mua-nha-dat/chung-cu-cay-mai-prj6048
prj6049,Chung cư 312 Lạc Long Quân,,Quận 11,TPHCM,,,,Đang bán,https://mogi.vn/chung-cu-312-lac-long-quan-prj6049,https://mogi.vn/ho-chi-minh/quan-11/mua-nha-dat/chung-cu-312-lac-long-quan-prj6049
prj6050,Chung cư Res 11,Công ty Cổ phần Địa ốc 11,Quận 11,TPHCM,,Từ 2 tỷ 150 triệu,43 - 54 triệu/m2,Đang bán; Cho thuê,https://mogi.vn/chung-cu-res-11-prj6050,https://mogi.vn/ho-chi-minh/quan-11/mua-nha-dat/chung-cu-res-11-prj6050; https://mogi.vn/ho-chi-minh/quan-11/thue-nha-dat/chung-cu-res-11-prj6050
prj6051,Đầm Sen Tower,,Quận 11,TPHCM,,,,,https://mogi.vn/dam-sen-tower-prj6051,
prj6052,Nhà Ở Xã Hội Thới Bình,,Quận 11,TPHCM,,,,Đang bán,https://mogi.vn/nha-o-xa-hoi-thoi-binh-prj6052,https://mogi.vn/ho-chi-minh/quan-11/mua-nha-dat/nha-o-xa-hoi-thoi-binh-prj6052
prj6053,Khu Nhà Ở Gò Sao,,Quận 12,TPHCM,,,,,https://mogi.vn/khu-nha-o-go-sao-prj6053,
prj6054,Hiệp Thành City,Công ty TNHH Xây dựng và Thương mại 12,Quận 12,TPHCM,,,,Cho thuê,https://mogi.vn/hiep-thanh-city-prj6054,https://mogi.vn/ho-chi-minh/quan-12/thue-nha-dat/hiep-thanh-city-prj6054
prj6055,Khu Dân Cư Vạn Xuân - Bắc Sài Gòn,,Quận 12,TPHCM,,,,,https://mogi.vn/khu-dan-cu-van-xuan-bac-sai-gon-prj6055,
prj6056,Phú Long Riverside,,Quận 12,TPHCM,,,,,https://mogi.vn/phu-long-riverside-prj6056,
prj6057,Thới An City,,Quận 12,TPHCM,,,,,https://mogi.vn/thoi-an-city-prj6057,
prj6059,VXHome 25,### Dự án tại TPHCM,Quận 12,TPHCM,,,,,https://mogi.vn/vxhome-25-prj6059,
prj6060,Happy Town Thạnh Xuân,,Quận 12,TPHCM,,,,,https://mogi.vn/happy-town-thanh-xuan-prj6060,
prj6061,Khu dân cư Thạnh Xuân,,Quận 12,TPHCM,,,,Đang bán,https://mogi.vn/khu-dan-cu-thanh-xuan-prj6061,https://mogi.vn/ho-chi-minh/quan-12/mua-nha-dat/khu-dan-cu-thanh-xuan-prj6061
prj6062,Tiny House,,Quận 12,TPHCM,,Từ 442 triệu,13 triệu/m2,,https://mogi.vn/tiny-house-prj6062,
prj6063,Điền Thuận Cầu Dừa,,Quận 12,TPHCM,,,,,https://mogi.vn/dien-thuan-cau-dua-prj6063,
prj6064,Điền Thuận Star Hills,,Quận 12,TPHCM,,,,,https://mogi.vn/dien-thuan-star-hills-prj6064,
prj6065,An Phú Đông Riverside,,Quận 12,TPHCM,,,,Cho thuê,https://mogi.vn/an-phu-dong-riverside-prj6065,https://mogi.vn/ho-chi-minh/quan-12/thue-nha-dat/an-phu-dong-riverside-prj6065
prj6066,Chung cư Đông Hải,Công ty TNHH MTV Đông Hải,Quận 12,TPHCM,,Từ 1 tỷ 37 triệu,25 - 28 triệu/m2,Cho thuê,https://mogi.vn/chung-cu-dong-hai-prj6066,https://mogi.vn/ho-chi-minh/quan-12/thue-nha-dat/chung-cu-dong-hai-prj6066
prj6067,Thiên Nam Residence,,Quận 12,TPHCM,,Từ 4 tỷ 104 triệu,57 - 60 triệu/m2,Đang bán,https://mogi.vn/thien-nam-residence-prj6067,https://mogi.vn/ho-chi-minh/quan-12/mua-nha-dat/thien-nam-residence-prj6067
prj6068,CTL Tower,,Quận 12,TPHCM,,Từ 1 tỷ 740 triệu,29 - 36 triệu/m2,Đang bán,https://mogi.vn/ctl-tower-prj6068,https://mogi.vn/ho-chi-minh/quan-12/mua-nha-dat/ctl-tower-prj6068
prj6069,Ruby City,,Quận 12,TPHCM,,,,,https://mogi.vn/ruby-city-prj6069,
prj6070,An Phú Riverside,,Quận 12,TPHCM,,Từ 1 tỷ 725 triệu,34 triệu/m2,,https://mogi.vn/an-phu-riverside-prj6070,
prj6071,An Phú Luxury Villas,,Quận 12,TPHCM,,,,,https://mogi.vn/an-phu-luxury-villas-prj6071,
prj6072,Golden City 2,,Quận 12,TPHCM,,Từ 9 tỷ 775 triệu,57 - 62 triệu/m2,Đang bán,https://mogi.vn/golden-city-2-prj6072,https://mogi.vn/ho-chi-minh/quan-12/mua-nha-dat/golden-city-2-prj6072
prj6073,Hoàng Anh Home,,Quận 12,TPHCM,,Từ 9 tỷ 810 triệu,136 triệu/m2,,https://mogi.vn/hoang-anh-home-prj6073,
prj6074,STCity Tô Ký,,Quận 12,TPHCM,,Từ 813 triệu 400 nghìn,16 triệu/m2,,https://mogi.vn/stcity-to-ky-prj6074,
prj6075,S45 Riverside,,Quận 12,TPHCM,,,,,https://mogi.vn/s45-riverside-prj6075,
prj6077,An Sương Ipark,,Quận 12,TPHCM,,,,,https://mogi.vn/an-suong-ipark-prj6077,
prj6078,Winhome An Phú Đông,,Quận 12,TPHCM,,Từ 3 tỷ 990 triệu,38 triệu/m2,,https://mogi.vn/winhome-an-phu-dong-prj6078,
prj6079,Pier IX,,Quận 12,TPHCM,,Từ 1 tỷ 530 triệu,18 - 20 triệu/m2,Đang bán,https://mogi.vn/pier-ix-prj6079,https://mogi.vn/ho-chi-minh/quan-12/mua-nha-dat/pier-ix-prj6079
prj6080,Thiên An Thịnh Riverside,,Quận 12,TPHCM,,Từ 1 tỷ 375 triệu,27 - 32 triệu/m2,Đang bán,https://mogi.vn/thien-an-thinh-riverside-prj6080,https://mogi.vn/ho-chi-minh/quan-12/mua-nha-dat/thien-an-thinh-riverside-prj6080
prj6081,Bảo Ngọc Garden,,Quận 12,TPHCM,,Từ 2 tỷ 880 triệu,45 - 50 triệu/m2,Cho thuê,https://mogi.vn/bao-ngoc-garden-prj6081,https://mogi.vn/ho-chi-minh/quan-12/thue-nha-dat/bao-ngoc-garden-prj6081
prj6082,Song Minh Residence,,Quận 12,TPHCM,,,,Đang bán,https://mogi.vn/song-minh-residence-prj6082,https://mogi.vn/ho-chi-minh/quan-12/mua-nha-dat/song-minh-residence-prj6082
prj6083,Bảo Minh Residence,,Quận 12,TPHCM,,,,,https://mogi.vn/bao-minh-residence-prj6083,
prj6084,Happy One Premier Thạnh Lộc,Công Ty CP Tập Đoàn Địa Ốc Vạn Xuân,Quận 12,TPHCM,,Từ 2 tỷ 58 triệu,42 - 49 triệu/m2,Cho thuê,https://mogi.vn/happy-one-premier-thanh-loc-prj6084,https://mogi.vn/ho-chi-minh/quan-12/thue-nha-dat/happy-one-premier-thanh-loc-prj6084
prj6085,Nhà phố thương mại One Palace,,Quận 12,TPHCM,,,,Đang bán,https://mogi.vn/nha-pho-thuong-mai-one-palace-prj6085,https://mogi.vn/ho-chi-minh/quan-12/mua-nha-dat/nha-pho-thuong-mai-one-palace-prj6085
prj6086,The Sol Residence,,Quận 12,TPHCM,,Từ 4 tỷ 842 triệu,26 - 27 triệu/m2,Đang bán,https://mogi.vn/the-sol-residence-prj6086,https://mogi.vn/ho-chi-minh/quan-12/mua-nha-dat/the-sol-residence-prj6086
prj6087,Zenta Home 16,,Quận 12,TPHCM,,Từ 5 tỷ,100 - 121 triệu/m2,,https://mogi.vn/zenta-home-16-prj6087,
prj6088,HQC Plaza,CÔNG TY CỔ PHẦN TƯ VẤN - THƯƠNG MẠI - DỊCH VỤ ĐỊA ỐC HOÀNG QUÂN,Huyện Bình Chánh,TPHCM,,Từ 905 triệu 40 nghìn,16 - 21 triệu/m2,Đang bán,https://mogi.vn/hqc-plaza-prj6088,https://mogi.vn/ho-chi-minh/huyen-binh-chanh/mua-nha-dat/hqc-plaza-prj6088
prj6089,Vĩnh Lộc Garden,Công ty Cổ phần Sông Đà An Nhân,Huyện Bình Chánh,TPHCM,,Từ,2 - 8 triệu/m2,,https://mogi.vn/vinh-loc-garden-prj6089,
prj6090,Khu dân cư T30,Công ty Cổ phần Xây dựng và Phát triển cơ sở hạ tầng (INDECO),Huyện Bình Chánh,TPHCM,,,,Đang bán,https://mogi.vn/khu-dan-cu-t30-prj6090,https://mogi.vn/ho-chi-minh/huyen-binh-chanh/mua-nha-dat/khu-dan-cu-t30-prj6090
prj6091,The Easter City,Công ty Cổ Phần Quốc Cường Gia Lai,Huyện Bình Chánh,TPHCM,,Từ 1 tỷ 404 triệu,27 - 30 triệu/m2,Cho thuê,https://mogi.vn/the-easter-city-prj6091,https://mogi.vn/ho-chi-minh/huyen-binh-chanh/thue-nha-dat/the-easter-city-prj6091
prj6092,Vĩnh Lộc D'Gold,,Huyện Bình Chánh,TPHCM,,,,Đang bán,https://mogi.vn/vinh-loc-d-gold-prj6092,https://mogi.vn/ho-chi-minh/huyen-binh-chanh/mua-nha-dat/vinh-loc-d-gold-prj6092
prj6093,Khu Dân Cư Happy Home One,,Huyện Bình Chánh,TPHCM,,,,,https://mogi.vn/khu-dan-cu-happy-home-one-prj6093,
prj6094,Khu Dân Cư 13B Conic,CÔNG TY CỔ PHẦN XÂY DỰNG ĐẦU TƯ VÀ PHÁT TRIỂN LĨNH PHONG,Huyện Bình Chánh,TPHCM,,,,Đang bán,https://mogi.vn/khu-dan-cu-13b-conic-prj6094,https://mogi.vn/ho-chi-minh/huyen-binh-chanh/mua-nha-dat/khu-dan-cu-13b-conic-prj6094
prj6095,Khu Dân Cư Phong Phú 5,Công ty cổ phần Đầu tư và Xây dựng Bình Chánh,Huyện Bình Chánh,TPHCM,,Từ,70 - 121 triệu/m2,,https://mogi.vn/khu-dan-cu-phong-phu-5-prj6095,
prj6097,Khu Dân Cư Thuần Việt,,Huyện Bình Chánh,TPHCM,,,,,https://mogi.vn/khu-dan-cu-thuan-viet-prj6097,
prj6098,TĐV Phong Phú,Công ty TNHH Tư Vấn – Đầu Tư – Xây Dựng Toàn Đất Việt,Huyện Bình Chánh,TPHCM,,,,,https://mogi.vn/tdv-phong-phu-prj6098,
prj6099,An Hạ Lotus,,Huyện Bình Chánh,TPHCM,,,,,https://mogi.vn/an-ha-lotus-prj6099,
prj6100,Sài Gòn West Garden,Công ty Cổ phần Sông Đà An Nhân,Huyện Bình Chánh,TPHCM,,,,Đang bán,https://mogi.vn/sai-gon-west-garden-prj6100,https://mogi.vn/ho-chi-minh/huyen-binh-chanh/mua-nha-dat/sai-gon-west-garden-prj6100
prj6101,HQC An Phú Tây,,Huyện Bình Chánh,TPHCM,,,,,https://mogi.vn/hqc-an-phu-tay-prj6101,
prj6102,Calla Garden,Công ty CP Đầu tư Xây dựng Tân Bình - Tan Binh ICC,Huyện Bình Chánh,TPHCM,,,,,https://mogi.vn/calla-garden-prj6102,
prj6103,Khu Đô Thị Phú An Thịnh,,Huyện Bình Chánh,TPHCM,,,,,https://mogi.vn/khu-do-thi-phu-an-thinh-prj6103,
prj6104,Khu Dân Cư Hoàng Thành,,Huyện Bình Chánh,TPHCM,,,,,https://mogi.vn/khu-dan-cu-hoang-thanh-prj6104,
prj6105,KDC Ngọc Đông Dương 2,,Huyện Bình Chánh,TPHCM,,Từ 2 tỷ 831 triệu,30 - 32 triệu/m2,,https://mogi.vn/kdc-ngoc-dong-duong-2-prj6105,
prj6106,Viloca Garden,,Huyện Bình Chánh,TPHCM,,,,,https://mogi.vn/viloca-garden-prj6106,
prj6107,KDC Đại Phú,,Huyện Bình Chánh,TPHCM,,Từ 2 tỷ 28 triệu,25 - 204 triệu/m2,,https://mogi.vn/kdc-dai-phu-prj6107,
prj6108,Khang Điền Bình Chánh,,Huyện Bình Chánh,TPHCM,,Từ 3 tỷ 750 triệu,50 - 84 triệu/m2,Đang bán,https://mogi.vn/khang-dien-binh-chanh-prj6108,https://mogi.vn/ho-chi-minh/huyen-binh-chanh/mua-nha-dat/khang-dien-binh-chanh-prj6108
prj6109,Khu Dân Cư Vạn Phú,,Huyện Bình Chánh,TPHCM,,,,,https://mogi.vn/khu-dan-cu-van-phu-prj6109,
prj6110,Bình Chánh Proscity,,Huyện Bình Chánh,TPHCM,,Từ 4 tỷ 48 triệu,46 - 53 triệu/m2,,https://mogi.vn/binh-chanh-proscity-prj6110,
prj6111,Dynamic Tower,,Huyện Bình Chánh,TPHCM,,,,,https://mogi.vn/dynamic-tower-prj6111,
prj6112,Gaia Luxury Vĩnh Lộc,,Huyện Bình Chánh,TPHCM,,,,,https://mogi.vn/gaia-luxury-vinh-loc-prj6112,
prj6113,Đất Nam Luxury,,Huyện Bình Chánh,TPHCM,,Từ 1 tỷ 474 triệu,18 - 25 triệu/m2,,https://mogi.vn/dat-nam-luxury-prj6113,
prj6114,Khu Dân cư An Nhiên,,Huyện Bình Chánh,TPHCM,,,,,https://mogi.vn/khu-dan-cu-an-nhien-prj6114,
prj6115,Victoria Garden,,Huyện Bình Chánh,TPHCM,,,,,https://mogi.vn/victoria-garden-prj6115,
prj6116,Khu Dân Cư Tân Quý Tây,,Huyện Bình Chánh,TPHCM,,,,,https://mogi.vn/khu-dan-cu-tan-quy-tay-prj6116,
prj6117,Senturia Nam Sài Gòn,### Dự án tại TPHCM,Huyện Bình Chánh,TPHCM,,,,,https://mogi.vn/senturia-nam-sai-gon-prj6117,
prj6118,Bình Lợi Center,,Huyện Bình Chánh,TPHCM,,,,,https://mogi.vn/binh-loi-center-prj6118,
prj6119,Khang Long Garden,,Huyện Bình Chánh,TPHCM,,,,,https://mogi.vn/khang-long-garden-prj6119,
prj6120,West Sala,,Huyện Bình Chánh,TPHCM,,Từ 3 tỷ 612 triệu,43 - 62 triệu/m2,,https://mogi.vn/west-sala-prj6120,
prj6121,An Thịnh Happy House,,Huyện Bình Chánh,TPHCM,,,,,https://mogi.vn/an-thinh-happy-house-prj6121,
prj6122,An Hạ Garden,,Huyện Bình Chánh,TPHCM,,,,Đang bán,https://mogi.vn/an-ha-garden-prj6122,https://mogi.vn/ho-chi-minh/huyen-binh-chanh/mua-nha-dat/an-ha-garden-prj6122
prj6123,Kim Hạnh Complex,,Huyện Bình Chánh,TPHCM,,,,,https://mogi.vn/kim-hanh-complex-prj6123,
prj6124,Tân Tạo Central Park,Công ty Cổ phần Thương mại & Địa ốc Bình Chánh,Huyện Bình Chánh,TPHCM,,,,,https://mogi.vn/tan-tao-central-park-prj6124,
prj6125,Khu Dân Cư Sista Bình Chánh 1,,Huyện Bình Chánh,TPHCM,,Từ 2 tỷ 868 triệu,35 - 44 triệu/m2,,https://mogi.vn/khu-dan-cu-sista-binh-chanh-1-prj6125,
prj6126,Tân Kiên Residence,,Huyện Bình Chánh,TPHCM,,,,,https://mogi.vn/tan-kien-residence-prj6126,
prj6127,Nhà Xinh Residential,,Huyện Bình Chánh,TPHCM,,,,,https://mogi.vn/nha-xinh-residential-prj6127,
prj6128,Bình Chánh New Center,,Huyện Bình Chánh,TPHCM,,Từ 2 tỷ 976 triệu,31 - 38 triệu/m2,,https://mogi.vn/binh-chanh-new-center-prj6128,
prj6129,Khu dân cư Phong Phú 6,,Huyện Bình Chánh,TPHCM,,,,,https://mogi.vn/khu-dan-cu-phong-phu-6-prj6129,
prj6130,CavaHome Vĩnh Lộc,### Dự án tại TPHCM,Huyện Bình Chánh,TPHCM,,,,,https://mogi.vn/cavahome-vinh-loc-prj6130,
prj6131,City Gate 5,,Huyện Bình Chánh,TPHCM,,,,,https://mogi.vn/city-gate-5-prj6131,
prj6132,Lovera Premier,,Huyện Bình Chánh,TPHCM,,Từ 5 tỷ 700 triệu,76 - 124 triệu/m2,Đang bán,https://mogi.vn/lovera-premier-prj6132,https://mogi.vn/ho-chi-minh/huyen-binh-chanh/mua-nha-dat/lovera-premier-prj6132
prj6133,EhomeS Nam Sài Gòn,Công Ty Cổ Phần Đầu Tư Nam Long,Huyện Bình Chánh,TPHCM,,,,Đang bán,https://mogi.vn/ehomes-nam-sai-gon-prj6133,https://mogi.vn/ho-chi-minh/huyen-binh-chanh/mua-nha-dat/ehomes-nam-sai-gon-prj6133
prj6134,The Solina Khang Điền,,Huyện Bình Chánh,TPHCM,,,,,https://mogi.vn/the-solina-khang-dien-prj6134,
prj6138,Chung cư Sinh Lợi,,Huyện Bình Chánh,TPHCM,,Từ 1 tỷ 389 triệu,25 - 27 triệu/m2,Đang bán,https://mogi.vn/chung-cu-sinh-loi-prj6138,https://mogi.vn/ho-chi-minh/huyen-binh-chanh/mua-nha-dat/chung-cu-sinh-loi-prj6138
prj6139,Conic Boulevard,,Huyện Bình Chánh,TPHCM,,Từ,26 - 37 triệu/m2,Đang bán,https://mogi.vn/conic-boulevard-prj6139,https://mogi.vn/ho-chi-minh/huyen-binh-chanh/mua-nha-dat/conic-boulevard-prj6139
prj6140,Bình Điền Center 2,,Huyện Bình Chánh,TPHCM,,,,,https://mogi.vn/binh-dien-center-2-prj6140,
prj6142,Khu Dân Cư Hai Thành - Tên Lửa,Công ty TNHH SX – KD Hai Thành,Quận Bình Tân,TPHCM,,Từ 1 tỷ 508 triệu,29 - 35 triệu/m2,Đang bán,https://mogi.vn/khu-dan-cu-hai-thanh-ten-lua-prj6142,https://mogi.vn/ho-chi-minh/quan-binh-tan/mua-nha-dat/khu-dan-cu-hai-thanh-ten-lua-prj6142
prj6143,Chung Cư Lý Chiêu Hoàng,,Quận Bình Tân,TPHCM,,,,Đang bán,https://mogi.vn/chung-cu-ly-chieu-hoang-prj6143,https://mogi.vn/ho-chi-minh/quan-binh-tan/mua-nha-dat/chung-cu-ly-chieu-hoang-prj6143
prj6144,Tiên Sa Villas,### Dự án tại TPHCM,Quận Bình Tân,TPHCM,,,,,https://mogi.vn/tien-sa-villas-prj6144,
prj6145,Smile Home,,Quận Bình Tân,TPHCM,,,,,https://mogi.vn/smile-home-prj6145,
prj6146,Khu Công Nghiệp Tân Tạo,,Quận Bình Tân,TPHCM,,,,Cho thuê,https://mogi.vn/khu-cong-nghiep-tan-tao-prj6146,https://mogi.vn/ho-chi-minh/quan-binh-tan/thue-nha-dat/khu-cong-nghiep-tan-tao-prj6146
prj6147,Vision Bình Tân,,Quận Bình Tân,TPHCM,,,,Cho thuê,https://mogi.vn/vision-binh-tan-prj6147,https://mogi.vn/ho-chi-minh/quan-binh-tan/thue-nha-dat/vision-binh-tan-prj6147
prj6148,Aio City,,Quận Bình Tân,TPHCM,,,,,https://mogi.vn/aio-city-prj6148,
prj6150,Adi Lucky Home,,Quận Bình Tân,TPHCM,,,,,https://mogi.vn/adi-lucky-home-prj6150,
prj6151,Căn Hộ Saigonhomes,,Quận Bình Tân,TPHCM,,Từ 1 tỷ 307 triệu,29 - 34 triệu/m2,Đang bán,https://mogi.vn/can-ho-saigonhomes-prj6151,https://mogi.vn/ho-chi-minh/quan-binh-tan/mua-nha-dat/can-ho-saigonhomes-prj6151
prj6152,Tân Tạo Riverside,,Quận Bình Tân,TPHCM,,,,,https://mogi.vn/tan-tao-riverside-prj6152,
prj6153,Tây Lân Riverside,,Quận Bình Tân,TPHCM,,Từ 3 tỷ 328 triệu,52 - 67 triệu/m2,,https://mogi.vn/tay-lan-riverside-prj6153,
prj6154,Khu dân cư Anh Kiệt,,Quận Bình Tân,TPHCM,,,,,https://mogi.vn/khu-dan-cu-anh-kiet-prj6154,
prj6155,Khu Dân Cư An Lạc Phát,,Quận Bình Tân,TPHCM,,,,,https://mogi.vn/khu-dan-cu-an-lac-phat-prj6155,
prj6156,KDC Làn Sóng Xanh,,Quận Bình Tân,TPHCM,,,,,https://mogi.vn/kdc-lan-song-xanh-prj6156,
prj6157,Khu nhà phố MD Land,,Quận Bình Tân,TPHCM,,,,,https://mogi.vn/khu-nha-pho-md-land-prj6157,
prj6158,Universe Complex,Tập đoàn Hưng Thịnh,Quận Bình Tân,TPHCM,,,,,https://mogi.vn/universe-complex-prj6158,
prj6159,Khu dân cư Đầm Sen Mới,,Quận Bình Tân,TPHCM,,,,,https://mogi.vn/khu-dan-cu-dam-sen-moi-prj6159,
prj6160,Central Apartment Kinh Dương Vương,,Quận Bình Tân,TPHCM,,,,,https://mogi.vn/central-apartment-kinh-duong-vuong-prj6160,
prj6161,Dragon Lake View,,Quận Bình Tân,TPHCM,,,,,https://mogi.vn/dragon-lake-view-prj6161,
prj6162,Newlife Bình Tân,,Quận Bình Tân,TPHCM,,,,,https://mogi.vn/newlife-binh-tan-prj6162,
prj6163,Eden Garden,,Quận Bình Tân,TPHCM,,,,,https://mogi.vn/eden-garden-prj6163,
prj6164,Tín Thành Garden,,Quận Bình Tân,TPHCM,,,,,https://mogi.vn/tin-thanh-garden-prj6164,
prj6165,Căn hộ 9x Golden Stella,,Quận Bình Tân,TPHCM,,,,,https://mogi.vn/can-ho-9x-golden-stella-prj6165,
prj6166,Rich Paradise,,Quận Bình Tân,TPHCM,,Từ 3 tỷ 518 triệu,70 - 70 triệu/m2,,https://mogi.vn/rich-paradise-prj6166,
prj6167,MD Home Building,,Quận Bình Tân,TPHCM,,,,,https://mogi.vn/md-home-building-prj6167,
prj6168,Lux Home Gardens,,Quận Bình Tân,TPHCM,,,,,https://mogi.vn/lux-home-gardens-prj6168,
prj6169,Symphony West,,Quận Bình Tân,TPHCM,,,,,https://mogi.vn/symphony-west-prj6169,
prj6170,Levata City,,Quận Bình Tân,TPHCM,,,,,https://mogi.vn/levata-city-prj6170,
prj6171,Sista Bình Tân,,Quận Bình Tân,TPHCM,,Từ 3 tỷ 355 triệu,67 - 74 triệu/m2,,https://mogi.vn/sista-binh-tan-prj6171,
prj6172,Golden House Bình Tân,,Quận Bình Tân,TPHCM,,,,,https://mogi.vn/golden-house-binh-tan-prj6172,
prj6174,Khu nhà ở dịch vụ Lê Đình Cẩn,,Quận Bình Tân,TPHCM,,,,,https://mogi.vn/khu-nha-o-dich-vu-le-dinh-can-prj6174,
prj6175,Inter Stella,,Quận Bình Tân,TPHCM,,,,,https://mogi.vn/inter-stella-prj6175,
prj6176,Căn hộ Khang Điền Bình Tân,,Quận Bình Tân,TPHCM,,,,Đang bán,https://mogi.vn/can-ho-khang-die-n-bi-nh-tan-prj6176,https://mogi.vn/ho-chi-minh/quan-binh-tan/mua-nha-dat/can-ho-khang-die-n-bi-nh-tan-prj6176
prj6177,Crystal Town,,Quận Bình Tân,TPHCM,,,,,https://mogi.vn/crystal-town-prj6177,
prj6178,BiTa SmartHome,,Quận Bình Tân,TPHCM,,,,,https://mogi.vn/bita-smarthome-prj6178,
prj6179,Moonlight Centre Point,,Quận Bình Tân,TPHCM,,,,,https://mogi.vn/moonlight-centre-point-prj6179,
prj6180,The Privia,,Quận Bình Tân,TPHCM,,,,Đang bán,https://mogi.vn/the-privia-prj6180,https://mogi.vn/ho-chi-minh/quan-binh-tan/mua-nha-dat/the-privia-prj6180
prj6181,KDC Đất Nam An Lạc,Công ty CP Đầu tư và Xây dựng Địa Ốc Đất Nam,Quận Bình Tân,TPHCM,,,,Đang bán,https://mogi.vn/kdc-dat-nam-an-lac-prj6181,https://mogi.vn/ho-chi-minh/quan-binh-tan/mua-nha-dat/kdc-dat-nam-an-lac-prj6181
prj6182,KDC Đất Nam Tây Lân,### Dự án tại TPHCM,Quận Bình Tân,TPHCM,,,,,https://mogi.vn/kdc-dat-nam-tay-lan-prj6182,
prj6183,Eco Luxury Bình Tân,,Quận Bình Tân,TPHCM,,,,,https://mogi.vn/eco-luxury-binh-tan-prj6183,
prj6184,The Sholi Bình Tân,,Quận Bình Tân,TPHCM,,,,,https://mogi.vn/the-sholi-binh-tan-prj6184,
prj6186,Compa Tower,,Quận Bình Thạnh,TPHCM,,,,,https://mogi.vn/compa-tower-prj6186,
prj6187,Qmobile Tower,,Quận Bình Thạnh,TPHCM,,,,,https://mogi.vn/qmobile-tower-prj6187,
prj6188,Thảo Điền Building,Công ty CP Đầu tư Thảo Điền,Quận Bình Thạnh,TPHCM,,,,,https://mogi.vn/thao-dien-building-prj6188,
prj6189,Chung cư Thanh Niên,,Quận Bình Thạnh,TPHCM,,,,Cho thuê,https://mogi.vn/chung-cu-thanh-nien-prj6189,https://mogi.vn/ho-chi-minh/quan-binh-thanh/thue-nha-dat/chung-cu-thanh-nien-prj6189
prj6190,Căn hộ cao cấp Rosena,Công Ty Cổ Phần Tập Đoàn Tân Thành Đô,Quận Bình Thạnh,TPHCM,,,,,https://mogi.vn/can-ho-cao-cap-rosena-prj6190,
prj6191,BCons Tower,,Quận Bình Thạnh,TPHCM,,,,Đang bán,https://mogi.vn/bcons-tower-prj6191,https://mogi.vn/ho-chi-minh/quan-binh-thanh/mua-nha-dat/bcons-tower-prj6191
prj6192,Officetel Gold Land,,Quận Bình Thạnh,TPHCM,,,,,https://mogi.vn/officetel-gold-land-prj6192,
prj6193,Gic Riverside,,Quận Bình Thạnh,TPHCM,,,,Đang bán,https://mogi.vn/gic-riverside-prj6193,https://mogi.vn/ho-chi-minh/quan-binh-thanh/mua-nha-dat/gic-riverside-prj6193
prj6194,The Forest Gem,,Quận Bình Thạnh,TPHCM,,,,,https://mogi.vn/the-forest-gem-prj6194,
prj6195,Bcons Tower II,,Quận Bình Thạnh,TPHCM,,,,Đang bán,https://mogi.vn/bcons-tower-ii-prj6195,https://mogi.vn/ho-chi-minh/quan-binh-thanh/mua-nha-dat/bcons-tower-ii-prj6195
prj6196,IOS Building Văn Thành,,Quận Bình Thạnh,TPHCM,,,,,https://mogi.vn/ios-building-van-thanh-prj6196,
prj6197,HB Tower,,Quận Bình Thạnh,TPHCM,,,,,https://mogi.vn/hb-tower-prj6197,
prj6198,Khu dân cư Lam Sơn Bình Thạnh,### Dự án tại TPHCM,Quận Bình Thạnh,TPHCM,,,,,https://mogi.vn/khu-dan-cu-lam-son-binh-thanh-prj6198,
prj6200,Suối Tiên Complex,,Quận Bình Thạnh,TPHCM,,,,,https://mogi.vn/suoi-tien-complex-prj6200,
prj6201,Masteri Thanh Đa Peninsula,Masterise Homes,Quận Bình Thạnh,TPHCM,,,,,https://mogi.vn/masteri-thanh-da-peninsula-prj6201,
prj6202,La Maison De Cần Giờ,### Dự án tại TPHCM,Huyện Cần Giờ,TPHCM,,,,,https://mogi.vn/la-maison-de-can-gio-prj6202,
prj6203,Vinhomes Long Beach Cần Giờ,Tập Đoàn Vingroup - Công ty CP,Huyện Cần Giờ,TPHCM,,,,Đang bán,https://mogi.vn/vinhomes-long-beach-can-gio-prj6203,https://mogi.vn/ho-chi-minh/huyen-can-gio/mua-nha-dat/vinhomes-long-beach-can-gio-prj6203
prj6204,Biệt thự vườn sinh thái Củ Chi,CÔNG TY TNHH SẢN XUẤT - THƯƠNG MẠI TIẾN LỘC,Huyện Củ Chi,TPHCM,,,,,https://mogi.vn/biet-thu-vuon-sinh-thai-cu-chi-prj6204,
prj6205,Vinpearl Golf Léman,C.T Group,Huyện Củ Chi,TPHCM,,,,,https://mogi.vn/vinpearl-golf-leman-prj6205,
prj6206,Khu đô thị Bến Thành Tây Bắc,,Huyện Củ Chi,TPHCM,,,,,https://mogi.vn/khu-do-thi-ben-thanh-tay-bac-prj6206,
prj6208,Thiên Phúc Garden,,Huyện Củ Chi,TPHCM,,,,,https://mogi.vn/thien-phuc-garden-prj6208,
prj6210,Thành Nam Dragon,,Huyện Củ Chi,TPHCM,,,,,https://mogi.vn/thanh-nam-dragon-prj6210,
prj6211,Bình Mỹ Center,Công Ty TNHH SX-TM Lan Phương,Huyện Củ Chi,TPHCM,,Từ 1 tỷ 264 triệu,15 - 29 triệu/m2,,https://mogi.vn/binh-my-center-prj6211,
prj6212,Diamond City Củ Chi,,Huyện Củ Chi,TPHCM,,,,,https://mogi.vn/diamond-city-cu-chi-prj6212,
prj6213,Diamond King,,Huyện Củ Chi,TPHCM,,,,,https://mogi.vn/diamond-king-prj6213,
prj6214,Phoenix City,,Huyện Củ Chi,TPHCM,,,,,https://mogi.vn/phoenix-city-prj6214,
prj6215,Khu dân cư Tân Hiệp 2,,Huyện Củ Chi,TPHCM,,,,,https://mogi.vn/khu-dan-cu-tan-hiep-2-prj6215,
prj6216,Bình Mỹ River Point,,Huyện Củ Chi,TPHCM,,,,,https://mogi.vn/binh-my-river-point-prj6216,
prj6217,Khu dân cư Tân Thạnh Đông,Công ty Cổ Phần ĐT - XD - DV Bất Động Sản Thiên Đức,Huyện Củ Chi,TPHCM,,,,,https://mogi.vn/khu-dan-cu-tan-thanh-dong-prj6217,
prj6218,KDC New City,,Huyện Củ Chi,TPHCM,,,,Cho thuê,https://mogi.vn/kdc-new-city-prj6218,https://mogi.vn/ho-chi-minh/huyen-cu-chi/thue-nha-dat/kdc-new-city-prj6218
prj6219,Osaka Garden 3,,Huyện Củ Chi,TPHCM,,,,,https://mogi.vn/osaka-garden-3-prj6219,
prj6220,Hòa Phú Town,,Huyện Củ Chi,TPHCM,,,,,https://mogi.vn/hoa-phu-town-prj6220,
prj6221,Sài Gòn Riverside Villas,,Huyện Củ Chi,TPHCM,,,,,https://mogi.vn/sai-gon-riverside-villas-prj6221,
prj6222,Khu dân cư Kim Cương,,Huyện Củ Chi,TPHCM,,,,Cho thuê,https://mogi.vn/khu-dan-cu-kim-cuong-prj6222,https://mogi.vn/ho-chi-minh/huyen-cu-chi/thue-nha-dat/khu-dan-cu-kim-cuong-prj6222
prj6223,Khu dân cư Green City 1,,Huyện Củ Chi,TPHCM,,,,,https://mogi.vn/khu-dan-cu-green-city-1-prj6223,
prj6224,Khu dân cư Shintoshi Mizu,,Huyện Củ Chi,TPHCM,,,,,https://mogi.vn/khu-dan-cu-shintoshi-mizu-prj6224,
prj6225,Khu dân cư Vạn Đạt Củ Chi,,Huyện Củ Chi,TPHCM,,,,,https://mogi.vn/khu-dan-cu-van-dat-cu-chi-prj6225,
prj6226,Bình Mỹ Residence,,Huyện Củ Chi,TPHCM,,,,,https://mogi.vn/binh-my-residence-prj6226,
prj6227,Future Center,### Dự án tại TPHCM,Huyện Củ Chi,TPHCM,,,,,https://mogi.vn/future-center-prj6227,
prj6229,Cuchi Grand City,,Huyện Củ Chi,TPHCM,,,,,https://mogi.vn/cuchi-grand-city-prj6229,
prj6231,The Green Town Củ Chi,,Huyện Củ Chi,TPHCM,,,,,https://mogi.vn/the-green-town-cu-chi-prj6231,
prj6232,Era Park,,Huyện Củ Chi,TPHCM,,,,,https://mogi.vn/era-park-prj6232,
prj6233,Osaka Garden 5,,Huyện Củ Chi,TPHCM,,,,,https://mogi.vn/osaka-garden-5-prj6233,
prj6234,Metro City,,Huyện Củ Chi,TPHCM,,,,,https://mogi.vn/metro-city-prj6234,
prj6235,Vincity Củ Chi,,Huyện Củ Chi,TPHCM,,,,,https://mogi.vn/vincity-cu-chi-prj6235,
prj6236,Osaka Garden 1,,Huyện Củ Chi,TPHCM,,,,,https://mogi.vn/osaka-garden-1-prj6236,
prj6237,The Residence 2,,Huyện Củ Chi,TPHCM,,,,,https://mogi.vn/the-residence-2-prj6237,
prj6238,Osaka Garden 2,,Huyện Củ Chi,TPHCM,,,,,https://mogi.vn/osaka-garden-2-prj6238,
prj6239,Sun City,,Huyện Củ Chi,TPHCM,,,,,https://mogi.vn/sun-city-prj6239,
prj6240,Dream Village,,Huyện Củ Chi,TPHCM,,,,,https://mogi.vn/dream-village-prj6240,
prj6241,Bình Mỹ Garden,,Huyện Củ Chi,TPHCM,,,,,https://mogi.vn/binh-my-garden-prj6241,
prj6242,Khu dân cư Phước Thạnh,,Huyện Củ Chi,TPHCM,,,,,https://mogi.vn/khu-dan-cu-phuoc-thanh-prj6242,
prj6243,Vista Riverside Củ Chi,,Huyện Củ Chi,TPHCM,,,,,https://mogi.vn/vista-riverside-cu-chi-prj6243,
prj6244,Hoà Phú Green City,,Huyện Củ Chi,TPHCM,,,,,https://mogi.vn/hoa-phu-green-city-prj6244,
prj6245,The Residence 3,,Huyện Củ Chi,TPHCM,,,,,https://mogi.vn/the-residence-3-prj6245,
prj6246,River Town,,Huyện Củ Chi,TPHCM,,,,,https://mogi.vn/river-town-prj6246,
prj6247,Phim trường HTV,,Huyện Củ Chi,TPHCM,,,,,https://mogi.vn/phim-truong-htv-prj6247,
prj6248,Golden City Củ Chi,,Huyện Củ Chi,TPHCM,,Từ 320 triệu,16 - 16 triệu/m2,,https://mogi.vn/golden-city-cu-chi-prj6248,
prj6249,Thịnh Vượng 2 Residence,### Dự án tại TPHCM,Huyện Củ Chi,TPHCM,,,,,https://mogi.vn/thinh-vuong-2-residence-prj6249,
prj6250,Happy Residence Củ Chi,,Huyện Củ Chi,TPHCM,,,,,https://mogi.vn/happy-residence-cu-chi-prj6250,
prj6251,Sài Gòn Eco Town,,Huyện Củ Chi,TPHCM,,,,,https://mogi.vn/sai-gon-eco-town-prj6251,
prj6252,Bonito Residence,,Huyện Củ Chi,TPHCM,,Từ 1 tỷ 182 triệu,11 - 23 triệu/m2,,https://mogi.vn/bonito-residence-prj6252,
prj6254,Khu dân cư Nature Home,### Dự án tại TPHCM,Huyện Củ Chi,TPHCM,,,,,https://mogi.vn/khu-dan-cu-nature-home-prj6254,
prj6255,Tiên Phong Residence 9,,Huyện Củ Chi,TPHCM,,,,,https://mogi.vn/tien-phong-residence-9-prj6255,
prj6256,An Phúc Garden,Công ty Cổ phần Địa ốc Xây Dựng và Đầu Tư Nam Phong,Huyện Củ Chi,TPHCM,,Từ 1 tỷ 600 triệu,20 - 25 triệu/m2,,https://mogi.vn/an-phuc-garden-prj6256,
prj6257,Saigon Western City,,Huyện Củ Chi,TPHCM,,,,,https://mogi.vn/saigon-western-city-prj6257,
prj6258,Sài Gòn Star City 2,,Huyện Củ Chi,TPHCM,,,,,https://mogi.vn/sai-gon-star-city-2-prj6258,
prj6259,Golden Valley City,,Huyện Củ Chi,TPHCM,,,,,https://mogi.vn/golden-valley-city-prj6259,
prj6260,Khu dân cư Nam An City,,Huyện Củ Chi,TPHCM,,,,,https://mogi.vn/khu-dan-cu-nam-an-city-prj6260,
prj6261,Tân Quy Town,,Huyện Củ Chi,TPHCM,,,,,https://mogi.vn/tan-quy-town-prj6261,
prj6262,Hải Đăng Center 4,,Huyện Củ Chi,TPHCM,,,,,https://mogi.vn/hai-dang-center-4-prj6262,
prj6263,Khu đô thị Việt Phúc Samco,,Huyện Củ Chi,TPHCM,,,,,https://mogi.vn/khu-do-thi-viet-phuc-samco-prj6263,
prj6264,Shome Tây Bắc,### Dự án tại TPHCM,Huyện Củ Chi,TPHCM,,,,,https://mogi.vn/shome-tay-bac-prj6264,
prj6265,Khu dân cư Xuyên Á Garden,,Huyện Củ Chi,TPHCM,,,,,https://mogi.vn/khu-dan-cu-xuyen-a-garden-prj6265,
prj6266,Khu dân cư Young Family,,Huyện Củ Chi,TPHCM,,,,,https://mogi.vn/khu-dan-cu-young-family-prj6266,
prj6267,Khu dân cư BTF Water Park View,,Huyện Củ Chi,TPHCM,,,,,https://mogi.vn/khu-dan-cu-btf-water-park-view-prj6267,
prj6274,Unik Home,,Quận Gò Vấp,TPHCM,,,,,https://mogi.vn/unik-home-prj6274,
prj6275,Chung cư Z751 Hà Đô,Tập đoàn Hà Đô,Quận Gò Vấp,TPHCM,,,,Cho thuê,https://mogi.vn/chung-cu-z751-ha-do-prj6275,https://mogi.vn/ho-chi-minh/quan-go-vap/thue-nha-dat/chung-cu-z751-ha-do-prj6275
prj6276,Easy Home Tân Mai,,Quận Gò Vấp,TPHCM,,,,,https://mogi.vn/easy-home-tan-mai-prj6276,
prj6277,Văn Lang Residence,,Quận Gò Vấp,TPHCM,,,,,https://mogi.vn/van-lang-residence-prj6277,
prj6278,Felix Homes,Tổng Công Ty Xây Dựng Số 1,Quận Gò Vấp,TPHCM,,Từ 1 tỷ 729 triệu,32 - 45 triệu/m2,Cho thuê,https://mogi.vn/felix-homes-prj6278,https://mogi.vn/ho-chi-minh/quan-go-vap/thue-nha-dat/felix-homes-prj6278
prj6279,D-one Sài Gòn,,Quận Gò Vấp,TPHCM,,,,,https://mogi.vn/d-one-sai-gon-prj6279,
prj6280,Chung cư Mường Thanh Gò Vấp,,Quận Gò Vấp,TPHCM,,,,,https://mogi.vn/chung-cu-muong-thanh-go-vap-prj6280,
prj6281,Victory Tower Gò Vấp,,Quận Gò Vấp,TPHCM,,,,Đang bán,https://mogi.vn/victory-tower-go-vap-prj6281,https://mogi.vn/ho-chi-minh/quan-go-vap/mua-nha-dat/victory-tower-go-vap-prj6281
prj6282,HQC Hóc Môn,,Huyện Hóc Môn,TPHCM,,,,,https://mogi.vn/hqc-hoc-mon-prj6282,
prj6283,Đạt Gia Garden,,Huyện Hóc Môn,TPHCM,,Từ 5 tỷ 688 triệu,29 - 85 triệu/m2,,https://mogi.vn/dat-gia-garden-prj6283,
prj6284,Metro Garden,,Huyện Hóc Môn,TPHCM,,,,,https://mogi.vn/metro-garden-prj6284,
prj6285,Bà Điểm Center,,Huyện Hóc Môn,TPHCM,,,,,https://mogi.vn/ba-diem-center-prj6285,
prj6287,9X An Sương,Tập đoàn Hưng Thịnh,Huyện Hóc Môn,TPHCM,,Từ 1 tỷ 77 triệu,29 - 36 triệu/m2,,https://mogi.vn/9x-an-suong-prj6287,
prj6288,Grand Sentosa Nhà Bè,### Dự án tại TPHCM,Huyện Nhà Bè,TPHCM,,,,,https://mogi.vn/grand-sentosa-nha-be-prj6288,
prj6289,Dragon Hill Residence and Suites 2,Công ty Cổ phần Địa ốc Phú Long,Huyện Nhà Bè,TPHCM,,,,Đang bán,https://mogi.vn/dragon-hill-residence-and-suites-2-prj6289,https://mogi.vn/ho-chi-minh/huyen-nha-be/mua-nha-dat/dragon-hill-residence-and-suites-2-prj6289
prj6290,Dragon Parc,,Huyện Nhà Bè,TPHCM,,Từ 23 tỷ 542 triệu,84 - 119 triệu/m2,,https://mogi.vn/dragon-parc-prj6290,
prj6291,KDC Phú Xuân Cảng Sài Gòn,,Huyện Nhà Bè,TPHCM,,,,,https://mogi.vn/kdc-phu-xuan-cang-sai-gon-prj6291,
prj6292,Zeitgeist City,,Huyện Nhà Bè,TPHCM,,Từ 13 tỷ 294 triệu,113 - 179 triệu/m2,Cho thuê,https://mogi.vn/zeitgeist-city-prj6292,https://mogi.vn/ho-chi-minh/huyen-nha-be/thue-nha-dat/zeitgeist-city-prj6292
prj6293,Garden Riverside Villas,,Huyện Nhà Bè,TPHCM,,,,,https://mogi.vn/garden-riverside-villas-prj6293,
prj6294,Dragon Parc 2,Công ty Cổ phần Địa ốc Phú Long,Huyện Nhà Bè,TPHCM,,,,,https://mogi.vn/dragon-parc-2-prj6294,
prj6295,Green Riverside,,Huyện Nhà Bè,TPHCM,,Từ 2 tỷ 800 triệu,35 - 122 triệu/m2,,https://mogi.vn/green-riverside-prj6295,
prj6296,Khu dân cư Thanh Quế,,Huyện Nhà Bè,TPHCM,,,,,https://mogi.vn/khu-dan-cu-thanh-que-prj6296,
prj6297,KDC Nguyễn Bình,,Huyện Nhà Bè,TPHCM,,Từ 3 tỷ 54 triệu,38 - 69 triệu/m2,,https://mogi.vn/kdc-nguyen-binh-prj6297,
prj6298,Orchid Park,,Huyện Nhà Bè,TPHCM,,,,Đang bán,https://mogi.vn/orchid-park-prj6298,https://mogi.vn/ho-chi-minh/huyen-nha-be/mua-nha-dat/orchid-park-prj6298
prj6299,Nhà Bè Riverside,,Huyện Nhà Bè,TPHCM,,,,Đang bán,https://mogi.vn/nha-be-riverside-prj6299,https://mogi.vn/ho-chi-minh/huyen-nha-be/mua-nha-dat/nha-be-riverside-prj6299
prj6300,Lavila De Rio,,Huyện Nhà Bè,TPHCM,,Từ,109 - 234 triệu/m2,Đang bán,https://mogi.vn/lavila-de-rio-prj6300,https://mogi.vn/ho-chi-minh/huyen-nha-be/mua-nha-dat/lavila-de-rio-prj6300
prj6301,Đào Sư Tích Residence,,Huyện Nhà Bè,TPHCM,,Từ 2 tỷ 480 triệu,31 - 36 triệu/m2,Đang bán; Cho thuê,https://mogi.vn/dao-su-tich-residence-prj6301,https://mogi.vn/ho-chi-minh/huyen-nha-be/mua-nha-dat/dao-su-tich-residence-prj6301; https://mogi.vn/ho-chi-minh/huyen-nha-be/thue-nha-dat/dao-su-tich-residence-prj6301
prj6302,Nhà phố phức hợp Pax Residence,### Dự án tại TPHCM,Huyện Nhà Bè,TPHCM,,,,,https://mogi.vn/nha-pho-phuc-hop-pax-residence-prj6302,
prj6303,Phú Xuân Riverside,,Huyện Nhà Bè,TPHCM,,Từ 3 tỷ 306 triệu,59 - 109 triệu/m2,,https://mogi.vn/phu-xuan-riverside-prj6303,
prj6304,The Sun Residence,,Huyện Nhà Bè,TPHCM,,Từ 3 tỷ 208 triệu,64 - 155 triệu/m2,Đang bán,https://mogi.vn/the-sun-residence-prj6304,https://mogi.vn/ho-chi-minh/huyen-nha-be/mua-nha-dat/the-sun-residence-prj6304
prj6305,Saigon Eco Park,,Huyện Nhà Bè,TPHCM,,,,,https://mogi.vn/saigon-eco-park-prj6305,
prj6306,Gia Long Riverside Nhà Bè,,Huyện Nhà Bè,TPHCM,,Từ 4 tỷ 860 triệu,54 - 69 triệu/m2,,https://mogi.vn/gia-long-riverside-nha-be-prj6306,
prj6307,Khải Hoàn Prime,Khải Hoàn Land,Huyện Nhà Bè,TPHCM,,,,Đang bán,https://mogi.vn/khai-hoan-prime-prj6307,https://mogi.vn/ho-chi-minh/huyen-nha-be/mua-nha-dat/khai-hoan-prime-prj6307
prj6308,Long Savanna,,Huyện Nhà Bè,TPHCM,,,,,https://mogi.vn/long-savanna-prj6308,
prj6309,Celesta Heights,,Huyện Nhà Bè,TPHCM,,,,Cho thuê,https://mogi.vn/celesta-heights-prj6309,https://mogi.vn/ho-chi-minh/huyen-nha-be/thue-nha-dat/celesta-heights-prj6309
prj6310,Amelie Villa Phú Mỹ Hưng,Công ty TNHH Phát Triển Phú Mỹ Hưng,Huyện Nhà Bè,TPHCM,,Từ 16 tỷ 400 triệu,82 - 170 triệu/m2,Đang bán,https://mogi.vn/amelie-villa-phu-my-hung-prj6310,https://mogi.vn/ho-chi-minh/huyen-nha-be/mua-nha-dat/amelie-villa-phu-my-hung-prj6310
prj6311,Khu nhà ở 28ha Nhơn Đức,,Huyện Nhà Bè,TPHCM,,Từ,18 - 44 triệu/m2,,https://mogi.vn/khu-nha-o-28ha-nhon-duc-prj6311,
prj6312,Celesta Avenue,,Huyện Nhà Bè,TPHCM,,,,,https://mogi.vn/celesta-avenue-prj6312,
prj6313,Essensia Nam Sài Gòn,Công ty Cổ phần Địa ốc Phú Long,Huyện Nhà Bè,TPHCM,,Từ 4 tỷ 680 triệu,65 - 82 triệu/m2,Đang bán,https://mogi.vn/essensia-nam-sai-gon-prj6313,https://mogi.vn/ho-chi-minh/huyen-nha-be/mua-nha-dat/essensia-nam-sai-gon-prj6313
prj6318,Gia Thy Building,,Quận Phú Nhuận,TPHCM,,,,,https://mogi.vn/gia-thy-building-prj6318,
prj6319,VMG Building,,Quận Phú Nhuận,TPHCM,,,,Cho thuê,https://mogi.vn/vmg-building-prj6319,https://mogi.vn/ho-chi-minh/quan-phu-nhuan/thue-nha-dat/vmg-building-prj6319
prj6323,Charmington Tân Sơn Nhất,,Quận Phú Nhuận,TPHCM,,,,,https://mogi.vn/charmington-tan-son-nhat-prj6323,
prj6324,Central Officetel,,Quận Phú Nhuận,TPHCM,,Từ 1 tỷ 300 triệu,52 - 65 triệu/m2,,https://mogi.vn/central-officetel-prj6324,
prj6326,The Useful Apartment,,Quận Tân Bình,TPHCM,,Từ 1 tỷ 682 triệu,29 - 41 triệu/m2,Đang bán,https://mogi.vn/the-useful-apartment-prj6326,https://mogi.vn/ho-chi-minh/quan-tan-binh/mua-nha-dat/the-useful-apartment-prj6326
prj6327,TPA Building,,Quận Tân Bình,TPHCM,,,,,https://mogi.vn/tpa-building-prj6327,
prj6329,Hà Đô Airport Building,Công ty Cổ phần Tập đoàn Hà Đô,Quận Tân Bình,TPHCM,,,,,https://mogi.vn/ha-do-airport-building-prj6329,
prj6331,Tây Nam Building,,Quận Tân Bình,TPHCM,,,,,https://mogi.vn/tay-nam-building-prj6331,
prj6332,Diyas Sky,,Quận Tân Bình,TPHCM,,Từ 725 triệu 760 nghìn,26 - 31 triệu/m2,Cho thuê,https://mogi.vn/diyas-sky-prj6332,https://mogi.vn/ho-chi-minh/quan-tan-binh/thue-nha-dat/diyas-sky-prj6332
prj6334,Melody Residences,Tập đoàn Hưng Thịnh,Quận Tân Phú,TPHCM,,Từ 2 tỷ 640 triệu,40 - 50 triệu/m2,Đang bán,https://mogi.vn/melody-residences-prj6334,https://mogi.vn/ho-chi-minh/quan-tan-phu/mua-nha-dat/melody-residences-prj6334
prj6335,Carillon 6,,Quận Tân Phú,TPHCM,,,,Cho thuê,https://mogi.vn/carillon-6-prj6335,https://mogi.vn/ho-chi-minh/quan-tan-phu/thue-nha-dat/carillon-6-prj6335
prj6336,Green Lotus Resident,,Quận Tân Phú,TPHCM,,,,,https://mogi.vn/green-lotus-resident-prj6336,
prj6339,Ruby Boutique Residence,,Quận Tân Phú,TPHCM,,Từ 7 tỷ 616 triệu,136 - 205 triệu/m2,Đang bán,https://mogi.vn/ruby-boutique-residence-prj6339,https://mogi.vn/ho-chi-minh/quan-tan-phu/mua-nha-dat/ruby-boutique-residence-prj6339
prj6340,Tân Phú Center City,,Quận Tân Phú,TPHCM,,Từ 2 tỷ 200 triệu,44 - 56 triệu/m2,,https://mogi.vn/tan-phu-center-city-prj6340,
prj6341,Diamond Centery,CÔNG TY CỔ PHẦN GAMUDA LAND VIỆT NAM,Quận Tân Phú,TPHCM,,Từ 4 tỷ 819 triệu,61 - 80 triệu/m2,Cho thuê,https://mogi.vn/diamond-centery-prj6341,https://mogi.vn/ho-chi-minh/quan-tan-phu/thue-nha-dat/diamond-centery-prj6341
prj6342,Versatile Home,,Quận Tân Phú,TPHCM,,Từ 9 tỷ 375 triệu,125 - 190 triệu/m2,Đang bán,https://mogi.vn/versatile-home-prj6342,https://mogi.vn/ho-chi-minh/quan-tan-phu/mua-nha-dat/versatile-home-prj6342
prj6343,OfficeHaus,,Quận Tân Phú,TPHCM,,,,,https://mogi.vn/officehaus-prj6343,
prj6344,The Glen - Celadon City,,Quận Tân Phú,TPHCM,,Từ 24 tỷ 900 triệu,83 - 99 triệu/m2,Đang bán,https://mogi.vn/the-glen-celadon-city-prj6344,https://mogi.vn/ho-chi-minh/quan-tan-phu/mua-nha-dat/the-glen-celadon-city-prj6344
prj6345,The Sun City Lan Phương,,Quận Thủ Đức (TP. Thủ Đức),TPHCM,,Từ 2 tỷ 950 triệu,59 - 80 triệu/m2,,https://mogi.vn/the-sun-city-lan-phuong-prj6345,
prj6346,The Sun City Riverview,,Quận Thủ Đức (TP. Thủ Đức),TPHCM,,,,,https://mogi.vn/the-sun-city-riverview-prj6346,
prj6347,Bình Chiểu Riverside City,,Quận Thủ Đức (TP. Thủ Đức),TPHCM,,,,,https://mogi.vn/binh-chieu-riverside-city-prj6347,
prj6348,Spring House,,Quận Thủ Đức (TP. Thủ Đức),TPHCM,,,,,https://mogi.vn/spring-house-prj6348,
prj6349,Opal Tower,,Quận Thủ Đức (TP. Thủ Đức),TPHCM,,,,Đang bán,https://mogi.vn/opal-tower-prj6349,https://mogi.vn/ho-chi-minh/quan-thu-duc/mua-nha-dat/opal-tower-prj6349
prj6350,TĐV Tam Phú,### Dự án tại TPHCM,Quận Thủ Đức (TP. Thủ Đức),TPHCM,,,,,https://mogi.vn/tdv-tam-phu-prj6350,
prj6351,TĐV Linh Đông,,Quận Thủ Đức (TP. Thủ Đức),TPHCM,,,,,https://mogi.vn/tdv-linh-dong-prj6351,
prj6352,Phú Đông 2,,Quận Thủ Đức (TP. Thủ Đức),TPHCM,,Từ 3 tỷ 120 triệu,60 - 80 triệu/m2,Đang bán,https://mogi.vn/phu-dong-2-prj6352,https://mogi.vn/ho-chi-minh/quan-thu-duc/mua-nha-dat/phu-dong-2-prj6352
prj6354,KDC Nhà Việt,,Quận Thủ Đức (TP. Thủ Đức),TPHCM,,,,,https://mogi.vn/kdc-nha-viet-prj6354,
prj6355,Đồng Khởi Land,,Quận Thủ Đức (TP. Thủ Đức),TPHCM,,,,,https://mogi.vn/dong-khoi-land-prj6355,
prj6357,Vạn Xuân Tam Bình,,Quận Thủ Đức (TP. Thủ Đức),TPHCM,,,,,https://mogi.vn/van-xuan-tam-binh-prj6357,
prj6358,Thủ Đức Riverside,,Quận Thủ Đức (TP. Thủ Đức),TPHCM,,Từ 1 tỷ 152 triệu,24 - 25 triệu/m2,,https://mogi.vn/thu-duc-riverside-prj6358,
prj6359,Dream Home 2,,Quận Thủ Đức (TP. Thủ Đức),TPHCM,,Từ 2 tỷ 910 triệu,19 - 23 triệu/m2,,https://mogi.vn/dream-home-2-prj6359,
prj6360,Stown Thủ Đức,,Quận Thủ Đức (TP. Thủ Đức),TPHCM,,Từ 1 tỷ 573 triệu,26 - 38 triệu/m2,Đang bán,https://mogi.vn/stown-thu-duc-prj6360,https://mogi.vn/ho-chi-minh/quan-thu-duc/mua-nha-dat/stown-thu-duc-prj6360
prj6361,Sài Gòn Riverside City,,Quận Thủ Đức (TP. Thủ Đức),TPHCM,,,,,https://mogi.vn/sai-gon-riverside-city-prj6361,
prj6362,Khu dân cư Đức Linh 8,,Quận Thủ Đức (TP. Thủ Đức),TPHCM,,,,,https://mogi.vn/khu-dan-cu-duc-linh-8-prj6362,
prj6363,Khu nhà ở Sài Gòn Hoàng Anh,,Quận Thủ Đức (TP. Thủ Đức),TPHCM,,,,,https://mogi.vn/khu-nha-o-sai-gon-hoang-anh-prj6363,
prj6364,Vietnam House Tower,,Quận Thủ Đức (TP. Thủ Đức),TPHCM,,,,,https://mogi.vn/vietnam-house-tower-prj6364,
prj6365,Thủ Đức Central Park,,Quận Thủ Đức (TP. Thủ Đức),TPHCM,,,,,https://mogi.vn/thu-duc-central-park-prj6365,
prj6366,Smart City Thủ Đức,### Dự án tại TPHCM,Quận Thủ Đức (TP. Thủ Đức),TPHCM,,,,,https://mogi.vn/smart-city-thu-duc-prj6366,
prj6367,Harina View,,Quận Thủ Đức (TP. Thủ Đức),TPHCM,,,,,https://mogi.vn/harina-view-prj6367,
prj6368,Khu dân cư Đức Linh 11,,Quận Thủ Đức (TP. Thủ Đức),TPHCM,,,,,https://mogi.vn/khu-dan-cu-duc-linh-11-prj6368,
prj6369,Đức Linh Center,,Quận Thủ Đức (TP. Thủ Đức),TPHCM,,,,,https://mogi.vn/duc-linh-center-prj6369,
prj6370,An Dân Residence,,Quận Thủ Đức (TP. Thủ Đức),TPHCM,,,,,https://mogi.vn/an-dan-residence-prj6370,
prj6371,Linh Xuân City Square,,Quận Thủ Đức (TP. Thủ Đức),TPHCM,,,,,https://mogi.vn/linh-xuan-city-square-prj6371,
prj6372,Khu dân cư Apec City Center,### Dự án tại TPHCM,Quận Thủ Đức (TP. Thủ Đức),TPHCM,,,,,https://mogi.vn/khu-dan-cu-apec-city-center-prj6372,
prj6373,Tam Bình Riverside,,Quận Thủ Đức (TP. Thủ Đức),TPHCM,,,,,https://mogi.vn/tam-binh-riverside-prj6373,
prj6374,Đức Linh Green,,Quận Thủ Đức (TP. Thủ Đức),TPHCM,,,,,https://mogi.vn/duc-linh-green-prj6374,
prj6375,Khu dân cư D-Village,,Quận Thủ Đức (TP. Thủ Đức),TPHCM,,,,,https://mogi.vn/khu-dan-cu-d-village-prj6375,
prj6376,Khu dân cư Bình Chiểu Golden,,Quận Thủ Đức (TP. Thủ Đức),TPHCM,,,,,https://mogi.vn/khu-dan-cu-binh-chieu-golden-prj6376,
prj6377,Tòa nhà IOS Phạm Văn Đồng,,Quận Thủ Đức (TP. Thủ Đức),TPHCM,,,,Đang bán,https://mogi.vn/toa-nha-ios-pham-van-dong-prj6377,https://mogi.vn/ho-chi-minh/quan-thu-duc/mua-nha-dat/toa-nha-ios-pham-van-dong-prj6377
prj6378,Centerhome Riverside,,Quận Thủ Đức (TP. Thủ Đức),TPHCM,,Từ 3 tỷ 975 triệu,66 - 205 triệu/m2,,https://mogi.vn/centerhome-riverside-prj6378,
prj6380,Urban Green,Kusto Home,Quận Thủ Đức (TP. Thủ Đức),TPHCM,,Từ 2 tỷ 443 triệu,48 - 73 triệu/m2,Đang bán,https://mogi.vn/urban-green-prj6380,https://mogi.vn/ho-chi-minh/quan-thu-duc/mua-nha-dat/urban-green-prj6380
prj6381,Happy One Linh Xuân,,Quận Thủ Đức (TP. Thủ Đức),TPHCM,,Từ 1 tỷ 320 triệu,33 - 34 triệu/m2,Đang bán,https://mogi.vn/happy-one-linh-xuan-prj6381,https://mogi.vn/ho-chi-minh/quan-thu-duc/mua-nha-dat/happy-one-linh-xuan-prj6381
prj6382,Saigon Quays,,Quận Thủ Đức (TP. Thủ Đức),TPHCM,,,,,https://mogi.vn/saigon-quays-prj6382,
prj6383,Moonlight Avenue,,Quận Thủ Đức (TP. Thủ Đức),TPHCM,,Từ 2 tỷ 312 triệu,68 - 77 triệu/m2,,https://mogi.vn/moonlight-avenue-prj6383,
prj6384,Avatar Thủ Đức,,Quận Thủ Đức (TP. Thủ Đức),TPHCM,,Từ 2 tỷ 65 triệu,59 - 68 triệu/m2,,https://mogi.vn/avatar-thu-duc-prj6384,
prj6385,Diamond Valley Vạn Phúc,,Quận Thủ Đức (TP. Thủ Đức),TPHCM,,,,,https://mogi.vn/diamond-valley-van-phuc-prj6385,
prj9499,The Prive',CÔNG TY CỔ PHẦN TẬP ĐOÀN ĐẤT XANH,Quận 2 (TP. Thủ Đức),TPHCM,2027,Từ 4 tỷ 851 triệu,99 - 130 triệu/m2,Đang bán,https://mogi.vn/the-prive-prj9499,https://mogi.vn/ho-chi-minh/quan-2/mua-nha-dat/the-prive-prj9499
prj9501,Gladia Khang Điền,,Quận 2 (TP. Thủ Đức),TPHCM,,,,Đang bán,https://mogi.vn/gladia-khang-dien-prj9501,https://mogi.vn/ho-chi-minh/quan-2/mua-nha-dat/gladia-khang-dien-prj9501
prj9509,The Sculptura Phú Mỹ Hưng,,Quận 7,TPHCM,,,,,https://mogi.vn/the-sculptura-phu-my-hung-prj9509,
